Difficulty,Title,Frequency,Acceptance Rate,Link,Topics
EASY,Two Sum,100.0,0.5793,https://leetcode.com/problems/two-sum,"Array, Hash Table"
MEDIUM,LRU Cache,88.5,0.4811,https://leetcode.com/problems/lru-cache,"Hash Table, Linked List, Design, Doubly-Linked List"
HARD,Trapping Rain Water,88.0,0.6828,https://leetcode.com/problems/trapping-rain-water,"Array, Two Pointers, Dynamic Programming, Stack, Monotonic Stack"
MEDIUM,Number of Islands,87.5,0.6519,https://leetcode.com/problems/number-of-islands,"Array, Depth-First Search, Breadth-First Search, Union-Find, Matrix"
EASY,Best Time to Buy and Sell Stock,87.5,0.5744,https://leetcode.com/problems/best-time-to-buy-and-sell-stock,"Array, Dynamic Programming"
MEDIUM,Longest Substring Without Repeating Characters,87.5,0.3988,https://leetcode.com/problems/longest-substring-without-repeating-characters,"Hash Table, String, Sliding Window"
MEDIUM,Group Anagrams,80.6,0.7333,https://leetcode.com/problems/group-anagrams,"Array, Hash Table, String, Sorting"
MEDIUM,Add Two Numbers,79.7,0.4941,https://leetcode.com/problems/add-two-numbers,"Linked List, Math, Recursion"
MEDIUM,Longest Palindromic Substring,78.5,0.3873,https://leetcode.com/problems/longest-palindromic-substring,"Two Pointers, String, Dynamic Programming, Manacher"
MEDIUM,3Sum,78.3,0.3994,https://leetcode.com/problems/3sum,"Array, Two Pointers, Sorting"
MEDIUM,Reorganize String,78.3,0.5761,https://leetcode.com/problems/reorganize-string,"Hash Table, String, Greedy, Sorting, Heap (Priority Queue), Counting"
HARD,Median of Two Sorted Arrays,76.8,0.4768,https://leetcode.com/problems/median-of-two-sorted-arrays,"Array, Binary Search, Divide and Conquer"
MEDIUM,Container With Most Water,76.7,0.6090,https://leetcode.com/problems/container-with-most-water,"Array, Two Pointers, Greedy"
MEDIUM,Merge Intervals,76.6,0.5288,https://leetcode.com/problems/merge-intervals,"Array, Sorting, Quicksort"
EASY,Valid Parentheses,75.0,0.4495,https://leetcode.com/problems/valid-parentheses,"String, Stack, Bracket Sequences"
HARD,Word Ladder,75.0,0.4664,https://leetcode.com/problems/word-ladder,"Hash Table, String, Breadth-First Search, Bidirectional Search"
MEDIUM,Rotting Oranges,75.0,0.5949,https://leetcode.com/problems/rotting-oranges,"Array, Breadth-First Search, Matrix"
MEDIUM,Maximum Subarray,75.0,0.5390,https://leetcode.com/problems/maximum-subarray,"Array, Divide and Conquer, Dynamic Programming"
MEDIUM,Search in Rotated Sorted Array,75.0,0.4569,https://leetcode.com/problems/search-in-rotated-sorted-array,"Array, Binary Search"
MEDIUM,Course Schedule,75.0,0.5228,https://leetcode.com/problems/course-schedule,"Depth-First Search, Breadth-First Search, Graph Theory, Topological Sort, Directed Acyclic Graph"
MEDIUM,Lowest Common Ancestor of a Binary Tree,75.0,0.7017,https://leetcode.com/problems/lowest-common-ancestor-of-a-binary-tree,"Tree, Depth-First Search, Binary Tree, Binary Lifting, Lowest Common Ancestor"
MEDIUM,Copy List with Random Pointer,75.0,0.6376,https://leetcode.com/problems/copy-list-with-random-pointer,"Hash Table, Linked List"
MEDIUM,Generate Parentheses,75.0,0.7922,https://leetcode.com/problems/generate-parentheses,"String, Dynamic Programming, Backtracking, Bracket Sequences"
HARD,Merge k Sorted Lists,75.0,0.6061,https://leetcode.com/problems/merge-k-sorted-lists,"Linked List, Divide and Conquer, Heap (Priority Queue), Merge Sort, Tournament Sort"
MEDIUM,Top K Frequent Elements,75.0,0.6742,https://leetcode.com/problems/top-k-frequent-elements,"Array, Hash Table, Divide and Conquer, Sorting, Heap (Priority Queue), Bucket Sort, Counting, Quickselect"
MEDIUM,Subarray Sum Equals K,75.0,0.4823,https://leetcode.com/problems/subarray-sum-equals-k,"Array, Hash Table, Prefix Sum"
MEDIUM,Longest Consecutive Sequence,75.0,0.4725,https://leetcode.com/problems/longest-consecutive-sequence,"Array, Hash Table, Union-Find"
EASY,Longest Common Prefix,75.0,0.4842,https://leetcode.com/problems/longest-common-prefix,"Array, String, Trie"
EASY,Palindrome Number,75.0,0.6099,https://leetcode.com/problems/palindrome-number,Math
EASY,Merge Sorted Array,75.0,0.5578,https://leetcode.com/problems/merge-sorted-array,"Array, Two Pointers, Sorting"
MEDIUM,Koko Eating Bananas,75.0,0.5059,https://leetcode.com/problems/koko-eating-bananas,"Array, Binary Search"
EASY,Majority Element,69.6,0.6652,https://leetcode.com/problems/majority-element,"Array, Hash Table, Divide and Conquer, Sorting, Counting, Boyer–Moore Majority Vote Algorithm"
MEDIUM,Jump Game,67.9,0.4157,https://leetcode.com/problems/jump-game,"Array, Dynamic Programming, Greedy"
MEDIUM,Product of Array Except Self,67.5,0.6930,https://leetcode.com/problems/product-of-array-except-self,"Array, Prefix Sum"
MEDIUM,House Robber,67.3,0.5362,https://leetcode.com/problems/house-robber,"Array, Dynamic Programming"
EASY,Climbing Stairs,67.0,0.5436,https://leetcode.com/problems/climbing-stairs,"Math, Dynamic Programming, Memoization"
MEDIUM,Letter Combinations of a Phone Number,66.9,0.6690,https://leetcode.com/problems/letter-combinations-of-a-phone-number,"Hash Table, String, Backtracking"
EASY,Merge Two Sorted Lists,66.7,0.6892,https://leetcode.com/problems/merge-two-sorted-lists,"Linked List, Recursion"
MEDIUM,Course Schedule II,65.8,0.5631,https://leetcode.com/problems/course-schedule-ii,"Depth-First Search, Breadth-First Search, Graph Theory, Topological Sort"
HARD,Sliding Window Maximum,65.6,0.4928,https://leetcode.com/problems/sliding-window-maximum,"Array, Queue, Sliding Window, Heap (Priority Queue), Monotonic Queue, Range Minimum/Maximum Query"
MEDIUM,Word Search,65.3,0.4819,https://leetcode.com/problems/word-search,"Array, String, Backtracking, Depth-First Search, Matrix"
MEDIUM,Spiral Matrix,65.3,0.5796,https://leetcode.com/problems/spiral-matrix,"Array, Matrix, Simulation"
EASY,Valid Anagram,64.3,0.6869,https://leetcode.com/problems/valid-anagram,"Hash Table, String, Sorting"
MEDIUM,Subsets,64.0,0.8285,https://leetcode.com/problems/subsets,"Array, Backtracking, Bit Manipulation"
EASY,Remove Duplicates from Sorted Array,63.6,0.6384,https://leetcode.com/problems/remove-duplicates-from-sorted-array,"Array, Two Pointers"
MEDIUM,Fruit Into Baskets,63.6,0.5259,https://leetcode.com/problems/fruit-into-baskets,"Array, Hash Table, Sliding Window"
MEDIUM,Rotate Image,63.5,0.8075,https://leetcode.com/problems/rotate-image,"Array, Math, Matrix"
MEDIUM,Next Permutation,63.3,0.4624,https://leetcode.com/problems/next-permutation,"Array, Two Pointers"
MEDIUM,Coin Change,63.1,0.4919,https://leetcode.com/problems/coin-change,"Array, Dynamic Programming, Breadth-First Search, Knapsack Problem, Complete Knapsack"
MEDIUM,Task Scheduler,63.1,0.6390,https://leetcode.com/problems/task-scheduler,"Array, Hash Table, Greedy, Sorting, Heap (Priority Queue), Counting"
HARD,Find Median from Data Stream,63.1,0.5504,https://leetcode.com/problems/find-median-from-data-stream,"Two Pointers, Design, Sorting, Heap (Priority Queue), Data Stream"
MEDIUM,Analyze User Website Visit Pattern,62.6,0.4435,https://leetcode.com/problems/analyze-user-website-visit-pattern,"Array, Hash Table, String, Sorting"
MEDIUM,Meeting Rooms II,62.5,0.5282,https://leetcode.com/problems/meeting-rooms-ii,"Array, Two Pointers, Greedy, Sorting, Heap (Priority Queue), Prefix Sum"
MEDIUM,Word Break,62.5,0.4993,https://leetcode.com/problems/word-break,"Array, Hash Table, String, Dynamic Programming, Trie, Memoization, Brute-Force Search"
EASY,Roman to Integer,62.5,0.6722,https://leetcode.com/problems/roman-to-integer,"Hash Table, Math, String"
HARD,Serialize and Deserialize Binary Tree,62.5,0.6118,https://leetcode.com/problems/serialize-and-deserialize-binary-tree,"String, Tree, Depth-First Search, Breadth-First Search, Design, Binary Tree"
HARD,First Missing Positive,62.5,0.4382,https://leetcode.com/problems/first-missing-positive,"Array, Hash Table"
MEDIUM,Min Stack,62.5,0.5870,https://leetcode.com/problems/min-stack,"Stack, Design"
EASY,Palindrome Linked List,62.5,0.5884,https://leetcode.com/problems/palindrome-linked-list,"Linked List, Two Pointers, Stack, Recursion"
HARD,Reverse Nodes in k-Group,62.5,0.6732,https://leetcode.com/problems/reverse-nodes-in-k-group,"Linked List, Recursion"
MEDIUM,Jump Game II,62.5,0.4356,https://leetcode.com/problems/jump-game-ii,"Array, Dynamic Programming, Greedy"
MEDIUM,Best Time to Buy and Sell Stock II,62.5,0.7168,https://leetcode.com/problems/best-time-to-buy-and-sell-stock-ii,"Array, Dynamic Programming, Greedy"
EASY,Reverse Linked List,62.5,0.8109,https://leetcode.com/problems/reverse-linked-list,"Linked List, Recursion"
HARD,Minimum Window Substring,62.5,0.4855,https://leetcode.com/problems/minimum-window-substring,"Hash Table, String, Sliding Window"
MEDIUM,Binary Tree Right Side View,62.5,0.7128,https://leetcode.com/problems/binary-tree-right-side-view,"Tree, Depth-First Search, Breadth-First Search, Binary Tree"
EASY,Sqrt(x),62.5,0.4232,https://leetcode.com/problems/sqrtx,"Math, Binary Search, Newton's Method"
MEDIUM,Rotate Array,62.5,0.4558,https://leetcode.com/problems/rotate-array,"Array, Math, Two Pointers"
MEDIUM,Unique Paths,62.5,0.6730,https://leetcode.com/problems/unique-paths,"Math, Dynamic Programming, Combinatorics"
MEDIUM,Sort Colors,62.5,0.7025,https://leetcode.com/problems/sort-colors,"Array, Two Pointers, Sorting, Quicksort, Bubble Sort"
EASY,Move Zeroes,62.5,0.6442,https://leetcode.com/problems/move-zeroes,"Array, Two Pointers"
MEDIUM,Find Peak Element,62.5,0.4722,https://leetcode.com/problems/find-peak-element,"Array, Binary Search"
HARD,N-Queens,62.5,0.7653,https://leetcode.com/problems/n-queens,"Array, Backtracking, Algorithm X"
MEDIUM,Valid Sudoku,62.5,0.6515,https://leetcode.com/problems/valid-sudoku,"Array, Hash Table, Matrix"
EASY,Contains Duplicate,62.5,0.6473,https://leetcode.com/problems/contains-duplicate,"Array, Hash Table, Sorting"
MEDIUM,Insert Delete GetRandom O(1),62.5,0.5554,https://leetcode.com/problems/insert-delete-getrandom-o1,"Array, Hash Table, Math, Design, Randomized"
HARD,Binary Tree Maximum Path Sum,62.5,0.4281,https://leetcode.com/problems/binary-tree-maximum-path-sum,"Dynamic Programming, Tree, Depth-First Search, Binary Tree, DP on Trees"
MEDIUM,Kth Largest Element in an Array,62.5,0.6935,https://leetcode.com/problems/kth-largest-element-in-an-array,"Array, Divide and Conquer, Sorting, Heap (Priority Queue), Quickselect"
MEDIUM,Asteroid Collision,62.5,0.4914,https://leetcode.com/problems/asteroid-collision,"Array, Stack, Simulation"
HARD,Largest Rectangle in Histogram,62.5,0.5092,https://leetcode.com/problems/largest-rectangle-in-histogram,"Array, Stack, Monotonic Stack, Range Minimum/Maximum Query"
MEDIUM,Search a 2D Matrix,62.5,0.5435,https://leetcode.com/problems/search-a-2d-matrix,"Array, Binary Search, Matrix"
MEDIUM,Reverse Integer,62.5,0.3257,https://leetcode.com/problems/reverse-integer,Math
MEDIUM,Daily Temperatures,62.5,0.6921,https://leetcode.com/problems/daily-temperatures,"Array, Stack, Monotonic Stack"
MEDIUM,Single Element in a Sorted Array,62.5,0.5943,https://leetcode.com/problems/single-element-in-a-sorted-array,"Array, Binary Search"
HARD,LFU Cache,62.5,0.5033,https://leetcode.com/problems/lfu-cache,"Hash Table, Linked List, Design, Doubly-Linked List"
EASY,Single Number,62.5,0.7835,https://leetcode.com/problems/single-number,"Array, Bit Manipulation"
MEDIUM,4Sum,62.5,0.4176,https://leetcode.com/problems/4sum,"Array, Two Pointers, Sorting"
MEDIUM,Longest Repeating Character Replacement,62.5,0.6073,https://leetcode.com/problems/longest-repeating-character-replacement,"Hash Table, String, Sliding Window"
MEDIUM,Zigzag Conversion,62.5,0.5520,https://leetcode.com/problems/zigzag-conversion,String
EASY,Pascal's Triangle,62.5,0.7941,https://leetcode.com/problems/pascals-triangle,"Array, Dynamic Programming"
MEDIUM,Max Consecutive Ones III,62.5,0.6850,https://leetcode.com/problems/max-consecutive-ones-iii,"Array, Binary Search, Sliding Window, Prefix Sum"
MEDIUM,All Nodes Distance K in Binary Tree,62.5,0.6813,https://leetcode.com/problems/all-nodes-distance-k-in-binary-tree,"Hash Table, Tree, Depth-First Search, Breadth-First Search, Binary Tree"
MEDIUM,Capacity To Ship Packages Within D Days,62.5,0.7472,https://leetcode.com/problems/capacity-to-ship-packages-within-d-days,"Array, Binary Search"
MEDIUM,Find First and Last Position of Element in Sorted Array,62.5,0.4970,https://leetcode.com/problems/find-first-and-last-position-of-element-in-sorted-array,"Array, Binary Search"
EASY,Recyclable and Low Fat Products,62.5,0.8866,https://leetcode.com/problems/recyclable-and-low-fat-products,Database
EASY,Merge Strings Alternately,62.5,0.8215,https://leetcode.com/problems/merge-strings-alternately,"Two Pointers, String"
EASY,Create Hello World Function,62.5,0.8193,https://leetcode.com/problems/create-hello-world-function,
MEDIUM,Identify the Largest Outlier in an Array,62.5,0.3634,https://leetcode.com/problems/identify-the-largest-outlier-in-an-array,"Array, Hash Table, Counting, Enumeration"
MEDIUM,Permutations,56.5,0.8237,https://leetcode.com/problems/permutations,"Array, Backtracking"
EASY,Search Insert Position,56.5,0.5232,https://leetcode.com/problems/search-insert-position,"Array, Binary Search"
EASY,Remove Element,56.5,0.6259,https://leetcode.com/problems/remove-element,"Array, Two Pointers"
MEDIUM,Find the Duplicate Number,55.7,0.6493,https://leetcode.com/problems/find-the-duplicate-number,"Array, Two Pointers, Binary Search, Bit Manipulation, Pigeonhole Principle, Floyd's Cycle Finding Algorithm"
MEDIUM,Binary Tree Zigzag Level Order Traversal,55.5,0.6455,https://leetcode.com/problems/binary-tree-zigzag-level-order-traversal,"Tree, Breadth-First Search, Binary Tree"
MEDIUM,Two Sum II - Input Array Is Sorted,55.5,0.6592,https://leetcode.com/problems/two-sum-ii-input-array-is-sorted,"Array, Two Pointers, Binary Search"
MEDIUM,Set Matrix Zeroes,55.5,0.6366,https://leetcode.com/problems/set-matrix-zeroes,"Array, Hash Table, Matrix"
EASY,First Unique Character in a String,55.2,0.6640,https://leetcode.com/problems/first-unique-character-in-a-string,"Hash Table, String, Queue, Counting"
MEDIUM,String Compression,55.0,0.6084,https://leetcode.com/problems/string-compression,"Two Pointers, String"
EASY,Find the Index of the First Occurrence in a String,55.0,0.4738,https://leetcode.com/problems/find-the-index-of-the-first-occurrence-in-a-string,"Two Pointers, String, String Matching, Z Algorithm, Knuth–Morris–Pratt Algorithm, Boyer–Moore String-Search Algorithm"
EASY,Next Greater Element I,54.7,0.7688,https://leetcode.com/problems/next-greater-element-i,"Array, Hash Table, Stack, Monotonic Stack"
MEDIUM,Binary Tree Level Order Traversal,54.4,0.7353,https://leetcode.com/problems/binary-tree-level-order-traversal,"Tree, Breadth-First Search, Binary Tree"
EASY,Missing Number,54.4,0.7273,https://leetcode.com/problems/missing-number,"Array, Hash Table, Math, Binary Search, Bit Manipulation, Sorting"
MEDIUM,Reorder List,54.1,0.6633,https://leetcode.com/problems/reorder-list,"Linked List, Two Pointers, Stack, Recursion"
MEDIUM,Next Greater Element II,54.1,0.6922,https://leetcode.com/problems/next-greater-element-ii,"Array, Stack, Monotonic Stack"
MEDIUM,Gas Station,53.8,0.4878,https://leetcode.com/problems/gas-station,"Array, Greedy"
MEDIUM,Maximum Product Subarray,53.8,0.3711,https://leetcode.com/problems/maximum-product-subarray,"Array, Dynamic Programming"
MEDIUM,String to Integer (atoi),53.8,0.2180,https://leetcode.com/problems/string-to-integer-atoi,String
HARD,Word Search II,53.6,0.3894,https://leetcode.com/problems/word-search-ii,"Array, String, Backtracking, Trie, Matrix"
MEDIUM,"Pow(x, n)",53.6,0.3938,https://leetcode.com/problems/powx-n,"Math, Recursion"
HARD,Regular Expression Matching,53.6,0.3183,https://leetcode.com/problems/regular-expression-matching,"String, Dynamic Programming, Recursion"
EASY,Valid Palindrome,53.6,0.5437,https://leetcode.com/problems/valid-palindrome,"Two Pointers, String"
HARD,Candy,53.3,0.4930,https://leetcode.com/problems/candy,"Array, Greedy"
MEDIUM,Odd Even Linked List,53.3,0.6280,https://leetcode.com/problems/odd-even-linked-list,Linked List
HARD,Concatenated Words,53.0,0.5000,https://leetcode.com/problems/concatenated-words,"Array, String, Dynamic Programming, Depth-First Search, Trie, Sorting"
EASY,Flood Fill,53.0,0.6896,https://leetcode.com/problems/flood-fill,"Array, Depth-First Search, Breadth-First Search, Matrix"
MEDIUM,Remove Nth Node From End of List,52.7,0.5272,https://leetcode.com/problems/remove-nth-node-from-end-of-list,"Linked List, Two Pointers"
MEDIUM,Edit Distance,52.7,0.6134,https://leetcode.com/problems/edit-distance,"String, Dynamic Programming"
MEDIUM,Combination Sum,52.7,0.7719,https://leetcode.com/problems/combination-sum,"Array, Backtracking"
MEDIUM,Longest Increasing Subsequence,52.7,0.6001,https://leetcode.com/problems/longest-increasing-subsequence,"Array, Binary Search, Dynamic Programming, Longest Increasing Subsequence"
MEDIUM,Validate Binary Search Tree,52.4,0.3639,https://leetcode.com/problems/validate-binary-search-tree,"Tree, Depth-First Search, Binary Search Tree, Binary Tree"
EASY,Diameter of Binary Tree,52.4,0.6629,https://leetcode.com/problems/diameter-of-binary-tree,"Tree, Depth-First Search, Binary Tree, DP on Trees"
HARD,Split Array Largest Sum,52.4,0.6149,https://leetcode.com/problems/split-array-largest-sum,"Array, Binary Search, Dynamic Programming, Greedy, Prefix Sum"
MEDIUM,Integer to Roman,52.4,0.7172,https://leetcode.com/problems/integer-to-roman,"Hash Table, Math, String"
MEDIUM,Partition Equal Subset Sum,52.0,0.5003,https://leetcode.com/problems/partition-equal-subset-sum,"Array, Dynamic Programming, Knapsack Problem, 0-1 Knapsack"
HARD,Basic Calculator,51.7,0.4723,https://leetcode.com/problems/basic-calculator,"Math, String, Stack, Recursion"
MEDIUM,3Sum Closest,51.4,0.4748,https://leetcode.com/problems/3sum-closest,"Array, Two Pointers, Sorting"
EASY,Linked List Cycle,51.4,0.5513,https://leetcode.com/problems/linked-list-cycle,"Hash Table, Linked List, Two Pointers, Floyd's Cycle Finding Algorithm"
EASY,Middle of the Linked List,51.4,0.8243,https://leetcode.com/problems/middle-of-the-linked-list,"Linked List, Two Pointers"
MEDIUM,Largest Number,51.4,0.4385,https://leetcode.com/problems/largest-number,"Array, String, Greedy, Sorting"
EASY,Max Consecutive Ones,51.4,0.6619,https://leetcode.com/problems/max-consecutive-ones,Array
HARD,Maximum Profit in Job Scheduling,51.4,0.5484,https://leetcode.com/problems/maximum-profit-in-job-scheduling,"Array, Binary Search, Dynamic Programming, Sorting"
EASY,Fibonacci Number,51.1,0.7468,https://leetcode.com/problems/fibonacci-number,"Math, Dynamic Programming, Recursion, Memoization"
EASY,Intersection of Two Arrays,51.1,0.7839,https://leetcode.com/problems/intersection-of-two-arrays,"Array, Hash Table, Two Pointers, Binary Search, Sorting"
MEDIUM,Reverse Words in a String,51.1,0.5795,https://leetcode.com/problems/reverse-words-in-a-string,"Two Pointers, String"
EASY,Combine Two Tables,51.1,0.8004,https://leetcode.com/problems/combine-two-tables,Database
MEDIUM,Search a 2D Matrix II,50.7,0.5815,https://leetcode.com/problems/search-a-2d-matrix-ii,"Array, Binary Search, Divide and Conquer, Matrix"
HARD,Word Break II,50.7,0.5627,https://leetcode.com/problems/word-break-ii,"Array, Hash Table, String, Dynamic Programming, Backtracking, Trie, Memoization"
EASY,Happy Number,50.7,0.6032,https://leetcode.com/problems/happy-number,"Hash Table, Math, Two Pointers, Floyd's Cycle Finding Algorithm"
MEDIUM,Number of Provinces,50.7,0.7111,https://leetcode.com/problems/number-of-provinces,"Depth-First Search, Breadth-First Search, Union-Find, Graph Theory"
MEDIUM,Sum of Subarray Minimums,50.7,0.3901,https://leetcode.com/problems/sum-of-subarray-minimums,"Array, Dynamic Programming, Stack, Monotonic Stack"
EASY,Add Binary,50.4,0.5870,https://leetcode.com/problems/add-binary,"Math, String, Bit Manipulation, Simulation"
EASY,Plus One,50.4,0.5066,https://leetcode.com/problems/plus-one,"Array, Math"
MEDIUM,Palindrome Partitioning,50.4,0.7470,https://leetcode.com/problems/palindrome-partitioning,"String, Dynamic Programming, Backtracking"
MEDIUM,K Closest Points to Origin,50.0,0.6942,https://leetcode.com/problems/k-closest-points-to-origin,"Array, Math, Divide and Conquer, Geometry, Sorting, Heap (Priority Queue), Quickselect, K-D Tree"
HARD,Integer to English Words,50.0,0.3525,https://leetcode.com/problems/integer-to-english-words,"Math, String, Recursion"
MEDIUM,Find All Anagrams in a String,50.0,0.5459,https://leetcode.com/problems/find-all-anagrams-in-a-string,"Hash Table, String, Sliding Window"
MEDIUM,Peak Index in a Mountain Array,50.0,0.6664,https://leetcode.com/problems/peak-index-in-a-mountain-array,"Array, Binary Search, Ternary Search"
HARD,Word Ladder II,50.0,0.2813,https://leetcode.com/problems/word-ladder-ii,"Hash Table, String, Backtracking, Breadth-First Search, Bidirectional Search"
MEDIUM,Kth Smallest Element in a BST,50.0,0.7736,https://leetcode.com/problems/kth-smallest-element-in-a-bst,"Tree, Depth-First Search, Binary Search Tree, Binary Tree"
EASY,Symmetric Tree,50.0,0.6206,https://leetcode.com/problems/symmetric-tree,"Tree, Depth-First Search, Breadth-First Search, Binary Tree"
EASY,Intersection of Two Linked Lists,50.0,0.6476,https://leetcode.com/problems/intersection-of-two-linked-lists,"Hash Table, Linked List, Two Pointers"
MEDIUM,Find Minimum in Rotated Sorted Array,50.0,0.5537,https://leetcode.com/problems/find-minimum-in-rotated-sorted-array,"Array, Binary Search"
HARD,Sudoku Solver,50.0,0.6555,https://leetcode.com/problems/sudoku-solver,"Array, Hash Table, Backtracking, Matrix, Algorithm X, Dancing Links"
MEDIUM,Linked List Cycle II,50.0,0.5927,https://leetcode.com/problems/linked-list-cycle-ii,"Hash Table, Linked List, Two Pointers, Floyd's Cycle Finding Algorithm"
MEDIUM,Online Stock Span,50.0,0.6984,https://leetcode.com/problems/online-stock-span,"Stack, Design, Monotonic Stack, Data Stream"
MEDIUM,Minimum Size Subarray Sum,50.0,0.5300,https://leetcode.com/problems/minimum-size-subarray-sum,"Array, Binary Search, Sliding Window, Prefix Sum"
EASY,Same Tree,50.0,0.6804,https://leetcode.com/problems/same-tree,"Tree, Depth-First Search, Breadth-First Search, Binary Tree"
EASY,Maximum Depth of Binary Tree,50.0,0.7865,https://leetcode.com/problems/maximum-depth-of-binary-tree,"Tree, Depth-First Search, Breadth-First Search, Binary Tree"
MEDIUM,Lowest Common Ancestor of a Binary Search Tree,50.0,0.7142,https://leetcode.com/problems/lowest-common-ancestor-of-a-binary-search-tree,"Tree, Depth-First Search, Binary Search Tree, Binary Tree, Binary Lifting, Lowest Common Ancestor"
HARD,Maximal Rectangle,50.0,0.5993,https://leetcode.com/problems/maximal-rectangle,"Array, Dynamic Programming, Stack, Matrix, Monotonic Stack"
MEDIUM,Subsets II,50.0,0.6203,https://leetcode.com/problems/subsets-ii,"Array, Backtracking, Bit Manipulation"
MEDIUM,Search Suggestions System,50.0,0.6524,https://leetcode.com/problems/search-suggestions-system,"Array, String, Binary Search, Trie, Sorting, Heap (Priority Queue)"
MEDIUM,Basic Calculator II,50.0,0.4721,https://leetcode.com/problems/basic-calculator-ii,"Math, String, Stack"
EASY,Binary Search,50.0,0.6140,https://leetcode.com/problems/binary-search,"Array, Binary Search"
MEDIUM,Top K Frequent Words,50.0,0.6064,https://leetcode.com/problems/top-k-frequent-words,"Array, Hash Table, String, Trie, Sorting, Heap (Priority Queue), Bucket Sort, Counting"
MEDIUM,Decode String,50.0,0.6326,https://leetcode.com/problems/decode-string,"String, Stack, Recursion"
MEDIUM,Random Pick with Weight,50.0,0.4927,https://leetcode.com/problems/random-pick-with-weight,"Array, Math, Binary Search, Prefix Sum, Randomized"
HARD,Vertical Order Traversal of a Binary Tree,50.0,0.5477,https://leetcode.com/problems/vertical-order-traversal-of-a-binary-tree,"Hash Table, Tree, Depth-First Search, Breadth-First Search, Sorting, Binary Tree"
MEDIUM,Evaluate Division,50.0,0.6462,https://leetcode.com/problems/evaluate-division,"Array, String, Depth-First Search, Breadth-First Search, Union-Find, Graph Theory, Shortest Path, Bellman–Ford Algorithm, Floyd–Warshall Algorithm"
HARD,Longest Valid Parentheses,50.0,0.3983,https://leetcode.com/problems/longest-valid-parentheses,"String, Dynamic Programming, Stack, Bracket Sequences"
MEDIUM,Time Based Key-Value Store,50.0,0.5022,https://leetcode.com/problems/time-based-key-value-store,"Hash Table, String, Binary Search, Design"
MEDIUM,Simplify Path,50.0,0.5152,https://leetcode.com/problems/simplify-path,"String, Stack"
MEDIUM,Minimum Path Sum,50.0,0.6894,https://leetcode.com/problems/minimum-path-sum,"Array, Dynamic Programming, Matrix"
EASY,Isomorphic Strings,50.0,0.4915,https://leetcode.com/problems/isomorphic-strings,"Hash Table, String"
MEDIUM,Evaluate Reverse Polish Notation,50.0,0.5881,https://leetcode.com/problems/evaluate-reverse-polish-notation,"Array, Math, Stack"
EASY,Reverse String,50.0,0.8137,https://leetcode.com/problems/reverse-string,"Two Pointers, String"
MEDIUM,Maximum Width of Binary Tree,50.0,0.4612,https://leetcode.com/problems/maximum-width-of-binary-tree,"Tree, Depth-First Search, Breadth-First Search, Binary Tree"
MEDIUM,Reverse Linked List II,50.0,0.5247,https://leetcode.com/problems/reverse-linked-list-ii,Linked List
EASY,Balanced Binary Tree,50.0,0.5926,https://leetcode.com/problems/balanced-binary-tree,"Tree, Depth-First Search, Binary Tree"
MEDIUM,Count Primes,50.0,0.3594,https://leetcode.com/problems/count-primes,"Array, Math, Enumeration, Number Theory, Primality Test, Sieve Theory, Prime Number Sieve"
MEDIUM,Construct Binary Tree from Preorder and Inorder Traversal,50.0,0.6961,https://leetcode.com/problems/construct-binary-tree-from-preorder-and-inorder-traversal,"Array, Hash Table, Divide and Conquer, Tree, Binary Tree"
MEDIUM,Sort List,50.0,0.6546,https://leetcode.com/problems/sort-list,"Linked List, Two Pointers, Divide and Conquer, Sorting, Merge Sort"
MEDIUM,Find K Closest Elements,50.0,0.5013,https://leetcode.com/problems/find-k-closest-elements,"Array, Two Pointers, Binary Search, Sliding Window, Sorting, Heap (Priority Queue)"
MEDIUM,Permutation in String,50.0,0.4980,https://leetcode.com/problems/permutation-in-string,"Hash Table, Two Pointers, String, Sliding Window"
MEDIUM,Pacific Atlantic Water Flow,50.0,0.6153,https://leetcode.com/problems/pacific-atlantic-water-flow,"Array, Depth-First Search, Breadth-First Search, Matrix"
EASY,Contains Duplicate II,50.0,0.5198,https://leetcode.com/problems/contains-duplicate-ii,"Array, Hash Table, Sliding Window"
MEDIUM,The kth Factor of n,50.0,0.7081,https://leetcode.com/problems/the-kth-factor-of-n,"Math, Number Theory, Prime Factorization"
MEDIUM,Target Sum,50.0,0.5293,https://leetcode.com/problems/target-sum,"Array, Dynamic Programming, Backtracking, Knapsack Problem, 0-1 Knapsack"
MEDIUM,Plates Between Candles,50.0,0.4778,https://leetcode.com/problems/plates-between-candles,"Array, String, Binary Search, Prefix Sum"
MEDIUM,Lowest Common Ancestor of a Binary Tree III,50.0,0.8303,https://leetcode.com/problems/lowest-common-ancestor-of-a-binary-tree-iii,"Hash Table, Two Pointers, Tree, Binary Tree, Binary Lifting, Lowest Common Ancestor"
EASY,Check if Array Is Sorted and Rotated,50.0,0.5775,https://leetcode.com/problems/check-if-array-is-sorted-and-rotated,Array
MEDIUM,Rearrange Array Elements by Sign,50.0,0.8483,https://leetcode.com/problems/rearrange-array-elements-by-sign,"Array, Two Pointers, Simulation"
MEDIUM,Populating Next Right Pointers in Each Node,50.0,0.6783,https://leetcode.com/problems/populating-next-right-pointers-in-each-node,"Linked List, Tree, Depth-First Search, Breadth-First Search, Binary Tree"
MEDIUM,Second Highest Salary,50.0,0.4850,https://leetcode.com/problems/second-highest-salary,Database
MEDIUM,Cheapest Flights Within K Stops,50.0,0.4262,https://leetcode.com/problems/cheapest-flights-within-k-stops,"Dynamic Programming, Depth-First Search, Breadth-First Search, Graph Theory, Heap (Priority Queue), Shortest Path"
EASY,Employees Earning More Than Their Managers,50.0,0.7388,https://leetcode.com/problems/employees-earning-more-than-their-managers,Database
HARD,Subarrays with K Different Integers,50.0,0.6909,https://leetcode.com/problems/subarrays-with-k-different-integers,"Array, Hash Table, Sliding Window, Counting"
MEDIUM,Surrounded Regions,50.0,0.4635,https://leetcode.com/problems/surrounded-regions,"Array, Depth-First Search, Breadth-First Search, Union-Find, Matrix"
EASY,Fizz Buzz,50.0,0.7593,https://leetcode.com/problems/fizz-buzz,"Math, String, Simulation"
MEDIUM,Rotate List,50.0,0.4334,https://leetcode.com/problems/rotate-list,"Linked List, Two Pointers"
EASY,Rotate String,50.0,0.6652,https://leetcode.com/problems/rotate-string,"String, String Matching"
MEDIUM,Remove Duplicates from Sorted Array II,50.0,0.6533,https://leetcode.com/problems/remove-duplicates-from-sorted-array-ii,"Array, Two Pointers"
EASY,Make Array Zero by Subtracting Equal Amounts,50.0,0.7397,https://leetcode.com/problems/make-array-zero-by-subtracting-equal-amounts,"Array, Hash Table, Greedy, Sorting, Heap (Priority Queue), Simulation"
EASY,Article Views I,50.0,0.7692,https://leetcode.com/problems/article-views-i,Database
MEDIUM,Minimum Health to Beat Game,50.0,0.5881,https://leetcode.com/problems/minimum-health-to-beat-game,"Array, Greedy"
MEDIUM,Maximum Frequency After Subarray Operation,50.0,0.3146,https://leetcode.com/problems/maximum-frequency-after-subarray-operation,"Array, Hash Table, Dynamic Programming, Greedy, Enumeration, Prefix Sum"
EASY,Concatenation of Array,50.0,0.8999,https://leetcode.com/problems/concatenation-of-array,"Array, Simulation"
MEDIUM,Minimum Time to Complete All Deliveries,50.0,0.3520,https://leetcode.com/problems/minimum-time-to-complete-all-deliveries,"Math, Binary Search"
MEDIUM,Maximum Coins From K Consecutive Bags,47.3,0.2790,https://leetcode.com/problems/maximum-coins-from-k-consecutive-bags,"Array, Binary Search, Greedy, Sliding Window, Sorting, Prefix Sum"
MEDIUM,House Robber III,44.6,0.5639,https://leetcode.com/problems/house-robber-iii,"Dynamic Programming, Tree, Depth-First Search, Binary Tree, DP on Trees"
EASY,Squares of a Sorted Array,44.6,0.7418,https://leetcode.com/problems/squares-of-a-sorted-array,"Array, Two Pointers, Sorting"
HARD,Reverse Pairs,44.6,0.3525,https://leetcode.com/problems/reverse-pairs,"Array, Binary Search, Divide and Conquer, Binary Indexed Tree, Segment Tree, Merge Sort, Ordered Set, Treap"
MEDIUM,Frequency of the Most Frequent Element,44.6,0.4524,https://leetcode.com/problems/frequency-of-the-most-frequent-element,"Array, Binary Search, Greedy, Sliding Window, Sorting, Prefix Sum"
MEDIUM,Contiguous Array,44.1,0.5243,https://leetcode.com/problems/contiguous-array,"Array, Hash Table, Prefix Sum"
MEDIUM,Divide Two Integers,44.1,0.2036,https://leetcode.com/problems/divide-two-integers,"Math, Bit Manipulation"
EASY,Length of Last Word,43.6,0.5977,https://leetcode.com/problems/length-of-last-word,String
MEDIUM,Non-overlapping Intervals,43.1,0.5777,https://leetcode.com/problems/non-overlapping-intervals,"Array, Dynamic Programming, Greedy, Sorting"
EASY,Remove Duplicates from Sorted List,43.1,0.5758,https://leetcode.com/problems/remove-duplicates-from-sorted-list,Linked List
EASY,Min Cost Climbing Stairs,43.1,0.6877,https://leetcode.com/problems/min-cost-climbing-stairs,"Array, Dynamic Programming"
MEDIUM,Majority Element II,42.5,0.5683,https://leetcode.com/problems/majority-element-ii,"Array, Hash Table, Sorting, Counting, Boyer–Moore Majority Vote Algorithm"
EASY,Valid Palindrome II,42.5,0.4480,https://leetcode.com/problems/valid-palindrome-ii,"Two Pointers, String, Greedy"
MEDIUM,Managers with at Least 5 Direct Reports,42.5,0.4964,https://leetcode.com/problems/managers-with-at-least-5-direct-reports,Database
EASY,Average Time of Process per Machine,42.5,0.6704,https://leetcode.com/problems/average-time-of-process-per-machine,Database
MEDIUM,Minimum Number of Days to Make m Bouquets,42.5,0.5723,https://leetcode.com/problems/minimum-number-of-days-to-make-m-bouquets,"Array, Binary Search"
EASY,Maximum Average Subarray I,42.5,0.4926,https://leetcode.com/problems/maximum-average-subarray-i,"Array, Sliding Window"
EASY,Running Sum of 1d Array,42.5,0.8710,https://leetcode.com/problems/running-sum-of-1d-array,"Array, Prefix Sum"
MEDIUM,Remove K Digits,42.0,0.3773,https://leetcode.com/problems/remove-k-digits,"String, Stack, Greedy, Monotonic Stack"
EASY,Power of Two,42.0,0.5056,https://leetcode.com/problems/power-of-two,"Math, Bit Manipulation, Recursion"
MEDIUM,Boats to Save People,42.0,0.6254,https://leetcode.com/problems/boats-to-save-people,"Array, Two Pointers, Greedy, Sorting, Timsort"
MEDIUM,Accounts Merge,42.0,0.6209,https://leetcode.com/problems/accounts-merge,"Array, Hash Table, String, Depth-First Search, Breadth-First Search, Union-Find, Sorting"
EASY,Invert Binary Tree,41.4,0.8048,https://leetcode.com/problems/invert-binary-tree,"Tree, Depth-First Search, Breadth-First Search, Binary Tree"
EASY,Is Subsequence,41.4,0.4945,https://leetcode.com/problems/is-subsequence,"Two Pointers, String, Dynamic Programming"
MEDIUM,Partition Labels,41.4,0.8206,https://leetcode.com/problems/partition-labels,"Hash Table, Two Pointers, String, Greedy"
MEDIUM,Sort Characters By Frequency,41.4,0.7584,https://leetcode.com/problems/sort-characters-by-frequency,"Hash Table, String, Sorting, Heap (Priority Queue), Bucket Sort, Counting"
MEDIUM,Snakes and Ladders,41.4,0.4828,https://leetcode.com/problems/snakes-and-ladders,"Array, Breadth-First Search, Matrix"
EASY,Design Parking System,41.4,0.8720,https://leetcode.com/problems/design-parking-system,"Design, Simulation, Counting"
MEDIUM,Open the Lock,41.4,0.6158,https://leetcode.com/problems/open-the-lock,"Array, Hash Table, String, Breadth-First Search, Bidirectional Search"
EASY,Set Mismatch,41.4,0.4326,https://leetcode.com/problems/set-mismatch,"Array, Hash Table, Bit Manipulation, Sorting"
EASY,Rising Temperature,41.4,0.5226,https://leetcode.com/problems/rising-temperature,Database
EASY,Add Two Integers,41.4,0.8808,https://leetcode.com/problems/add-two-integers,Math
EASY,Kth Largest Element in a Stream,40.8,0.6162,https://leetcode.com/problems/kth-largest-element-in-a-stream,"Tree, Design, Binary Search Tree, Heap (Priority Queue), Binary Tree, Data Stream"
MEDIUM,Count and Say,40.8,0.6392,https://leetcode.com/problems/count-and-say,String
MEDIUM,Swap Nodes in Pairs,40.8,0.7031,https://leetcode.com/problems/swap-nodes-in-pairs,"Linked List, Recursion"
MEDIUM,Unique Paths II,40.8,0.4514,https://leetcode.com/problems/unique-paths-ii,"Array, Dynamic Programming, Matrix"
MEDIUM,Search in Rotated Sorted Array II,40.8,0.4062,https://leetcode.com/problems/search-in-rotated-sorted-array-ii,"Array, Binary Search"
EASY,Binary Tree Inorder Traversal,40.8,0.8067,https://leetcode.com/problems/binary-tree-inorder-traversal,"Stack, Tree, Depth-First Search, Binary Tree"
MEDIUM,House Robber II,40.8,0.4559,https://leetcode.com/problems/house-robber-ii,"Array, Dynamic Programming"
MEDIUM,Furthest Building You Can Reach,40.8,0.5117,https://leetcode.com/problems/furthest-building-you-can-reach,"Array, Greedy, Heap (Priority Queue)"
MEDIUM,Maximum Points You Can Obtain from Cards,40.8,0.5844,https://leetcode.com/problems/maximum-points-you-can-obtain-from-cards,"Array, Sliding Window, Prefix Sum"
EASY,Kth Missing Positive Number,40.8,0.6396,https://leetcode.com/problems/kth-missing-positive-number,"Array, Binary Search"
HARD,Trapping Rain Water II,40.8,0.6425,https://leetcode.com/problems/trapping-rain-water-ii,"Array, Breadth-First Search, Heap (Priority Queue), Matrix"
MEDIUM,Find Triangular Sum of an Array,40.8,0.8199,https://leetcode.com/problems/find-triangular-sum-of-an-array,"Array, Math, Simulation, Combinatorics, Number Theory"
MEDIUM,Max Area of Island,40.2,0.7427,https://leetcode.com/problems/max-area-of-island,"Array, Depth-First Search, Breadth-First Search, Union-Find, Matrix"
MEDIUM,01 Matrix,40.2,0.5498,https://leetcode.com/problems/01-matrix,"Array, Dynamic Programming, Breadth-First Search, Matrix"
HARD,Critical Connections in a Network,40.2,0.6062,https://leetcode.com/problems/critical-connections-in-a-network,"Depth-First Search, Graph Theory, Biconnected Component, Bridge (Graph)"
MEDIUM,Exclusive Time of Functions,40.2,0.6626,https://leetcode.com/problems/exclusive-time-of-functions,"Array, Stack"
EASY,Ransom Note,40.2,0.6648,https://leetcode.com/problems/ransom-note,"Hash Table, String, Counting"
HARD,Sum of Total Strength of Wizards,40.2,0.3003,https://leetcode.com/problems/sum-of-total-strength-of-wizards,"Array, Stack, Monotonic Stack, Prefix Sum"
EASY,Assign Cookies,40.2,0.5554,https://leetcode.com/problems/assign-cookies,"Array, Two Pointers, Greedy, Sorting, Quicksort"
MEDIUM,Clone Graph,39.5,0.6626,https://leetcode.com/problems/clone-graph,"Hash Table, Depth-First Search, Breadth-First Search, Graph Theory"
MEDIUM,Design Twitter,39.5,0.4560,https://leetcode.com/problems/design-twitter,"Hash Table, Linked List, Design, Heap (Priority Queue)"
HARD,Smallest Range Covering Elements from K Lists,39.5,0.7039,https://leetcode.com/problems/smallest-range-covering-elements-from-k-lists,"Array, Hash Table, Greedy, Sliding Window, Sorting, Heap (Priority Queue)"
MEDIUM,Palindromic Substrings,39.5,0.7327,https://leetcode.com/problems/palindromic-substrings,"Two Pointers, String, Dynamic Programming"
HARD,Making A Large Island,39.5,0.5725,https://leetcode.com/problems/making-a-large-island,"Array, Depth-First Search, Breadth-First Search, Union-Find, Matrix"
EASY,Average Selling Price,39.5,0.3795,https://leetcode.com/problems/average-selling-price,Database
EASY,Big Countries,39.5,0.6890,https://leetcode.com/problems/big-countries,Database
MEDIUM,Sum of Subarray Ranges,39.5,0.6199,https://leetcode.com/problems/sum-of-subarray-ranges,"Array, Stack, Monotonic Stack"
MEDIUM,Monthly Transactions I,39.5,0.5999,https://leetcode.com/problems/monthly-transactions-i,Database
MEDIUM,Decode Ways,38.9,0.3866,https://leetcode.com/problems/decode-ways,"String, Dynamic Programming"
MEDIUM,Delete Node in a BST,38.9,0.5545,https://leetcode.com/problems/delete-node-in-a-bst,"Tree, Binary Search Tree, Binary Tree"
HARD,Wildcard Matching,38.9,0.3291,https://leetcode.com/problems/wildcard-matching,"String, Dynamic Programming, Greedy, Recursion"
MEDIUM,Delete Node in a Linked List,38.9,0.8445,https://leetcode.com/problems/delete-node-in-a-linked-list,Linked List
MEDIUM,Recover Binary Search Tree,38.9,0.6112,https://leetcode.com/problems/recover-binary-search-tree,"Tree, Depth-First Search, Binary Search Tree, Binary Tree"
EASY,First Bad Version,38.9,0.4770,https://leetcode.com/problems/first-bad-version,"Binary Search, Interactive"
EASY,Design HashMap,38.9,0.6681,https://leetcode.com/problems/design-hashmap,"Array, Hash Table, Linked List, Design, Hash Function"
EASY,Implement Queue using Stacks,38.9,0.7031,https://leetcode.com/problems/implement-queue-using-stacks,"Stack, Design, Queue"
EASY,Convert Sorted Array to Binary Search Tree,38.9,0.7615,https://leetcode.com/problems/convert-sorted-array-to-binary-search-tree,"Array, Divide and Conquer, Tree, Binary Search Tree, Binary Tree"
EASY,Kids With the Greatest Number of Candies,38.9,0.8799,https://leetcode.com/problems/kids-with-the-greatest-number-of-candies,Array
MEDIUM,Maximum Number of Vowels in a Substring of Given Length,38.9,0.6300,https://leetcode.com/problems/maximum-number-of-vowels-in-a-substring-of-given-length,"String, Sliding Window"
EASY,Reverse Vowels of a String,38.9,0.6243,https://leetcode.com/problems/reverse-vowels-of-a-string,"Two Pointers, String"
MEDIUM,Maximum Width Ramp,38.9,0.5595,https://leetcode.com/problems/maximum-width-ramp,"Array, Two Pointers, Stack, Monotonic Stack"
MEDIUM,Count Good Numbers,38.9,0.5814,https://leetcode.com/problems/count-good-numbers,"Math, Recursion"
MEDIUM,Minimum Operations to Make Array Non Decreasing,38.9,0.5508,https://leetcode.com/problems/minimum-operations-to-make-array-non-decreasing,"Array, Greedy"
HARD,Alien Dictionary,38.2,0.3733,https://leetcode.com/problems/alien-dictionary,"Array, String, Depth-First Search, Breadth-First Search, Graph Theory, Topological Sort, Directed Acyclic Graph"
MEDIUM,Longest Palindromic Subsequence,38.2,0.6593,https://leetcode.com/problems/longest-palindromic-subsequence,"String, Dynamic Programming"
MEDIUM,Design Tic-Tac-Toe,38.2,0.5876,https://leetcode.com/problems/design-tic-tac-toe,"Array, Hash Table, Design, Matrix, Simulation"
MEDIUM,Implement Trie (Prefix Tree),38.2,0.7008,https://leetcode.com/problems/implement-trie-prefix-tree,"Hash Table, String, Design, Trie"
MEDIUM,Shortest Path in Binary Matrix,38.2,0.5221,https://leetcode.com/problems/shortest-path-in-binary-matrix,"Array, Breadth-First Search, Matrix"
MEDIUM,Valid Parenthesis String,38.2,0.4054,https://leetcode.com/problems/valid-parenthesis-string,"String, Dynamic Programming, Stack, Greedy, Bracket Sequences"
MEDIUM,Design Circular Queue,38.2,0.5551,https://leetcode.com/problems/design-circular-queue,"Array, Linked List, Design, Queue"
HARD,Substring with Concatenation of All Words,38.2,0.3533,https://leetcode.com/problems/substring-with-concatenation-of-all-words,"Hash Table, String, Sliding Window"
MEDIUM,Sort an Array,38.2,0.5560,https://leetcode.com/problems/sort-an-array,"Array, Divide and Conquer, Sorting, Heap (Priority Queue), Merge Sort, Bucket Sort, Radix Sort, Counting Sort"
MEDIUM,Subarray Product Less Than K,38.2,0.5490,https://leetcode.com/problems/subarray-product-less-than-k,"Array, Binary Search, Sliding Window, Prefix Sum"
MEDIUM,Find K Pairs with Smallest Sums,38.2,0.4243,https://leetcode.com/problems/find-k-pairs-with-smallest-sums,"Array, Heap (Priority Queue)"
MEDIUM,Coin Change II,38.2,0.5914,https://leetcode.com/problems/coin-change-ii,"Array, Dynamic Programming, Knapsack Problem, Complete Knapsack"
MEDIUM,Partition List,38.2,0.6217,https://leetcode.com/problems/partition-list,"Linked List, Two Pointers"
EASY,Find Customer Referee,38.2,0.7360,https://leetcode.com/problems/find-customer-referee,Database
MEDIUM,Product Sales Analysis III,38.2,0.4667,https://leetcode.com/problems/product-sales-analysis-iii,Database
MEDIUM,Amount of Time for Binary Tree to Be Infected,38.2,0.6605,https://leetcode.com/problems/amount-of-time-for-binary-tree-to-be-infected,"Hash Table, Tree, Depth-First Search, Breadth-First Search, Binary Tree"
HARD,Russian Doll Envelopes,38.2,0.3825,https://leetcode.com/problems/russian-doll-envelopes,"Array, Binary Search, Dynamic Programming, Sorting, Longest Increasing Subsequence"
MEDIUM,Maximum Sum of Distinct Subarrays With Length K,38.2,0.4354,https://leetcode.com/problems/maximum-sum-of-distinct-subarrays-with-length-k,"Array, Hash Table, Sliding Window"
MEDIUM,Boundary of Binary Tree,37.5,0.4820,https://leetcode.com/problems/boundary-of-binary-tree,"Tree, Depth-First Search, Binary Tree"
MEDIUM,Kth Smallest Element in a Sorted Matrix,37.5,0.6511,https://leetcode.com/problems/kth-smallest-element-in-a-sorted-matrix,"Array, Binary Search, Sorting, Heap (Priority Queue), Matrix"
MEDIUM,Longest Common Subsequence,37.5,0.5960,https://leetcode.com/problems/longest-common-subsequence,"String, Dynamic Programming, Longest Common Subsequence"
MEDIUM,Unique Binary Search Trees,37.5,0.6427,https://leetcode.com/problems/unique-binary-search-trees,"Math, Dynamic Programming, Tree, Binary Search Tree, Binary Tree"
MEDIUM,First Unique Number,37.5,0.5796,https://leetcode.com/problems/first-unique-number,"Array, Hash Table, Design, Queue, Data Stream"
MEDIUM,Permutations II,37.5,0.6426,https://leetcode.com/problems/permutations-ii,"Array, Backtracking, Sorting"
MEDIUM,Construct Binary Search Tree from Preorder Traversal,37.5,0.8465,https://leetcode.com/problems/construct-binary-search-tree-from-preorder-traversal,"Array, Stack, Tree, Binary Search Tree, Monotonic Stack, Binary Tree"
MEDIUM,Maximal Square,37.5,0.5093,https://leetcode.com/problems/maximal-square,"Array, Dynamic Programming, Matrix"
EASY,Add Strings,37.5,0.5225,https://leetcode.com/problems/add-strings,"Math, String, Simulation"
MEDIUM,Angle Between Hands of a Clock,37.5,0.6992,https://leetcode.com/problems/angle-between-hands-of-a-clock,Math
EASY,Two Sum IV - Input is a BST,37.5,0.6373,https://leetcode.com/problems/two-sum-iv-input-is-a-bst,"Hash Table, Two Pointers, Tree, Depth-First Search, Breadth-First Search, Binary Search Tree, Binary Tree"
EASY,Path Sum,37.5,0.5577,https://leetcode.com/problems/path-sum,"Tree, Depth-First Search, Breadth-First Search, Binary Tree"
HARD,Design In-Memory File System,37.5,0.4835,https://leetcode.com/problems/design-in-memory-file-system,"Hash Table, String, Design, Trie, Sorting"
MEDIUM,Number of Distinct Islands,37.5,0.6301,https://leetcode.com/problems/number-of-distinct-islands,"Array, Hash Table, Depth-First Search, Breadth-First Search, Union-Find, Sorting, Matrix, Hash Function"
MEDIUM,Compare Version Numbers,37.5,0.4705,https://leetcode.com/problems/compare-version-numbers,"Two Pointers, String"
MEDIUM,Design Add and Search Words Data Structure,37.5,0.4907,https://leetcode.com/problems/design-add-and-search-words-data-structure,"String, Depth-First Search, Design, Trie"
MEDIUM,Number of Connected Components in an Undirected Graph,37.5,0.6516,https://leetcode.com/problems/number-of-connected-components-in-an-undirected-graph,"Depth-First Search, Breadth-First Search, Union-Find, Graph Theory"
HARD,Frog Jump,37.5,0.4767,https://leetcode.com/problems/frog-jump,"Array, Dynamic Programming"
MEDIUM,Flatten Binary Tree to Linked List,37.5,0.7156,https://leetcode.com/problems/flatten-binary-tree-to-linked-list,"Linked List, Stack, Tree, Depth-First Search, Binary Tree"
MEDIUM,Insert Interval,37.5,0.4607,https://leetcode.com/problems/insert-interval,Array
MEDIUM,Single Number II,37.5,0.6792,https://leetcode.com/problems/single-number-ii,"Array, Bit Manipulation"
EASY,Unique Number of Occurrences,37.5,0.7890,https://leetcode.com/problems/unique-number-of-occurrences,"Array, Hash Table"
MEDIUM,Binary Search Tree Iterator,37.5,0.7703,https://leetcode.com/problems/binary-search-tree-iterator,"Stack, Tree, Design, Binary Search Tree, Binary Tree, Iterator"
MEDIUM,Interleaving String,37.5,0.4485,https://leetcode.com/problems/interleaving-string,"String, Dynamic Programming"
HARD,Reconstruct Itinerary,37.5,0.4505,https://leetcode.com/problems/reconstruct-itinerary,"Array, String, Depth-First Search, Graph Theory, Sorting, Heap (Priority Queue), Eulerian Circuit, Eulerian Path, Semi-Eulerian Graph"
MEDIUM,132 Pattern,37.5,0.3514,https://leetcode.com/problems/132-pattern,"Array, Binary Search, Stack, Monotonic Stack, Ordered Set"
MEDIUM,Triangle,37.5,0.5994,https://leetcode.com/problems/triangle,"Array, Dynamic Programming"
MEDIUM,Combination Sum II,37.5,0.6022,https://leetcode.com/problems/combination-sum-ii,"Array, Backtracking"
HARD,Distinct Subsequences,37.5,0.5430,https://leetcode.com/problems/distinct-subsequences,"String, Dynamic Programming"
EASY,Remove Linked List Elements,37.5,0.5554,https://leetcode.com/problems/remove-linked-list-elements,"Linked List, Recursion"
EASY,Remove All Adjacent Duplicates In String,37.5,0.7413,https://leetcode.com/problems/remove-all-adjacent-duplicates-in-string,"String, Stack"
EASY,Implement Stack using Queues,37.5,0.7052,https://leetcode.com/problems/implement-stack-using-queues,"Stack, Design, Queue"
EASY,Merge Two Binary Trees,37.5,0.7919,https://leetcode.com/problems/merge-two-binary-trees,"Tree, Depth-First Search, Breadth-First Search, Binary Tree"
EASY,Jewels and Stones,37.5,0.8968,https://leetcode.com/problems/jewels-and-stones,"Hash Table, String"
MEDIUM,Longest Substring with At Least K Repeating Characters,37.5,0.4676,https://leetcode.com/problems/longest-substring-with-at-least-k-repeating-characters,"Hash Table, String, Divide and Conquer, Sliding Window"
HARD,Maximum Sum BST in Binary Tree,37.5,0.4903,https://leetcode.com/problems/maximum-sum-bst-in-binary-tree,"Dynamic Programming, Tree, Depth-First Search, Binary Search Tree, Binary Tree, DP on Trees"
EASY,Find Pivot Index,37.5,0.6394,https://leetcode.com/problems/find-pivot-index,"Array, Prefix Sum"
EASY,Can Place Flowers,37.5,0.2931,https://leetcode.com/problems/can-place-flowers,"Array, Greedy"
MEDIUM,Minimum Add to Make Parentheses Valid,37.5,0.7423,https://leetcode.com/problems/minimum-add-to-make-parentheses-valid,"String, Stack, Greedy, Bracket Sequences"
MEDIUM,Swapping Nodes in a Linked List,37.5,0.6983,https://leetcode.com/problems/swapping-nodes-in-a-linked-list,"Linked List, Two Pointers"
MEDIUM,Spiral Matrix II,37.5,0.7590,https://leetcode.com/problems/spiral-matrix-ii,"Array, Matrix, Simulation"
HARD,Burst Balloons,37.5,0.6444,https://leetcode.com/problems/burst-balloons,"Array, Dynamic Programming"
MEDIUM,Binary Search Tree to Greater Sum Tree,37.5,0.8844,https://leetcode.com/problems/binary-search-tree-to-greater-sum-tree,"Tree, Depth-First Search, Binary Search Tree, Binary Tree"
MEDIUM,Flatten a Multilevel Doubly Linked List,37.5,0.6348,https://leetcode.com/problems/flatten-a-multilevel-doubly-linked-list,"Linked List, Depth-First Search, Doubly-Linked List"
MEDIUM,Remove Duplicate Letters,37.5,0.5453,https://leetcode.com/problems/remove-duplicate-letters,"String, Stack, Greedy, Monotonic Stack"
MEDIUM,Split Linked List in Parts,37.5,0.7075,https://leetcode.com/problems/split-linked-list-in-parts,Linked List
MEDIUM,Gray Code,37.5,0.6619,https://leetcode.com/problems/gray-code,"Math, Backtracking, Bit Manipulation"
HARD,Dungeon Game,37.5,0.4236,https://leetcode.com/problems/dungeon-game,"Array, Dynamic Programming, Matrix"
EASY,Third Maximum Number,37.5,0.4045,https://leetcode.com/problems/third-maximum-number,"Array, Sorting"
EASY,Excel Sheet Column Title,37.5,0.4770,https://leetcode.com/problems/excel-sheet-column-title,"Math, String"
MEDIUM,Rotate Function,37.5,0.5406,https://leetcode.com/problems/rotate-function,"Array, Math, Dynamic Programming"
EASY,Number of Equivalent Domino Pairs,37.5,0.6080,https://leetcode.com/problems/number-of-equivalent-domino-pairs,"Array, Hash Table, Counting"
MEDIUM,Next Greater Element III,37.5,0.3565,https://leetcode.com/problems/next-greater-element-iii,"Math, Two Pointers, String"
EASY,Maximum Units on a Truck,37.5,0.7530,https://leetcode.com/problems/maximum-units-on-a-truck,"Array, Greedy, Sorting"
MEDIUM,Longest Continuous Subarray With Absolute Diff Less Than or Equal to Limit,37.5,0.5809,https://leetcode.com/problems/longest-continuous-subarray-with-absolute-diff-less-than-or-equal-to-limit,"Array, Queue, Sliding Window, Heap (Priority Queue), Ordered Set, Monotonic Queue"
MEDIUM,Remove All Adjacent Duplicates in String II,37.5,0.6194,https://leetcode.com/problems/remove-all-adjacent-duplicates-in-string-ii,"String, Stack"
EASY,Find All Numbers Disappeared in an Array,37.5,0.6468,https://leetcode.com/problems/find-all-numbers-disappeared-in-an-array,"Array, Hash Table"
MEDIUM,Maximum Number of Events That Can Be Attended,37.5,0.3910,https://leetcode.com/problems/maximum-number-of-events-that-can-be-attended,"Array, Greedy, Sorting, Heap (Priority Queue)"
MEDIUM,H-Index,37.5,0.4192,https://leetcode.com/problems/h-index,"Array, Sorting, Counting Sort"
MEDIUM,Maximum Average Pass Ratio,37.5,0.7409,https://leetcode.com/problems/maximum-average-pass-ratio,"Array, Greedy, Heap (Priority Queue)"
MEDIUM,Partition Array According to Given Pivot,37.5,0.9075,https://leetcode.com/problems/partition-array-according-to-given-pivot,"Array, Two Pointers, Simulation"
MEDIUM,Reorder Data in Log Files,37.5,0.5680,https://leetcode.com/problems/reorder-data-in-log-files,"Array, String, Sorting"
HARD,Department Top Three Salaries,37.5,0.6191,https://leetcode.com/problems/department-top-three-salaries,Database
HARD,Bus Routes,37.5,0.4756,https://leetcode.com/problems/bus-routes,"Array, Hash Table, Breadth-First Search"
MEDIUM,Nth Highest Salary,37.5,0.4029,https://leetcode.com/problems/nth-highest-salary,Database
MEDIUM,Path Sum III,37.5,0.4667,https://leetcode.com/problems/path-sum-iii,"Tree, Depth-First Search, Binary Tree"
HARD,Text Justification,37.5,0.5226,https://leetcode.com/problems/text-justification,"Array, String, Simulation"
MEDIUM,Rank Scores,37.5,0.6892,https://leetcode.com/problems/rank-scores,Database
MEDIUM,Smallest Subsequence of Distinct Characters,37.5,0.7064,https://leetcode.com/problems/smallest-subsequence-of-distinct-characters,"String, Stack, Greedy, Monotonic Stack"
MEDIUM,Consecutive Numbers,37.5,0.4948,https://leetcode.com/problems/consecutive-numbers,Database
HARD,Minimum Number of Refueling Stops,37.5,0.4194,https://leetcode.com/problems/minimum-number-of-refueling-stops,"Array, Dynamic Programming, Greedy, Heap (Priority Queue)"
MEDIUM,Predict the Winner,37.5,0.5999,https://leetcode.com/problems/predict-the-winner,"Array, Math, Dynamic Programming, Recursion, Minimax, Game Theory, Zero-Sum Game"
EASY,Product Sales Analysis I,37.5,0.8627,https://leetcode.com/problems/product-sales-analysis-i,Database
EASY,Image Smoother,37.5,0.6988,https://leetcode.com/problems/image-smoother,"Array, Matrix"
EASY,Repeated Substring Pattern,37.5,0.4884,https://leetcode.com/problems/repeated-substring-pattern,"String, String Matching, Z Algorithm, Knuth–Morris–Pratt Algorithm"
MEDIUM,Minimum Falling Path Sum,37.5,0.6085,https://leetcode.com/problems/minimum-falling-path-sum,"Array, Dynamic Programming, Matrix"
EASY,Count Negative Numbers in a Sorted Matrix,37.5,0.7977,https://leetcode.com/problems/count-negative-numbers-in-a-sorted-matrix,"Array, Binary Search, Matrix"
MEDIUM,Customers Who Bought All Products,37.5,0.6460,https://leetcode.com/problems/customers-who-bought-all-products,Database
EASY,Baseball Game,37.5,0.8117,https://leetcode.com/problems/baseball-game,"Array, Stack, Simulation"
EASY,Summary Ranges,37.5,0.5478,https://leetcode.com/problems/summary-ranges,Array
MEDIUM,Diagonal Traverse,37.5,0.6748,https://leetcode.com/problems/diagonal-traverse,"Array, Matrix, Simulation"
MEDIUM,Is Graph Bipartite?,37.5,0.5994,https://leetcode.com/problems/is-graph-bipartite,"Depth-First Search, Breadth-First Search, Union-Find, Graph Theory, Graph Coloring, Bipartite Graph"
HARD,Permutation Sequence,37.5,0.5441,https://leetcode.com/problems/permutation-sequence,"Math, Recursion"
MEDIUM,Sum of Two Integers,37.5,0.5578,https://leetcode.com/problems/sum-of-two-integers,"Math, Bit Manipulation"
MEDIUM,Different Ways to Add Parentheses,37.5,0.7369,https://leetcode.com/problems/different-ways-to-add-parentheses,"Math, String, Dynamic Programming, Recursion, Memoization, Bracket Sequences"
MEDIUM,Increasing Triplet Subsequence,37.5,0.3965,https://leetcode.com/problems/increasing-triplet-subsequence,"Array, Greedy, Longest Increasing Subsequence"
EASY,Replace Elements with Greatest Element on Right Side,37.5,0.7268,https://leetcode.com/problems/replace-elements-with-greatest-element-on-right-side,Array
MEDIUM,Custom Sort String,37.5,0.7232,https://leetcode.com/problems/custom-sort-string,"Hash Table, String, Sorting"
MEDIUM,Balance a Binary Search Tree,37.5,0.8628,https://leetcode.com/problems/balance-a-binary-search-tree,"Divide and Conquer, Greedy, Tree, Depth-First Search, Binary Search Tree, Binary Tree"
EASY,Reverse Bits,37.5,0.6944,https://leetcode.com/problems/reverse-bits,"Divide and Conquer, Bit Manipulation"
EASY,Range Sum Query - Immutable,37.5,0.7355,https://leetcode.com/problems/range-sum-query-immutable,"Array, Design, Prefix Sum"
HARD,Minimum Difference in Sums After Removal of Elements,37.5,0.6952,https://leetcode.com/problems/minimum-difference-in-sums-after-removal-of-elements,"Array, Dynamic Programming, Heap (Priority Queue)"
EASY,Count Binary Substrings,37.5,0.7060,https://leetcode.com/problems/count-binary-substrings,"Two Pointers, String"
EASY,Replace Employee ID With The Unique Identifier,37.5,0.8388,https://leetcode.com/problems/replace-employee-id-with-the-unique-identifier,Database
MEDIUM,Apply Discount to Prices,37.5,0.3464,https://leetcode.com/problems/apply-discount-to-prices,String
MEDIUM,Most Expensive Item That Can Not Be Bought,37.5,0.8022,https://leetcode.com/problems/most-expensive-item-that-can-not-be-bought,"Math, Dynamic Programming, Number Theory"
MEDIUM,Find Eventual Safe States,37.5,0.7161,https://leetcode.com/problems/find-eventual-safe-states,"Depth-First Search, Breadth-First Search, Graph Theory, Topological Sort, Kosaraju's Algorithm, Tarjan's SCC Algorithm"
HARD,Binary Tree Cameras,37.5,0.4818,https://leetcode.com/problems/binary-tree-cameras,"Dynamic Programming, Tree, Depth-First Search, Binary Tree, DP on Trees"
EASY,Customer Who Visited but Did Not Make Any Transactions,37.5,0.6870,https://leetcode.com/problems/customer-who-visited-but-did-not-make-any-transactions,Database
MEDIUM,Confirmation Rate,37.5,0.6286,https://leetcode.com/problems/confirmation-rate,Database
EASY,Employee Bonus,37.5,0.7818,https://leetcode.com/problems/employee-bonus,Database
MEDIUM,Domino and Tromino Tiling,37.5,0.5121,https://leetcode.com/problems/domino-and-tromino-tiling,Dynamic Programming
MEDIUM,Binary Subarrays With Sum,37.5,0.6993,https://leetcode.com/problems/binary-subarrays-with-sum,"Array, Hash Table, Sliding Window, Prefix Sum"
MEDIUM,Make Sum Divisible by P,37.5,0.4260,https://leetcode.com/problems/make-sum-divisible-by-p,"Array, Hash Table, Prefix Sum"
MEDIUM,Removing Stars From a String,37.5,0.7993,https://leetcode.com/problems/removing-stars-from-a-string,"String, Stack, Simulation"
HARD,Put Marbles in Bags,37.5,0.7204,https://leetcode.com/problems/put-marbles-in-bags,"Array, Greedy, Sorting, Heap (Priority Queue)"
MEDIUM,Make String a Subsequence Using Cyclic Increments,37.5,0.6579,https://leetcode.com/problems/make-string-a-subsequence-using-cyclic-increments,"Two Pointers, String"
EASY,Students and Examinations,37.5,0.6211,https://leetcode.com/problems/students-and-examinations,Database
HARD,Substring With Largest Variance,37.5,0.4604,https://leetcode.com/problems/substring-with-largest-variance,"Hash Table, String, Dynamic Programming, Enumeration"
MEDIUM,Using a Robot to Print the Lexicographically Smallest String,37.5,0.6221,https://leetcode.com/problems/using-a-robot-to-print-the-lexicographically-smallest-string,"Hash Table, String, Stack, Greedy"
MEDIUM,Kth Largest Sum in a Binary Tree,37.5,0.5892,https://leetcode.com/problems/kth-largest-sum-in-a-binary-tree,"Tree, Breadth-First Search, Sorting, Binary Tree"
MEDIUM,Distribute Candies Among Children II,37.5,0.5537,https://leetcode.com/problems/distribute-candies-among-children-ii,"Math, Combinatorics, Enumeration"
EASY,Path Crossing,37.5,0.6274,https://leetcode.com/problems/path-crossing,"Hash Table, String"
MEDIUM,Magnetic Force Between Two Balls,37.5,0.7270,https://leetcode.com/problems/magnetic-force-between-two-balls,"Array, Binary Search, Sorting"
MEDIUM,Count Number of Rectangles Containing Each Point,37.5,0.3797,https://leetcode.com/problems/count-number-of-rectangles-containing-each-point,"Array, Hash Table, Binary Search, Binary Indexed Tree, Sorting"
EASY,Best Poker Hand,37.5,0.6208,https://leetcode.com/problems/best-poker-hand,"Array, Hash Table, Counting"
MEDIUM,Max Sum of a Pair With Equal Sum of Digits,37.5,0.6592,https://leetcode.com/problems/max-sum-of-a-pair-with-equal-sum-of-digits,"Array, Hash Table, Sorting, Heap (Priority Queue)"
HARD,Maximum Number of Books You Can Take,37.5,0.4080,https://leetcode.com/problems/maximum-number-of-books-you-can-take,"Array, Dynamic Programming, Stack, Monotonic Stack"
MEDIUM,Sell Diminishing-Valued Colored Balls,37.5,0.3041,https://leetcode.com/problems/sell-diminishing-valued-colored-balls,"Array, Math, Binary Search, Greedy, Sorting, Heap (Priority Queue)"
EASY,Greatest Common Divisor of Strings,37.5,0.5447,https://leetcode.com/problems/greatest-common-divisor-of-strings,"Math, String, Euclidean Algorithm, Greatest Common Divisor"
EASY,Find Missing and Repeated Values,37.5,0.8302,https://leetcode.com/problems/find-missing-and-repeated-values,"Array, Hash Table, Math, Matrix"
MEDIUM,Maximum K to Sort a Permutation,37.5,0.3745,https://leetcode.com/problems/maximum-k-to-sort-a-permutation,"Array, Bit Manipulation"
MEDIUM,Lexicographically Smallest Negated Permutation that Sums to Target,37.5,0.3112,https://leetcode.com/problems/lexicographically-smallest-negated-permutation-that-sums-to-target,"Array, Math, Two Pointers, Greedy, Sorting"
MEDIUM,Process String with Special Operations I,37.5,0.7124,https://leetcode.com/problems/process-string-with-special-operations-i,"String, Simulation"
MEDIUM,Find the Smallest Divisor Given a Threshold,37.5,0.6682,https://leetcode.com/problems/find-the-smallest-divisor-given-a-threshold,"Array, Binary Search"
HARD,Find Longest Self-Contained Substring,37.5,0.5843,https://leetcode.com/problems/find-longest-self-contained-substring,"Hash Table, String, Sorting"
HARD,Find the Number of Possible Ways for an Event,37.5,0.3476,https://leetcode.com/problems/find-the-number-of-possible-ways-for-an-event,"Math, Dynamic Programming, Combinatorics"
MEDIUM,Minimum Number of Primes to Sum to Target,37.5,0.6007,https://leetcode.com/problems/minimum-number-of-primes-to-sum-to-target,"Array, Math, Dynamic Programming, Number Theory"
EASY,Add Digits,37.5,0.6931,https://leetcode.com/problems/add-digits,"Math, Simulation, Number Theory"
EASY,Create a DataFrame from List,37.5,0.8082,https://leetcode.com/problems/create-a-dataframe-from-list,
MEDIUM,Count Square Submatrices with All Ones,37.5,0.8086,https://leetcode.com/problems/count-square-submatrices-with-all-ones,"Array, Dynamic Programming, Matrix"
MEDIUM,Immediate Food Delivery II,37.5,0.5710,https://leetcode.com/problems/immediate-food-delivery-ii,Database
HARD,Maximum Number of Groups With Increasing Length,37.5,0.2347,https://leetcode.com/problems/maximum-number-of-groups-with-increasing-length,"Array, Math, Binary Search, Greedy, Sorting"
MEDIUM,Sum of Beauty of All Substrings,37.5,0.7491,https://leetcode.com/problems/sum-of-beauty-of-all-substrings,"Hash Table, String, Counting"
EASY,Sum of All Subset XOR Totals,37.5,0.9015,https://leetcode.com/problems/sum-of-all-subset-xor-totals,"Array, Math, Backtracking, Bit Manipulation, Combinatorics, Enumeration"
MEDIUM,Count Bowl Subarrays,37.5,0.4824,https://leetcode.com/problems/count-bowl-subarrays,"Array, Stack, Monotonic Stack"
MEDIUM,Longest Arithmetic Sequence After Changing At Most One Element,37.5,0.2163,https://leetcode.com/problems/longest-arithmetic-sequence-after-changing-at-most-one-element,"Array, Enumeration"
EASY,Remove Outermost Parentheses,37.5,0.8749,https://leetcode.com/problems/remove-outermost-parentheses,"String, Stack, Bracket Sequences"
HARD,Length of Longest V-Shaped Diagonal Segment,37.5,0.5589,https://leetcode.com/problems/length-of-longest-v-shaped-diagonal-segment,"Array, Dynamic Programming, Memoization, Matrix"
MEDIUM,Multiply Strings,33.3,0.4477,https://leetcode.com/problems/multiply-strings,"Math, String, Simulation"
MEDIUM,Combinations,33.3,0.7523,https://leetcode.com/problems/combinations,Backtracking
EASY,Duplicate Emails,33.3,0.7446,https://leetcode.com/problems/duplicate-emails,Database
HARD,Best Time to Buy and Sell Stock III,32.3,0.5481,https://leetcode.com/problems/best-time-to-buy-and-sell-stock-iii,"Array, Dynamic Programming"
EASY,Find the Difference,32.3,0.6074,https://leetcode.com/problems/find-the-difference,"Hash Table, String, Bit Manipulation, Sorting"
EASY,Shuffle the Array,32.3,0.8866,https://leetcode.com/problems/shuffle-the-array,Array
MEDIUM,Maximum Sum Circular Subarray,31.3,0.5156,https://leetcode.com/problems/maximum-sum-circular-subarray,"Array, Divide and Conquer, Dynamic Programming, Queue, Monotonic Queue"
MEDIUM,Path Sum II,31.3,0.6299,https://leetcode.com/problems/path-sum-ii,"Backtracking, Tree, Depth-First Search, Binary Tree"
HARD,Minimum Cost to Cut a Stick,31.3,0.6346,https://leetcode.com/problems/minimum-cost-to-cut-a-stick,"Array, Dynamic Programming, Sorting"
MEDIUM,Find All Duplicates in an Array,30.2,0.7718,https://leetcode.com/problems/find-all-duplicates-in-an-array,"Array, Hash Table, Sorting"
MEDIUM,Subarray Sums Divisible by K,30.2,0.5679,https://leetcode.com/problems/subarray-sums-divisible-by-k,"Array, Hash Table, Prefix Sum"
MEDIUM,Repeated DNA Sequences,30.2,0.5410,https://leetcode.com/problems/repeated-dna-sequences,"Hash Table, String, Bit Manipulation, Sliding Window, Rolling Hash, Hash Function, Z Algorithm, Boyer–Moore String-Search Algorithm"
EASY,Find if Path Exists in Graph,30.2,0.5587,https://leetcode.com/problems/find-if-path-exists-in-graph,"Depth-First Search, Breadth-First Search, Union-Find, Graph Theory"
EASY,Maximum Product of Three Numbers,30.2,0.4828,https://leetcode.com/problems/maximum-product-of-three-numbers,"Array, Math, Sorting"
EASY,Customers Who Never Order,30.2,0.7248,https://leetcode.com/problems/customers-who-never-order,Database
EASY,Array Partition,30.2,0.8222,https://leetcode.com/problems/array-partition,"Array, Greedy, Sorting, Counting Sort"
HARD,Partition Array Into Two Arrays to Minimize Sum Difference,30.2,0.2465,https://leetcode.com/problems/partition-array-into-two-arrays-to-minimize-sum-difference,"Array, Two Pointers, Binary Search, Dynamic Programming, Bit Manipulation, Meet in the Middle, Sorting, Ordered Set, Bitmask"
MEDIUM,Flip String to Monotone Increasing,30.2,0.6196,https://leetcode.com/problems/flip-string-to-monotone-increasing,"String, Dynamic Programming"
MEDIUM,Car Fleet,30.2,0.5573,https://leetcode.com/problems/car-fleet,"Array, Stack, Sorting, Monotonic Stack"
EASY,Reverse Words in a String III,29.1,0.8418,https://leetcode.com/problems/reverse-words-in-a-string-iii,"Two Pointers, String"
EASY,Number of 1 Bits,29.1,0.7761,https://leetcode.com/problems/number-of-1-bits,"Divide and Conquer, Bit Manipulation"
MEDIUM,Keys and Rooms,29.1,0.7628,https://leetcode.com/problems/keys-and-rooms,"Depth-First Search, Breadth-First Search, Graph Theory"
MEDIUM,Restore IP Addresses,29.1,0.5717,https://leetcode.com/problems/restore-ip-addresses,"String, Backtracking"
HARD,All O`one Data Structure,29.1,0.4457,https://leetcode.com/problems/all-oone-data-structure,"Hash Table, Linked List, Design, Doubly-Linked List"
EASY,Lemonade Change,29.1,0.5949,https://leetcode.com/problems/lemonade-change,"Array, Greedy"
MEDIUM,Interval List Intersections,29.1,0.7321,https://leetcode.com/problems/interval-list-intersections,"Array, Two Pointers, Sweep Line"
MEDIUM,Design Browser History,29.1,0.7854,https://leetcode.com/problems/design-browser-history,"Array, Linked List, Stack, Design, Doubly-Linked List, Data Stream"
HARD,Shortest Subarray with Sum at Least K,29.1,0.3317,https://leetcode.com/problems/shortest-subarray-with-sum-at-least-k,"Array, Binary Search, Queue, Sliding Window, Heap (Priority Queue), Prefix Sum, Monotonic Queue"
MEDIUM,Min Cost to Connect All Points,29.1,0.7181,https://leetcode.com/problems/min-cost-to-connect-all-points,"Array, Union-Find, Graph Theory, Minimum Spanning Tree, Prim's Algorithm, Kruskal's Algorithm, Borůvka's Algorithm"
HARD,Shortest Common Supersequence ,29.1,0.6232,https://leetcode.com/problems/shortest-common-supersequence,"String, Dynamic Programming, Longest Common Subsequence"
HARD,Meeting Rooms III,29.1,0.5135,https://leetcode.com/problems/meeting-rooms-iii,"Array, Hash Table, Sorting, Heap (Priority Queue), Simulation"
MEDIUM,Most Stones Removed with Same Row or Column,29.1,0.6350,https://leetcode.com/problems/most-stones-removed-with-same-row-or-column,"Hash Table, Depth-First Search, Union-Find, Graph Theory, Bipartite Graph"
MEDIUM,Product Price at a Given Date,29.1,0.5867,https://leetcode.com/problems/product-price-at-a-given-date,Database
MEDIUM,Find All Possible Recipes from Given Supplies,29.1,0.5716,https://leetcode.com/problems/find-all-possible-recipes-from-given-supplies,"Array, Hash Table, String, Graph Theory, Topological Sort, Directed Acyclic Graph"
HARD,Swim in Rising Water,29.1,0.6828,https://leetcode.com/problems/swim-in-rising-water,"Array, Binary Search, Depth-First Search, Breadth-First Search, Union-Find, Minimax, Heap (Priority Queue), Matrix, Dijkstra's Algorithm"
MEDIUM,Maximum Sum With at Most K Elements,29.1,0.6060,https://leetcode.com/problems/maximum-sum-with-at-most-k-elements,"Array, Greedy, Sorting, Heap (Priority Queue), Matrix"
MEDIUM,Minimum Operations to Make the Array Alternating,29.1,0.3596,https://leetcode.com/problems/minimum-operations-to-make-the-array-alternating,"Array, Hash Table, Greedy, Counting"
HARD,Count Subarrays With Median K,29.1,0.4949,https://leetcode.com/problems/count-subarrays-with-median-k,"Array, Hash Table, Prefix Sum"
HARD,Minimum Swaps to Avoid Forbidden Values,29.1,0.3098,https://leetcode.com/problems/minimum-swaps-to-avoid-forbidden-values,"Array, Hash Table, Greedy, Counting"
EASY,Divide an Array Into Subarrays With Minimum Cost I,29.1,0.8030,https://leetcode.com/problems/divide-an-array-into-subarrays-with-minimum-cost-i,"Array, Sorting, Enumeration"
EASY,Number of Students Unable to Eat Lunch,29.1,0.8004,https://leetcode.com/problems/number-of-students-unable-to-eat-lunch,"Array, Stack, Queue, Simulation"
EASY,Row With Maximum Ones,29.1,0.7415,https://leetcode.com/problems/row-with-maximum-ones,"Array, Matrix"
MEDIUM,Sum of GCD of Formed Pairs,29.1,0.7463,https://leetcode.com/problems/sum-of-gcd-of-formed-pairs,"Array, Math, Two Pointers, Sorting, Simulation, Number Theory"
EASY,Subtree of Another Tree,27.8,0.5224,https://leetcode.com/problems/subtree-of-another-tree,"Tree, Depth-First Search, String Matching, Binary Tree, Hash Function"
MEDIUM,Find the Celebrity,27.8,0.4909,https://leetcode.com/problems/find-the-celebrity,"Two Pointers, Graph Theory, Interactive"
EASY,Meeting Rooms,27.8,0.5958,https://leetcode.com/problems/meeting-rooms,"Array, Sorting, Quicksort"
EASY,Last Stone Weight,27.8,0.6680,https://leetcode.com/problems/last-stone-weight,"Array, Heap (Priority Queue)"
MEDIUM,Flatten Nested List Iterator,27.8,0.6590,https://leetcode.com/problems/flatten-nested-list-iterator,"Stack, Tree, Depth-First Search, Design, Queue, Iterator"
MEDIUM,Partition to K Equal Sum Subsets,27.8,0.3890,https://leetcode.com/problems/partition-to-k-equal-sum-subsets,"Array, Dynamic Programming, Backtracking, Bit Manipulation, Memoization, Bitmask"
HARD,Palindrome Partitioning II,27.8,0.3804,https://leetcode.com/problems/palindrome-partitioning-ii,"String, Dynamic Programming"
MEDIUM,Maximum Length of Pair Chain,27.8,0.6221,https://leetcode.com/problems/maximum-length-of-pair-chain,"Array, Dynamic Programming, Greedy, Sorting, Longest Increasing Subsequence"
MEDIUM,Heaters,27.8,0.4268,https://leetcode.com/problems/heaters,"Array, Two Pointers, Binary Search, Sorting"
EASY,How Many Numbers Are Smaller Than the Current Number,27.8,0.8747,https://leetcode.com/problems/how-many-numbers-are-smaller-than-the-current-number,"Array, Hash Table, Sorting, Counting Sort"
MEDIUM,Design an Expression Tree With Evaluate Function,27.8,0.8249,https://leetcode.com/problems/design-an-expression-tree-with-evaluate-function,"Array, Math, Stack, Tree, Design, Binary Tree"
MEDIUM,Department Highest Salary,27.8,0.5963,https://leetcode.com/problems/department-highest-salary,Database
EASY,Backspace String Compare,27.8,0.5027,https://leetcode.com/problems/backspace-string-compare,"Two Pointers, String, Stack, Simulation"
EASY,Pascal's Triangle II,27.8,0.6808,https://leetcode.com/problems/pascals-triangle-ii,"Array, Dynamic Programming"
HARD,Recover a Tree From Preorder Traversal,27.8,0.8323,https://leetcode.com/problems/recover-a-tree-from-preorder-traversal,"String, Tree, Depth-First Search, Binary Tree"
MEDIUM,Construct Smallest Number From DI String,27.8,0.8551,https://leetcode.com/problems/construct-smallest-number-from-di-string,"String, Backtracking, Stack, Greedy"
MEDIUM,Number of Operations to Make Network Connected,27.8,0.6732,https://leetcode.com/problems/number-of-operations-to-make-network-connected,"Depth-First Search, Breadth-First Search, Union-Find, Graph Theory"
MEDIUM,Remove Covered Intervals,27.8,0.6023,https://leetcode.com/problems/remove-covered-intervals,"Array, Sorting"
MEDIUM,Minimum Cost For Tickets,27.8,0.6749,https://leetcode.com/problems/minimum-cost-for-tickets,"Array, Dynamic Programming"
HARD,Super Washing Machines,27.8,0.4556,https://leetcode.com/problems/super-washing-machines,"Array, Greedy"
MEDIUM,Bulb Switcher,27.8,0.5656,https://leetcode.com/problems/bulb-switcher,"Math, Brainteaser"
HARD,Shortest Palindrome,27.8,0.4319,https://leetcode.com/problems/shortest-palindrome,"String, Rolling Hash, String Matching, Hash Function, Manacher, Z Algorithm, Knuth–Morris–Pratt Algorithm"
MEDIUM,Redundant Connection,27.8,0.6826,https://leetcode.com/problems/redundant-connection,"Depth-First Search, Breadth-First Search, Union-Find, Graph Theory"
MEDIUM,Combination Sum III,27.8,0.7379,https://leetcode.com/problems/combination-sum-iii,"Array, Backtracking"
HARD,N-Queens II,27.8,0.7938,https://leetcode.com/problems/n-queens-ii,"Backtracking, Algorithm X"
HARD,Shortest Path in a Grid with Obstacles Elimination,27.8,0.4674,https://leetcode.com/problems/shortest-path-in-a-grid-with-obstacles-elimination,"Array, Breadth-First Search, Matrix"
MEDIUM,The Number of the Smallest Unoccupied Chair,27.8,0.6033,https://leetcode.com/problems/the-number-of-the-smallest-unoccupied-chair,"Array, Hash Table, Heap (Priority Queue)"
MEDIUM,Move Pieces to Obtain a String,27.8,0.5659,https://leetcode.com/problems/move-pieces-to-obtain-a-string,"Two Pointers, String"
MEDIUM,Partition Array Such That Maximum Difference Is K,27.8,0.8178,https://leetcode.com/problems/partition-array-such-that-maximum-difference-is-k,"Array, Greedy, Sorting"
MEDIUM,Count Unreachable Pairs of Nodes in an Undirected Graph,27.8,0.5029,https://leetcode.com/problems/count-unreachable-pairs-of-nodes-in-an-undirected-graph,"Depth-First Search, Breadth-First Search, Union-Find, Graph Theory"
MEDIUM,Strictly Palindromic Number,27.8,0.9040,https://leetcode.com/problems/strictly-palindromic-number,"Math, Two Pointers, Brainteaser"
EASY,Arranging Coins,27.8,0.4865,https://leetcode.com/problems/arranging-coins,"Math, Binary Search"
EASY,Find the Highest Altitude,27.8,0.8464,https://leetcode.com/problems/find-the-highest-altitude,"Array, Prefix Sum"
HARD,Allocate Mailboxes,27.8,0.5708,https://leetcode.com/problems/allocate-mailboxes,"Array, Math, Dynamic Programming, Sorting"
MEDIUM,Maximum Erasure Value,27.8,0.6449,https://leetcode.com/problems/maximum-erasure-value,"Array, Hash Table, Sliding Window"
EASY,Number of Recent Calls,27.8,0.7909,https://leetcode.com/problems/number-of-recent-calls,"Design, Queue, Data Stream"
MEDIUM,Count Zero Request Servers,27.8,0.3666,https://leetcode.com/problems/count-zero-request-servers,"Array, Hash Table, Sliding Window, Sorting"
MEDIUM,Count Covered Buildings,27.8,0.5869,https://leetcode.com/problems/count-covered-buildings,"Array, Hash Table, Sorting"
HARD,IPO,27.8,0.5386,https://leetcode.com/problems/ipo,"Array, Greedy, Sorting, Heap (Priority Queue)"
MEDIUM,Binary Tree Vertical Order Traversal,26.5,0.5790,https://leetcode.com/problems/binary-tree-vertical-order-traversal,"Hash Table, Tree, Depth-First Search, Breadth-First Search, Sorting, Binary Tree"
MEDIUM,Insert into a Binary Search Tree,26.5,0.7365,https://leetcode.com/problems/insert-into-a-binary-search-tree,"Tree, Binary Search Tree, Binary Tree"
MEDIUM,Design Hit Counter,26.5,0.6975,https://leetcode.com/problems/design-hit-counter,"Array, Binary Search, Design, Queue, Data Stream"
MEDIUM,Continuous Subarray Sum,26.5,0.3169,https://leetcode.com/problems/continuous-subarray-sum,"Array, Hash Table, Math, Prefix Sum, Pigeonhole Principle"
HARD,Best Time to Buy and Sell Stock IV,26.5,0.5140,https://leetcode.com/problems/best-time-to-buy-and-sell-stock-iv,"Array, Dynamic Programming"
MEDIUM,My Calendar I,26.5,0.5841,https://leetcode.com/problems/my-calendar-i,"Array, Binary Search, Design, Segment Tree, Ordered Set"
EASY,Find Common Characters,26.5,0.7486,https://leetcode.com/problems/find-common-characters,"Array, Hash Table, String"
MEDIUM,Maximum Difference Between Node and Ancestor,26.5,0.7827,https://leetcode.com/problems/maximum-difference-between-node-and-ancestor,"Tree, Depth-First Search, Binary Tree"
MEDIUM,Sum Root to Leaf Numbers,26.5,0.7042,https://leetcode.com/problems/sum-root-to-leaf-numbers,"Tree, Depth-First Search, Binary Tree"
MEDIUM,Network Delay Time,26.5,0.6166,https://leetcode.com/problems/network-delay-time,"Depth-First Search, Breadth-First Search, Graph Theory, Heap (Priority Queue), Shortest Path, Dijkstra's Algorithm"
EASY,Logger Rate Limiter,26.5,0.7691,https://leetcode.com/problems/logger-rate-limiter,"Hash Table, Design, Data Stream"
EASY,Most Common Word,26.5,0.4541,https://leetcode.com/problems/most-common-word,"Array, Hash Table, String, Counting"
MEDIUM,Battleships in a Board,26.5,0.7782,https://leetcode.com/problems/battleships-in-a-board,"Array, Depth-First Search, Matrix"
EASY,Can Make Arithmetic Progression From Sequence,26.5,0.6868,https://leetcode.com/problems/can-make-arithmetic-progression-from-sequence,"Array, Sorting"
MEDIUM,Delete and Earn,26.5,0.5758,https://leetcode.com/problems/delete-and-earn,"Array, Hash Table, Dynamic Programming"
MEDIUM,Shortest Subarray to be Removed to Make Array Sorted,26.5,0.5135,https://leetcode.com/problems/shortest-subarray-to-be-removed-to-make-array-sorted,"Array, Two Pointers, Binary Search, Stack, Monotonic Stack"
MEDIUM,Max Number of K-Sum Pairs,26.5,0.5742,https://leetcode.com/problems/max-number-of-k-sum-pairs,"Array, Hash Table, Two Pointers, Sorting"
EASY,Count Number of Pairs With Absolute Difference K,26.5,0.8551,https://leetcode.com/problems/count-number-of-pairs-with-absolute-difference-k,"Array, Hash Table, Counting"
MEDIUM,Minimum Rounds to Complete All Tasks,26.5,0.6343,https://leetcode.com/problems/minimum-rounds-to-complete-all-tasks,"Array, Hash Table, Greedy, Counting"
EASY,Sales Analysis III,26.5,0.4844,https://leetcode.com/problems/sales-analysis-iii,Database
MEDIUM,Exchange Seats,26.5,0.7494,https://leetcode.com/problems/exchange-seats,Database
MEDIUM,Single Number III,26.5,0.7011,https://leetcode.com/problems/single-number-iii,"Array, Bit Manipulation"
MEDIUM,Loud and Rich,26.5,0.6420,https://leetcode.com/problems/loud-and-rich,"Array, Depth-First Search, Graph Theory, Topological Sort, Directed Acyclic Graph"
MEDIUM,Shortest Path with Alternating Colors,26.5,0.4832,https://leetcode.com/problems/shortest-path-with-alternating-colors,"Breadth-First Search, Graph Theory"
EASY,Actors and Directors Who Cooperated At Least Three Times,26.5,0.7151,https://leetcode.com/problems/actors-and-directors-who-cooperated-at-least-three-times,Database
EASY,List the Products Ordered in a Period,26.5,0.7216,https://leetcode.com/problems/list-the-products-ordered-in-a-period,Database
HARD,Longest Duplicate Substring,26.5,0.3148,https://leetcode.com/problems/longest-duplicate-substring,"String, Binary Search, Sliding Window, Rolling Hash, Suffix Array, Hash Function, Suffix Automaton, Suffix Tree, Z Algorithm, Boyer–Moore String-Search Algorithm"
MEDIUM,Most Frequent Subtree Sum,26.5,0.6978,https://leetcode.com/problems/most-frequent-subtree-sum,"Hash Table, Tree, Depth-First Search, Binary Tree, DP on Trees"
HARD,Valid Number,26.5,0.2368,https://leetcode.com/problems/valid-number,String
MEDIUM,Design File System,26.5,0.6521,https://leetcode.com/problems/design-file-system,"Hash Table, String, Design, Trie"
EASY,Sort Array By Parity II,26.5,0.7137,https://leetcode.com/problems/sort-array-by-parity-ii,"Array, Two Pointers, Sorting"
HARD,Find Minimum Time to Finish All Jobs,26.5,0.4633,https://leetcode.com/problems/find-minimum-time-to-finish-all-jobs,"Array, Dynamic Programming, Backtracking, Bit Manipulation, Bitmask"
MEDIUM,Number of Ways to Split Array,26.5,0.5575,https://leetcode.com/problems/number-of-ways-to-split-array,"Array, Prefix Sum"
MEDIUM,Cousins in Binary Tree II,26.5,0.7602,https://leetcode.com/problems/cousins-in-binary-tree-ii,"Hash Table, Tree, Depth-First Search, Breadth-First Search, Binary Tree"
MEDIUM,Clone Binary Tree With Random Pointer,26.5,0.8112,https://leetcode.com/problems/clone-binary-tree-with-random-pointer,"Hash Table, Tree, Depth-First Search, Breadth-First Search, Binary Tree"
MEDIUM,Lowest Common Ancestor of a Binary Tree IV,26.5,0.7963,https://leetcode.com/problems/lowest-common-ancestor-of-a-binary-tree-iv,"Hash Table, Tree, Depth-First Search, Binary Tree, Binary Lifting, Lowest Common Ancestor"
HARD,GCD Sort of an Array,26.5,0.5110,https://leetcode.com/problems/gcd-sort-of-an-array,"Array, Math, Union-Find, Sorting, Number Theory, Prime Factorization, Euclidean Algorithm, Greatest Common Divisor"
MEDIUM,Number of Ways to Select Buildings,26.5,0.5102,https://leetcode.com/problems/number-of-ways-to-select-buildings,"String, Dynamic Programming, Prefix Sum"
HARD,Total Appeal of A String,26.5,0.5678,https://leetcode.com/problems/total-appeal-of-a-string,"Hash Table, String, Dynamic Programming"
MEDIUM,Smallest Number in Infinite Set,26.5,0.7067,https://leetcode.com/problems/smallest-number-in-infinite-set,"Hash Table, Design, Heap (Priority Queue), Ordered Set"
HARD,Maximum Number of Robots Within Budget,26.5,0.3917,https://leetcode.com/problems/maximum-number-of-robots-within-budget,"Array, Binary Search, Queue, Sliding Window, Heap (Priority Queue), Prefix Sum, Monotonic Queue"
HARD,Find the K-Sum of an Array,26.5,0.4202,https://leetcode.com/problems/find-the-k-sum-of-an-array,"Array, Sorting, Heap (Priority Queue)"
MEDIUM,Design Memory Allocator,26.5,0.5090,https://leetcode.com/problems/design-memory-allocator,"Array, Hash Table, Design, Simulation"
MEDIUM,Maximum Element After Decreasing and Rearranging,26.5,0.6916,https://leetcode.com/problems/maximum-element-after-decreasing-and-rearranging,"Array, Greedy, Sorting"
EASY,Largest Odd Number in String,26.5,0.6817,https://leetcode.com/problems/largest-odd-number-in-string,"Math, String, Greedy"
MEDIUM,Lexicographical Numbers,26.5,0.7639,https://leetcode.com/problems/lexicographical-numbers,"Depth-First Search, Trie"
EASY,Triangle Judgement,26.5,0.7531,https://leetcode.com/problems/triangle-judgement,Database
EASY,Invalid Tweets,26.5,0.8528,https://leetcode.com/problems/invalid-tweets,Database
MEDIUM,Minimum Number of Pushes to Type Word II,26.5,0.8312,https://leetcode.com/problems/minimum-number-of-pushes-to-type-word-ii,"Hash Table, String, Greedy, Sorting, Counting"
EASY,Determine Whether Matrix Can Be Obtained By Rotation,26.5,0.6857,https://leetcode.com/problems/determine-whether-matrix-can-be-obtained-by-rotation,"Array, Matrix"
EASY,Count the Number of Special Characters I,26.5,0.7712,https://leetcode.com/problems/count-the-number-of-special-characters-i,"Hash Table, String"
MEDIUM,Minimum Array Sum,26.5,0.3183,https://leetcode.com/problems/minimum-array-sum,"Array, Dynamic Programming"
EASY,Minimum Number of Operations to Make Elements in Array Distinct,26.5,0.7106,https://leetcode.com/problems/minimum-number-of-operations-to-make-elements-in-array-distinct,"Array, Hash Table"
EASY,Substring Matching Pattern,26.5,0.2923,https://leetcode.com/problems/substring-matching-pattern,"String, String Matching"
EASY,Check If Digits Are Equal in String After Operations I,26.5,0.8228,https://leetcode.com/problems/check-if-digits-are-equal-in-string-after-operations-i,"Math, String, Simulation, Combinatorics, Number Theory"
MEDIUM,Maximum Total from Optimal Activation Order,26.5,0.3318,https://leetcode.com/problems/maximum-total-from-optimal-activation-order,"Array, Two Pointers, Greedy, Sorting, Heap (Priority Queue)"
EASY,Trionic Array I,26.5,0.4941,https://leetcode.com/problems/trionic-array-i,Array
MEDIUM,Minimum Removals to Balance Array,26.5,0.4766,https://leetcode.com/problems/minimum-removals-to-balance-array,"Array, Binary Search, Sliding Window, Sorting"
HARD,Maximize Fixed Points After Deletions,26.5,0.1968,https://leetcode.com/problems/maximize-fixed-points-after-deletions,"Array, Binary Search, Sorting"
EASY,Build Array from Permutation,26.5,0.9111,https://leetcode.com/problems/build-array-from-permutation,"Array, Simulation"
EASY,Minimum Number of Pushes to Type Word I,26.5,0.7744,https://leetcode.com/problems/minimum-number-of-pushes-to-type-word-i,"Math, String, Greedy"
EASY,User Activity for the Past 30 Days I,26.5,0.5171,https://leetcode.com/problems/user-activity-for-the-past-30-days-i,Database
EASY,Maximum Nesting Depth of the Parentheses,26.5,0.8511,https://leetcode.com/problems/maximum-nesting-depth-of-the-parentheses,"String, Stack, Bracket Sequences"
HARD,Design Search Autocomplete System,25.1,0.5009,https://leetcode.com/problems/design-search-autocomplete-system,"String, Depth-First Search, Design, Trie, Sorting, Heap (Priority Queue), Data Stream"
HARD,Maximum Frequency Stack,25.1,0.6712,https://leetcode.com/problems/maximum-frequency-stack,"Hash Table, Stack, Design, Ordered Set"
MEDIUM,Encode and Decode TinyURL,25.1,0.8641,https://leetcode.com/problems/encode-and-decode-tinyurl,"Hash Table, String, Design, Hash Function"
EASY,Moving Average from Data Stream,25.1,0.8024,https://leetcode.com/problems/moving-average-from-data-stream,"Array, Design, Queue, Data Stream"
EASY,Intersection of Two Arrays II,25.1,0.6038,https://leetcode.com/problems/intersection-of-two-arrays-ii,"Array, Hash Table, Two Pointers, Binary Search, Sorting"
MEDIUM,Nested List Weight Sum,25.1,0.8600,https://leetcode.com/problems/nested-list-weight-sum,"Depth-First Search, Breadth-First Search"
MEDIUM,Serialize and Deserialize BST,25.1,0.6006,https://leetcode.com/problems/serialize-and-deserialize-bst,"String, Tree, Depth-First Search, Breadth-First Search, Design, Binary Search Tree, Binary Tree"
HARD,Count of Smaller Numbers After Self,25.1,0.4410,https://leetcode.com/problems/count-of-smaller-numbers-after-self,"Array, Binary Search, Divide and Conquer, Binary Indexed Tree, Segment Tree, Merge Sort, Ordered Set, Treap"
MEDIUM,Convert BST to Greater Tree,25.1,0.7199,https://leetcode.com/problems/convert-bst-to-greater-tree,"Tree, Depth-First Search, Binary Search Tree, Binary Tree"
HARD,Max Stack,25.1,0.4605,https://leetcode.com/problems/max-stack,"Linked List, Stack, Design, Doubly-Linked List, Ordered Set"
MEDIUM,Minesweeper,25.1,0.6897,https://leetcode.com/problems/minesweeper,"Array, Depth-First Search, Breadth-First Search, Matrix"
EASY,Longest Palindrome,25.1,0.5627,https://leetcode.com/problems/longest-palindrome,"Hash Table, String, Greedy"
EASY,Sum of Root To Leaf Binary Numbers,25.1,0.7671,https://leetcode.com/problems/sum-of-root-to-leaf-binary-numbers,"Tree, Depth-First Search, Binary Tree"
MEDIUM,Valid Triangle Number,25.1,0.5726,https://leetcode.com/problems/valid-triangle-number,"Array, Two Pointers, Binary Search, Greedy, Sorting"
MEDIUM,Sum of Nodes with Even-Valued Grandparent,25.1,0.8601,https://leetcode.com/problems/sum-of-nodes-with-even-valued-grandparent,"Tree, Depth-First Search, Breadth-First Search, Binary Tree"
MEDIUM,K-diff Pairs in an Array,25.1,0.4639,https://leetcode.com/problems/k-diff-pairs-in-an-array,"Array, Hash Table, Two Pointers, Binary Search, Sorting"
MEDIUM,Maximum Twin Sum of a Linked List,25.1,0.8325,https://leetcode.com/problems/maximum-twin-sum-of-a-linked-list,"Linked List, Two Pointers, Stack"
MEDIUM,Number of Smooth Descent Periods of a Stock,25.1,0.6764,https://leetcode.com/problems/number-of-smooth-descent-periods-of-a-stock,"Array, Math, Two Pointers, Dynamic Programming, Sliding Window"
EASY,Power of Three,25.1,0.5168,https://leetcode.com/problems/power-of-three,"Math, Recursion"
MEDIUM,Remove All Occurrences of a Substring,25.1,0.7870,https://leetcode.com/problems/remove-all-occurrences-of-a-substring,"String, Stack, Simulation"
EASY,Minimum Sum of Four Digit Number After Splitting Digits,25.1,0.8641,https://leetcode.com/problems/minimum-sum-of-four-digit-number-after-splitting-digits,"Math, Greedy, Sorting"
HARD,Number of Distinct Islands II,25.1,0.5570,https://leetcode.com/problems/number-of-distinct-islands-ii,"Array, Hash Table, Depth-First Search, Breadth-First Search, Union-Find, Sorting, Matrix, Hash Function"
MEDIUM,Number of Dice Rolls With Target Sum,25.1,0.6268,https://leetcode.com/problems/number-of-dice-rolls-with-target-sum,Dynamic Programming
HARD,Longest Increasing Path in a Matrix,25.1,0.5709,https://leetcode.com/problems/longest-increasing-path-in-a-matrix,"Array, Dynamic Programming, Depth-First Search, Breadth-First Search, Graph Theory, Topological Sort, Memoization, Matrix, Directed Acyclic Graph"
HARD,Serialize and Deserialize N-ary Tree,25.1,0.6900,https://leetcode.com/problems/serialize-and-deserialize-n-ary-tree,"String, Tree, Depth-First Search, Breadth-First Search"
MEDIUM,Minimum Genetic Mutation,25.1,0.5721,https://leetcode.com/problems/minimum-genetic-mutation,"Hash Table, String, Breadth-First Search, Bidirectional Search"
MEDIUM,Get Watched Videos by Your Friends,25.1,0.5429,https://leetcode.com/problems/get-watched-videos-by-your-friends,"Array, Hash Table, Breadth-First Search, Graph Theory, Sorting"
MEDIUM,Unique Binary Search Trees II,25.1,0.6342,https://leetcode.com/problems/unique-binary-search-trees-ii,"Dynamic Programming, Backtracking, Tree, Binary Search Tree, Binary Tree"
MEDIUM,Largest Divisible Subset,25.1,0.5012,https://leetcode.com/problems/largest-divisible-subset,"Array, Math, Dynamic Programming, Sorting"
EASY,Reformat Department Table,25.1,0.7650,https://leetcode.com/problems/reformat-department-table,Database
EASY,Binary Tree Preorder Traversal,25.1,0.7674,https://leetcode.com/problems/binary-tree-preorder-traversal,"Stack, Tree, Depth-First Search, Binary Tree"
EASY,Delete Duplicate Emails,25.1,0.6694,https://leetcode.com/problems/delete-duplicate-emails,Database
MEDIUM,All Paths From Source to Target,25.1,0.8381,https://leetcode.com/problems/all-paths-from-source-to-target,"Backtracking, Depth-First Search, Breadth-First Search, Graph Theory, Directed Acyclic Graph"
HARD,Orderly Queue,25.1,0.6726,https://leetcode.com/problems/orderly-queue,"Math, String, Sorting, Lexicographically Minimal String Rotation"
MEDIUM,Uncrossed Lines,25.1,0.6566,https://leetcode.com/problems/uncrossed-lines,"Array, Dynamic Programming, Longest Common Subsequence"
HARD,Maximum Score Words Formed by Letters,25.1,0.8150,https://leetcode.com/problems/maximum-score-words-formed-by-letters,"Array, Hash Table, String, Dynamic Programming, Backtracking, Bit Manipulation, Counting, Bitmask"
MEDIUM,Check If Array Pairs Are Divisible by k,25.1,0.4621,https://leetcode.com/problems/check-if-array-pairs-are-divisible-by-k,"Array, Hash Table, Counting"
MEDIUM,Path With Minimum Effort,25.1,0.6408,https://leetcode.com/problems/path-with-minimum-effort,"Array, Binary Search, Depth-First Search, Breadth-First Search, Union-Find, Heap (Priority Queue), Matrix, Dijkstra's Algorithm"
MEDIUM,Bulls and Cows,25.1,0.5304,https://leetcode.com/problems/bulls-and-cows,"Hash Table, String, Counting"
MEDIUM,Minimum Number of Arrows to Burst Balloons,25.1,0.6194,https://leetcode.com/problems/minimum-number-of-arrows-to-burst-balloons,"Array, Greedy, Sorting"
MEDIUM,Find and Replace Pattern,25.1,0.7716,https://leetcode.com/problems/find-and-replace-pattern,"Array, Hash Table, String"
MEDIUM,Minimum Number of Operations to Sort a Binary Tree by Level,25.1,0.7425,https://leetcode.com/problems/minimum-number-of-operations-to-sort-a-binary-tree-by-level,"Tree, Breadth-First Search, Binary Tree"
MEDIUM,Fair Distribution of Cookies,25.1,0.7011,https://leetcode.com/problems/fair-distribution-of-cookies,"Array, Dynamic Programming, Backtracking, Bit Manipulation, Bitmask"
MEDIUM,Count the Hidden Sequences,25.1,0.5667,https://leetcode.com/problems/count-the-hidden-sequences,"Array, Prefix Sum"
MEDIUM,Minimum Sum of Squared Difference,25.1,0.2708,https://leetcode.com/problems/minimum-sum-of-squared-difference,"Array, Binary Search, Greedy, Sorting, Heap (Priority Queue)"
MEDIUM,Optimal Partition of String,25.1,0.7852,https://leetcode.com/problems/optimal-partition-of-string,"Hash Table, String, Greedy"
HARD,Count Stepping Numbers in Range,25.1,0.2996,https://leetcode.com/problems/count-stepping-numbers-in-range,"String, Dynamic Programming"
EASY,Ugly Number,25.1,0.4424,https://leetcode.com/problems/ugly-number,Math
HARD,Minimum Number of Moves to Make Palindrome,25.1,0.5312,https://leetcode.com/problems/minimum-number-of-moves-to-make-palindrome,"Two Pointers, String, Greedy, Binary Indexed Tree"
MEDIUM,Maximum Subarray Sum with One Deletion,25.1,0.4970,https://leetcode.com/problems/maximum-subarray-sum-with-one-deletion,"Array, Dynamic Programming"
EASY,Queries Quality and Percentage,25.1,0.5507,https://leetcode.com/problems/queries-quality-and-percentage,Database
MEDIUM,Maximum Ice Cream Bars,25.1,0.7726,https://leetcode.com/problems/maximum-ice-cream-bars,"Array, Greedy, Sorting, Counting Sort"
MEDIUM,Concatenation of Consecutive Binary Numbers,25.1,0.6671,https://leetcode.com/problems/concatenation-of-consecutive-binary-numbers,"Math, Bit Manipulation, Simulation"
MEDIUM,Maximize Happiness of Selected Children,25.1,0.5864,https://leetcode.com/problems/maximize-happiness-of-selected-children,"Array, Greedy, Sorting"
HARD,Design an Array Statistics Tracker ,25.1,0.3573,https://leetcode.com/problems/design-an-array-statistics-tracker,"Hash Table, Binary Search, Design, Queue, Heap (Priority Queue), Data Stream, Ordered Set"
MEDIUM,Maximize Y‑Sum by Picking a Triplet of Distinct X‑Values,25.1,0.6287,https://leetcode.com/problems/maximize-ysum-by-picking-a-triplet-of-distinct-xvalues,"Array, Hash Table, Greedy, Sorting, Heap (Priority Queue)"
HARD,Maximum Bitwise AND After Increment Operations,25.1,0.3119,https://leetcode.com/problems/maximum-bitwise-and-after-increment-operations,"Array, Greedy, Bit Manipulation, Sorting"
MEDIUM,Minimum Operations to Sort a String,25.1,0.1954,https://leetcode.com/problems/minimum-operations-to-sort-a-string,String
MEDIUM,Shortest Bridge,25.1,0.5981,https://leetcode.com/problems/shortest-bridge,"Array, Depth-First Search, Breadth-First Search, Matrix"
MEDIUM,Number of Substrings Containing All Three Characters,25.1,0.7444,https://leetcode.com/problems/number-of-substrings-containing-all-three-characters,"Hash Table, String, Sliding Window"
MEDIUM,Find the Maximum Number of Elements in Subset,25.1,0.4228,https://leetcode.com/problems/find-the-maximum-number-of-elements-in-subset,"Array, Hash Table, Enumeration"
MEDIUM,Maximum Candies Allocated to K Children,25.1,0.4989,https://leetcode.com/problems/maximum-candies-allocated-to-k-children,"Array, Binary Search"
HARD,Lexicographically Maximum MEX Array,25.1,0.5364,https://leetcode.com/problems/lexicographically-maximum-mex-array,"Array, Hash Table, Greedy, Queue"
MEDIUM,Minimum Operations to Sort a Permutation,25.1,0.2788,https://leetcode.com/problems/minimum-operations-to-sort-a-permutation,Array
MEDIUM,Convert Sorted List to Binary Search Tree,25.0,0.6746,https://leetcode.com/problems/convert-sorted-list-to-binary-search-tree,"Linked List, Divide and Conquer, Tree, Binary Search Tree, Binary Tree"
HARD,Max Points on a Line,25.0,0.3151,https://leetcode.com/problems/max-points-on-a-line,"Array, Hash Table, Math, Geometry, Euclidean Algorithm, Greatest Common Divisor"
MEDIUM,Add Two Numbers II,25.0,0.6306,https://leetcode.com/problems/add-two-numbers-ii,"Linked List, Math, Stack"
EASY,Counting Bits,25.0,0.8077,https://leetcode.com/problems/counting-bits,"Dynamic Programming, Bit Manipulation"
MEDIUM,Pairs of Songs With Total Durations Divisible by 60,25.0,0.5356,https://leetcode.com/problems/pairs-of-songs-with-total-durations-divisible-by-60,"Array, Hash Table, Counting"
EASY,Find Winner on a Tic Tac Toe Game,25.0,0.5471,https://leetcode.com/problems/find-winner-on-a-tic-tac-toe-game,"Array, Hash Table, Matrix, Simulation"
MEDIUM,Car Pooling,25.0,0.5654,https://leetcode.com/problems/car-pooling,"Array, Sorting, Heap (Priority Queue), Simulation, Prefix Sum"
MEDIUM,Find Duplicate Subtrees,25.0,0.6089,https://leetcode.com/problems/find-duplicate-subtrees,"Hash Table, Tree, Depth-First Search, Binary Tree"
MEDIUM,Game of Life,25.0,0.7308,https://leetcode.com/problems/game-of-life,"Array, Matrix, Simulation"
MEDIUM,Remove Duplicates from Sorted List II,25.0,0.5260,https://leetcode.com/problems/remove-duplicates-from-sorted-list-ii,"Linked List, Two Pointers"
MEDIUM,Minimum Remove to Make Valid Parentheses,25.0,0.7163,https://leetcode.com/problems/minimum-remove-to-make-valid-parentheses,"String, Stack"
MEDIUM,Walls and Gates,25.0,0.6419,https://leetcode.com/problems/walls-and-gates,"Array, Breadth-First Search, Matrix"
MEDIUM,Solve the Equation,25.0,0.4675,https://leetcode.com/problems/solve-the-equation,"Math, String, Simulation, Linear Algebra"
MEDIUM,Find K-Length Substrings With No Repeated Characters,25.0,0.7651,https://leetcode.com/problems/find-k-length-substrings-with-no-repeated-characters,"Hash Table, String, Sliding Window"
EASY,Word Pattern,25.0,0.4471,https://leetcode.com/problems/word-pattern,"Hash Table, String"
MEDIUM,Maximum Swap,25.0,0.5211,https://leetcode.com/problems/maximum-swap,"Math, Greedy"
MEDIUM,Factorial Trailing Zeroes,25.0,0.4747,https://leetcode.com/problems/factorial-trailing-zeroes,Math
HARD,Cut Off Trees for Golf Event,25.0,0.3695,https://leetcode.com/problems/cut-off-trees-for-golf-event,"Array, Breadth-First Search, Heap (Priority Queue), Matrix"
EASY,Two Sum Less Than K,25.0,0.6215,https://leetcode.com/problems/two-sum-less-than-k,"Array, Two Pointers, Binary Search, Sorting"
HARD,Unique Paths III,25.0,0.8299,https://leetcode.com/problems/unique-paths-iii,"Array, Backtracking, Bit Manipulation, Matrix, Hamiltonian Path"
EASY,Binary Tree Paths,25.0,0.6941,https://leetcode.com/problems/binary-tree-paths,"String, Backtracking, Tree, Depth-First Search, Binary Tree"
MEDIUM,Two Sum BSTs,25.0,0.6821,https://leetcode.com/problems/two-sum-bsts,"Two Pointers, Binary Search, Stack, Tree, Depth-First Search, Binary Search Tree, Binary Tree"
MEDIUM,Range Sum Query 2D - Immutable,25.0,0.5908,https://leetcode.com/problems/range-sum-query-2d-immutable,"Array, Design, Matrix, Prefix Sum"
MEDIUM,Count Number of Teams,25.0,0.7021,https://leetcode.com/problems/count-number-of-teams,"Array, Dynamic Programming, Binary Indexed Tree, Segment Tree"
EASY,String Matching in an Array,25.0,0.6986,https://leetcode.com/problems/string-matching-in-an-array,"Array, String, String Matching"
EASY,Remove Vowels from a String,25.0,0.9129,https://leetcode.com/problems/remove-vowels-from-a-string,String
EASY,Find the Town Judge,25.0,0.5112,https://leetcode.com/problems/find-the-town-judge,"Array, Hash Table, Graph Theory"
MEDIUM,Perfect Squares,25.0,0.5692,https://leetcode.com/problems/perfect-squares,"Math, Dynamic Programming, Breadth-First Search, Knapsack Problem, Complete Knapsack"
EASY,Island Perimeter,25.0,0.7442,https://leetcode.com/problems/island-perimeter,"Array, Depth-First Search, Breadth-First Search, Matrix"
MEDIUM,Minimum Height Trees,25.0,0.4285,https://leetcode.com/problems/minimum-height-trees,"Depth-First Search, Breadth-First Search, Graph Theory, Topological Sort"
MEDIUM,Distribute Coins in Binary Tree,25.0,0.7739,https://leetcode.com/problems/distribute-coins-in-binary-tree,"Tree, Depth-First Search, Binary Tree, DP on Trees"
EASY,Find Words That Can Be Formed by Characters,25.0,0.7177,https://leetcode.com/problems/find-words-that-can-be-formed-by-characters,"Array, Hash Table, String, Counting"
MEDIUM,Delete Leaves With a Given Value,25.0,0.7721,https://leetcode.com/problems/delete-leaves-with-a-given-value,"Tree, Depth-First Search, Binary Tree"
MEDIUM,All Elements in Two Binary Search Trees,25.0,0.8043,https://leetcode.com/problems/all-elements-in-two-binary-search-trees,"Tree, Depth-First Search, Binary Search Tree, Sorting, Binary Tree"
MEDIUM,Equal Tree Partition,25.0,0.4230,https://leetcode.com/problems/equal-tree-partition,"Tree, Depth-First Search, Binary Tree"
EASY,Prime Arrangements,25.0,0.6347,https://leetcode.com/problems/prime-arrangements,"Math, Primality Test, Sieve Theory, Prime Number Sieve"
EASY,Prime Number of Set Bits in Binary Representation,25.0,0.7904,https://leetcode.com/problems/prime-number-of-set-bits-in-binary-representation,"Math, Bit Manipulation, Primality Test"
EASY,The K Weakest Rows in a Matrix,25.0,0.7456,https://leetcode.com/problems/the-k-weakest-rows-in-a-matrix,"Array, Binary Search, Sorting, Heap (Priority Queue), Matrix"
MEDIUM,Optimal Division,25.0,0.6378,https://leetcode.com/problems/optimal-division,"Array, Math, Dynamic Programming"
MEDIUM,Monotone Increasing Digits,25.0,0.5008,https://leetcode.com/problems/monotone-increasing-digits,"Math, Greedy"
MEDIUM,Closest Divisors,25.0,0.6444,https://leetcode.com/problems/closest-divisors,"Math, Prime Factorization"
MEDIUM,Complex Number Multiplication,25.0,0.7384,https://leetcode.com/problems/complex-number-multiplication,"Math, String, Simulation"
EASY,Index Pairs of a String,25.0,0.6868,https://leetcode.com/problems/index-pairs-of-a-string,"Array, String, Trie, Sorting, Aho–Corasick Algorithm"
EASY,Sum of Digits in the Minimum Number,25.0,0.7657,https://leetcode.com/problems/sum-of-digits-in-the-minimum-number,"Array, Math"
EASY,Number of Days in a Month,25.0,0.5926,https://leetcode.com/problems/number-of-days-in-a-month,Math
EASY,Armstrong Number,25.0,0.7777,https://leetcode.com/problems/armstrong-number,Math
EASY,Largest Unique Number,25.0,0.7128,https://leetcode.com/problems/largest-unique-number,"Array, Hash Table, Sorting"
EASY,Diet Plan Performance,25.0,0.5617,https://leetcode.com/problems/diet-plan-performance,"Array, Sliding Window"
MEDIUM,Queries on a Permutation With Key,25.0,0.8509,https://leetcode.com/problems/queries-on-a-permutation-with-key,"Array, Binary Indexed Tree, Simulation, Sqrt Decomposition"
MEDIUM,Minimum Cost to Connect Sticks,25.0,0.7210,https://leetcode.com/problems/minimum-cost-to-connect-sticks,"Array, Greedy, Heap (Priority Queue)"
MEDIUM,Last Stone Weight II,25.0,0.6094,https://leetcode.com/problems/last-stone-weight-ii,"Array, Dynamic Programming, Knapsack Problem, 0-1 Knapsack"
MEDIUM,Number of Laser Beams in a Bank,25.0,0.8698,https://leetcode.com/problems/number-of-laser-beams-in-a-bank,"Array, Math, String, Matrix"
EASY,Sort Array by Increasing Frequency,25.0,0.8108,https://leetcode.com/problems/sort-array-by-increasing-frequency,"Array, Hash Table, Sorting"
MEDIUM,2 Keys Keyboard,25.0,0.5951,https://leetcode.com/problems/2-keys-keyboard,"Math, Dynamic Programming"
MEDIUM,Reorder Routes to Make All Paths Lead to the City Zero,25.0,0.6618,https://leetcode.com/problems/reorder-routes-to-make-all-paths-lead-to-the-city-zero,"Depth-First Search, Breadth-First Search, Graph Theory"
MEDIUM,Design Front Middle Back Queue,25.0,0.5878,https://leetcode.com/problems/design-front-middle-back-queue,"Array, Linked List, Design, Queue, Doubly-Linked List, Data Stream"
EASY,N-th Tribonacci Number,25.0,0.6304,https://leetcode.com/problems/n-th-tribonacci-number,"Math, Dynamic Programming, Memoization"
EASY,Number of Good Pairs,25.0,0.8994,https://leetcode.com/problems/number-of-good-pairs,"Array, Hash Table, Math, Counting"
MEDIUM,Minimum Swaps to Group All 1's Together II,25.0,0.6576,https://leetcode.com/problems/minimum-swaps-to-group-all-1s-together-ii,"Array, Sliding Window"
MEDIUM,Minimum Operations to Reduce X to Zero,25.0,0.4504,https://leetcode.com/problems/minimum-operations-to-reduce-x-to-zero,"Array, Hash Table, Binary Search, Sliding Window, Prefix Sum"
MEDIUM,Sort Features by Popularity,25.0,0.6629,https://leetcode.com/problems/sort-features-by-popularity,"Array, Hash Table, String, Sorting"
MEDIUM,Max Chunks To Make Sorted,25.0,0.6431,https://leetcode.com/problems/max-chunks-to-make-sorted,"Array, Stack, Greedy, Sorting, Monotonic Stack"
EASY,Transpose Matrix,25.0,0.7730,https://leetcode.com/problems/transpose-matrix,"Array, Matrix, Simulation"
EASY,Final Prices With a Special Discount in a Shop,25.0,0.8436,https://leetcode.com/problems/final-prices-with-a-special-discount-in-a-shop,"Array, Stack, Monotonic Stack"
MEDIUM,Sum of Square Numbers,25.0,0.3705,https://leetcode.com/problems/sum-of-square-numbers,"Math, Two Pointers, Binary Search"
EASY,Search in a Binary Search Tree,25.0,0.8318,https://leetcode.com/problems/search-in-a-binary-search-tree,"Tree, Binary Search Tree, Binary Tree"
HARD,Longest Happy Prefix,25.0,0.5398,https://leetcode.com/problems/longest-happy-prefix,"String, Rolling Hash, String Matching, Hash Function, Z Algorithm, Knuth–Morris–Pratt Algorithm"
MEDIUM,Nearest Exit from Entrance in Maze,25.0,0.4920,https://leetcode.com/problems/nearest-exit-from-entrance-in-maze,"Array, Breadth-First Search, Matrix"
MEDIUM,Minimum Average Difference,25.0,0.4407,https://leetcode.com/problems/minimum-average-difference,"Array, Prefix Sum"
HARD,Maximum Number of Achievable Transfer Requests,25.0,0.6486,https://leetcode.com/problems/maximum-number-of-achievable-transfer-requests,"Array, Backtracking, Bit Manipulation, Enumeration"
MEDIUM,Form Array by Concatenating Subarrays of Another Array,25.0,0.5513,https://leetcode.com/problems/form-array-by-concatenating-subarrays-of-another-array,"Array, Two Pointers, Greedy, String Matching, Knuth–Morris–Pratt Algorithm"
MEDIUM,Sum of Beauty in the Array,25.0,0.5205,https://leetcode.com/problems/sum-of-beauty-in-the-array,Array
EASY,Kth Distinct String in an Array,25.0,0.8221,https://leetcode.com/problems/kth-distinct-string-in-an-array,"Array, Hash Table, String, Counting"
MEDIUM,Decode the Slanted Ciphertext,25.0,0.6766,https://leetcode.com/problems/decode-the-slanted-ciphertext,"String, Simulation"
MEDIUM,Adding Spaces to a String,25.0,0.7187,https://leetcode.com/problems/adding-spaces-to-a-string,"Array, Two Pointers, String, Simulation"
MEDIUM,Minimum Numbers of Function Calls to Make Target Array,25.0,0.6285,https://leetcode.com/problems/minimum-numbers-of-function-calls-to-make-target-array,"Array, Greedy, Bit Manipulation"
MEDIUM,Minimize the Difference Between Target and Chosen Elements,25.0,0.3721,https://leetcode.com/problems/minimize-the-difference-between-target-and-chosen-elements,"Array, Dynamic Programming, Matrix"
HARD,Basic Calculator III,25.0,0.5354,https://leetcode.com/problems/basic-calculator-iii,"Math, String, Stack, Recursion"
HARD,Minimum Cost to Merge Stones,25.0,0.4709,https://leetcode.com/problems/minimum-cost-to-merge-stones,"Array, Dynamic Programming, Prefix Sum"
MEDIUM,Path With Maximum Minimum Value,25.0,0.5478,https://leetcode.com/problems/path-with-maximum-minimum-value,"Array, Binary Search, Depth-First Search, Breadth-First Search, Union-Find, Heap (Priority Queue), Matrix, Dijkstra's Algorithm"
MEDIUM,Maximum Average Subtree,25.0,0.6700,https://leetcode.com/problems/maximum-average-subtree,"Tree, Depth-First Search, Binary Tree"
MEDIUM,Connecting Cities With Minimum Cost,25.0,0.6368,https://leetcode.com/problems/connecting-cities-with-minimum-cost,"Union-Find, Graph Theory, Heap (Priority Queue), Minimum Spanning Tree"
EASY,Sales Analysis II,25.0,0.5019,https://leetcode.com/problems/sales-analysis-ii,Database
EASY,Minimum Depth of Binary Tree,25.0,0.5385,https://leetcode.com/problems/minimum-depth-of-binary-tree,"Tree, Depth-First Search, Breadth-First Search, Binary Tree"
HARD,Minimum Difficulty of a Job Schedule,25.0,0.5981,https://leetcode.com/problems/minimum-difficulty-of-a-job-schedule,"Array, Dynamic Programming"
HARD,Number of Submatrices That Sum to Target,25.0,0.7472,https://leetcode.com/problems/number-of-submatrices-that-sum-to-target,"Array, Hash Table, Matrix, Prefix Sum"
HARD,Find Cumulative Salary of an Employee,25.0,0.4962,https://leetcode.com/problems/find-cumulative-salary-of-an-employee,Database
HARD,Trips and Users,25.0,0.3926,https://leetcode.com/problems/trips-and-users,Database
MEDIUM,Longest Happy String,25.0,0.6557,https://leetcode.com/problems/longest-happy-string,"String, Greedy, Heap (Priority Queue)"
MEDIUM,Missing Element in Sorted Array,25.0,0.5975,https://leetcode.com/problems/missing-element-in-sorted-array,"Array, Binary Search"
MEDIUM,Design Linked List,25.0,0.3089,https://leetcode.com/problems/design-linked-list,"Linked List, Design"
HARD,Sales by Day of the Week,25.0,0.7612,https://leetcode.com/problems/sales-by-day-of-the-week,Database
MEDIUM,Remove Sub-Folders from the Filesystem,25.0,0.7860,https://leetcode.com/problems/remove-sub-folders-from-the-filesystem,"Array, String, Depth-First Search, Trie"
MEDIUM,Split Array into Fibonacci Sequence,25.0,0.4071,https://leetcode.com/problems/split-array-into-fibonacci-sequence,"String, Backtracking"
EASY,Sales Analysis I,25.0,0.7486,https://leetcode.com/problems/sales-analysis-i,Database
EASY,Friendly Movies Streamed Last Month,25.0,0.4889,https://leetcode.com/problems/friendly-movies-streamed-last-month,Database
HARD,Minimum Swaps To Make Sequences Increasing,25.0,0.4198,https://leetcode.com/problems/minimum-swaps-to-make-sequences-increasing,"Array, Dynamic Programming"
EASY,Product Sales Analysis II,25.0,0.8273,https://leetcode.com/problems/product-sales-analysis-ii,Database
EASY,Find the Team Size,25.0,0.8955,https://leetcode.com/problems/find-the-team-size,Database
EASY,Customer Order Frequency,25.0,0.6618,https://leetcode.com/problems/customer-order-frequency,Database
MEDIUM,Construct String from Binary Tree,25.0,0.7094,https://leetcode.com/problems/construct-string-from-binary-tree,"String, Tree, Depth-First Search, Binary Tree"
HARD,Maximum Number of Non-Overlapping Substrings,25.0,0.6498,https://leetcode.com/problems/maximum-number-of-non-overlapping-substrings,"Hash Table, String, Greedy, Sorting"
MEDIUM,Distant Barcodes,25.0,0.4955,https://leetcode.com/problems/distant-barcodes,"Array, Hash Table, Greedy, Sorting, Heap (Priority Queue), Counting"
MEDIUM,Insufficient Nodes in Root to Leaf Paths,25.0,0.5596,https://leetcode.com/problems/insufficient-nodes-in-root-to-leaf-paths,"Tree, Depth-First Search, Binary Tree"
HARD,Handshakes That Don't Cross,25.0,0.6136,https://leetcode.com/problems/handshakes-that-dont-cross,"Math, Dynamic Programming"
MEDIUM,Number of Steps to Reduce a Number in Binary Representation to One,25.0,0.6374,https://leetcode.com/problems/number-of-steps-to-reduce-a-number-in-binary-representation-to-one,"String, Bit Manipulation, Simulation"
EASY,NPV Queries,25.0,0.8285,https://leetcode.com/problems/npv-queries,Database
MEDIUM,Find the Index of the Large Integer,25.0,0.5668,https://leetcode.com/problems/find-the-index-of-the-large-integer,"Array, Binary Search, Interactive"
HARD,Numbers At Most N Given Digit Set,25.0,0.4613,https://leetcode.com/problems/numbers-at-most-n-given-digit-set,"Array, Math, String, Binary Search, Dynamic Programming"
HARD,Digit Count in Range,25.0,0.4607,https://leetcode.com/problems/digit-count-in-range,"Math, Dynamic Programming"
HARD,Largest Multiple of Three,25.0,0.3356,https://leetcode.com/problems/largest-multiple-of-three,"Array, Math, Dynamic Programming, Greedy, Sorting"
EASY,Students With Invalid Departments,25.0,0.8970,https://leetcode.com/problems/students-with-invalid-departments,Database
HARD,Find Critical and Pseudo-Critical Edges in Minimum Spanning Tree,25.0,0.6679,https://leetcode.com/problems/find-critical-and-pseudo-critical-edges-in-minimum-spanning-tree,"Union-Find, Graph Theory, Sorting, Minimum Spanning Tree, Strongly Connected Component, Prim's Algorithm, Kruskal's Algorithm, Borůvka's Algorithm"
MEDIUM,Prison Cells After N Days,25.0,0.3935,https://leetcode.com/problems/prison-cells-after-n-days,"Array, Hash Table, Math, Bit Manipulation, Floyd's Cycle Finding Algorithm"
HARD,The Skyline Problem,25.0,0.4601,https://leetcode.com/problems/the-skyline-problem,"Array, Divide and Conquer, Binary Indexed Tree, Segment Tree, Sweep Line, Sorting, Heap (Priority Queue), Ordered Set"
HARD,Insert Delete GetRandom O(1) - Duplicates allowed,25.0,0.3705,https://leetcode.com/problems/insert-delete-getrandom-o1-duplicates-allowed,"Array, Hash Table, Math, Design, Randomized"
MEDIUM,Reverse Words in a String II,25.0,0.5687,https://leetcode.com/problems/reverse-words-in-a-string-ii,"Two Pointers, String"
HARD,Number of Digit One,25.0,0.3993,https://leetcode.com/problems/number-of-digit-one,"Math, Dynamic Programming, Recursion"
HARD,Guess the Word,25.0,0.3657,https://leetcode.com/problems/guess-the-word,"Array, Math, String, Minimax, Interactive, Game Theory"
EASY,Excel Sheet Column Number,25.0,0.6849,https://leetcode.com/problems/excel-sheet-column-number,"Math, String"
EASY,High Five,25.0,0.7426,https://leetcode.com/problems/high-five,"Array, Hash Table, Sorting, Heap (Priority Queue)"
MEDIUM,Global and Local Inversions,25.0,0.4307,https://leetcode.com/problems/global-and-local-inversions,"Array, Math"
MEDIUM,Construct Binary Tree from Inorder and Postorder Traversal,25.0,0.6967,https://leetcode.com/problems/construct-binary-tree-from-inorder-and-postorder-traversal,"Array, Hash Table, Divide and Conquer, Tree, Binary Tree"
HARD,Find K-th Smallest Pair Distance,25.0,0.4685,https://leetcode.com/problems/find-k-th-smallest-pair-distance,"Array, Two Pointers, Binary Search, Sorting"
EASY,Reverse String II,25.0,0.5464,https://leetcode.com/problems/reverse-string-ii,"Two Pointers, String"
EASY,Binary Tree Postorder Traversal,25.0,0.7908,https://leetcode.com/problems/binary-tree-postorder-traversal,"Stack, Tree, Depth-First Search, Binary Tree"
MEDIUM,Ugly Number II,25.0,0.4983,https://leetcode.com/problems/ugly-number-ii,"Hash Table, Math, Dynamic Programming, Heap (Priority Queue)"
MEDIUM,Elimination Game,25.0,0.4689,https://leetcode.com/problems/elimination-game,"Math, Recursion"
MEDIUM,Longest Repeating Substring,25.0,0.6345,https://leetcode.com/problems/longest-repeating-substring,"String, Binary Search, Dynamic Programming, Rolling Hash, Suffix Array, Hash Function, Suffix Automaton, Suffix Tree"
MEDIUM,Construct Binary Tree from String,25.0,0.5868,https://leetcode.com/problems/construct-binary-tree-from-string,"String, Stack, Tree, Depth-First Search, Binary Tree"
MEDIUM,Closest Leaf in a Binary Tree,25.0,0.4751,https://leetcode.com/problems/closest-leaf-in-a-binary-tree,"Tree, Depth-First Search, Breadth-First Search, Binary Tree"
EASY,Valid Perfect Square,25.0,0.4512,https://leetcode.com/problems/valid-perfect-square,"Math, Binary Search"
MEDIUM,Snapshot Array,25.0,0.3682,https://leetcode.com/problems/snapshot-array,"Array, Hash Table, Binary Search, Design, Persistent Data Structure"
EASY,Remove Palindromic Subsequences,25.0,0.7728,https://leetcode.com/problems/remove-palindromic-subsequences,"Two Pointers, String"
MEDIUM,Count Servers that Communicate,25.0,0.7360,https://leetcode.com/problems/count-servers-that-communicate,"Array, Depth-First Search, Breadth-First Search, Union-Find, Matrix, Counting"
EASY,Find N Unique Integers Sum up to Zero,25.0,0.7846,https://leetcode.com/problems/find-n-unique-integers-sum-up-to-zero,"Array, Math"
MEDIUM,Minimum Adjacent Swaps to Make a Valid Array,25.0,0.7224,https://leetcode.com/problems/minimum-adjacent-swaps-to-make-a-valid-array,"Array, Greedy"
MEDIUM,Remove Nodes From Linked List,25.0,0.7525,https://leetcode.com/problems/remove-nodes-from-linked-list,"Linked List, Stack, Recursion, Monotonic Stack"
MEDIUM,Count Beautiful Substrings I,25.0,0.6119,https://leetcode.com/problems/count-beautiful-substrings-i,"Hash Table, Math, String, Enumeration, Number Theory, Prefix Sum"
MEDIUM,Maximum Alternating Subarray Sum,25.0,0.3980,https://leetcode.com/problems/maximum-alternating-subarray-sum,"Array, Dynamic Programming"
HARD,Next Palindrome Using Same Digits,25.0,0.5426,https://leetcode.com/problems/next-palindrome-using-same-digits,"Two Pointers, String"
HARD,Check for Contradictions in Equations,25.0,0.4385,https://leetcode.com/problems/check-for-contradictions-in-equations,"Array, String, Depth-First Search, Union-Find, Graph Theory"
MEDIUM,Maximize Number of Subsequences in a String,25.0,0.3637,https://leetcode.com/problems/maximize-number-of-subsequences-in-a-string,"String, Greedy, Prefix Sum"
MEDIUM,K Divisible Elements Subarrays,25.0,0.5532,https://leetcode.com/problems/k-divisible-elements-subarrays,"Array, Hash Table, Trie, Rolling Hash, Hash Function, Enumeration"
MEDIUM,Count Number of Texts,25.0,0.5078,https://leetcode.com/problems/count-number-of-texts,"Hash Table, Math, String, Dynamic Programming"
MEDIUM,Maximum Consecutive Floors Without Special Floors,25.0,0.5284,https://leetcode.com/problems/maximum-consecutive-floors-without-special-floors,"Array, Sorting"
MEDIUM,Maximum Bags With Full Capacity of Rocks,25.0,0.6833,https://leetcode.com/problems/maximum-bags-with-full-capacity-of-rocks,"Array, Greedy, Sorting"
HARD,Design a Text Editor,25.0,0.5195,https://leetcode.com/problems/design-a-text-editor,"Linked List, String, Stack, Design, Simulation, Doubly-Linked List"
MEDIUM,Design a Food Rating System,25.0,0.5289,https://leetcode.com/problems/design-a-food-rating-system,"Array, Hash Table, String, Design, Heap (Priority Queue), Ordered Set"
MEDIUM,Product Sales Analysis IV,25.0,0.7605,https://leetcode.com/problems/product-sales-analysis-iv,Database
MEDIUM,Maximum Matching of Players With Trainers,25.0,0.7551,https://leetcode.com/problems/maximum-matching-of-players-with-trainers,"Array, Two Pointers, Greedy, Sorting"
MEDIUM,Smallest Subarrays With Maximum Bitwise OR,25.0,0.6192,https://leetcode.com/problems/smallest-subarrays-with-maximum-bitwise-or,"Array, Binary Search, Bit Manipulation, Sliding Window"
EASY,Split With Minimum Sum,25.0,0.7393,https://leetcode.com/problems/split-with-minimum-sum,"Math, Greedy, Sorting"
MEDIUM,Find the Divisibility Array of a String,25.0,0.3698,https://leetcode.com/problems/find-the-divisibility-array-of-a-string,"Array, Math, String"
MEDIUM,Maximize the Profit as the Salesman,25.0,0.3887,https://leetcode.com/problems/maximize-the-profit-as-the-salesman,"Array, Hash Table, Binary Search, Dynamic Programming, Sorting"
MEDIUM,Minimum Number of Operations to Make Array Empty,25.0,0.6234,https://leetcode.com/problems/minimum-number-of-operations-to-make-array-empty,"Array, Hash Table, Greedy, Counting"
HARD,Find Maximum Non-decreasing Array Length,25.0,0.1924,https://leetcode.com/problems/find-maximum-non-decreasing-array-length,"Array, Binary Search, Dynamic Programming, Stack, Queue, Monotonic Stack, Prefix Sum, Monotonic Queue"
MEDIUM,Minimum Garden Perimeter to Collect Enough Apples,25.0,0.5591,https://leetcode.com/problems/minimum-garden-perimeter-to-collect-enough-apples,"Math, Binary Search"
EASY,Warehouse Manager,25.0,0.8714,https://leetcode.com/problems/warehouse-manager,Database
MEDIUM,Decode XORed Permutation,25.0,0.6742,https://leetcode.com/problems/decode-xored-permutation,"Array, Bit Manipulation"
EASY,The Number of Employees Which Report to Each Employee,25.0,0.5396,https://leetcode.com/problems/the-number-of-employees-which-report-to-each-employee,Database
MEDIUM,Find Distance in a Binary Tree,25.0,0.7438,https://leetcode.com/problems/find-distance-in-a-binary-tree,"Hash Table, Tree, Depth-First Search, Breadth-First Search, Binary Tree, Binary Lifting, Lowest Common Ancestor"
HARD,Minimum Degree of a Connected Trio in a Graph,25.0,0.4488,https://leetcode.com/problems/minimum-degree-of-a-connected-trio-in-a-graph,"Graph Theory, Enumeration"
HARD,Closest Room,25.0,0.4214,https://leetcode.com/problems/closest-room,"Array, Binary Search, Sorting, Ordered Set"
HARD,Longest Common Subpath,25.0,0.3054,https://leetcode.com/problems/longest-common-subpath,"Array, Binary Search, Rolling Hash, Suffix Array, Hash Function, Suffix Automaton, Suffix Tree"
MEDIUM,Check if Move is Legal,25.0,0.5025,https://leetcode.com/problems/check-if-move-is-legal,"Array, Matrix, Enumeration"
MEDIUM,Find Good Days to Rob the Bank,25.0,0.5207,https://leetcode.com/problems/find-good-days-to-rob-the-bank,"Array, Dynamic Programming, Prefix Sum"
HARD,Replace Non-Coprime Numbers in Array,25.0,0.5765,https://leetcode.com/problems/replace-non-coprime-numbers-in-array,"Array, Math, Stack, Number Theory, Least Common Multiple, Greatest Common Divisor"
MEDIUM,Replace Elements in an Array,25.0,0.6010,https://leetcode.com/problems/replace-elements-in-an-array,"Array, Hash Table, Simulation"
HARD,Minimum Score After Removals on a Tree,25.0,0.7594,https://leetcode.com/problems/minimum-score-after-removals-on-a-tree,"Array, Bit Manipulation, Tree, Depth-First Search"
MEDIUM,Minimum Number of Keypresses,25.0,0.7136,https://leetcode.com/problems/minimum-number-of-keypresses,"Hash Table, String, Greedy, Sorting, Counting"
MEDIUM,Find Minimum Time to Finish All Jobs II,25.0,0.6574,https://leetcode.com/problems/find-minimum-time-to-finish-all-jobs-ii,"Array, Greedy, Sorting"
MEDIUM,Valid Palindrome IV,25.0,0.7544,https://leetcode.com/problems/valid-palindrome-iv,"Two Pointers, String"
MEDIUM,Sum of Number and Its Reverse,25.0,0.5005,https://leetcode.com/problems/sum-of-number-and-its-reverse,"Math, Enumeration"
MEDIUM,Design SQL,25.0,0.6357,https://leetcode.com/problems/design-sql,"Array, Hash Table, String, Design"
MEDIUM,Append Characters to String to Make Subsequence,25.0,0.7314,https://leetcode.com/problems/append-characters-to-string-to-make-subsequence,"Two Pointers, String, Greedy"
MEDIUM,Maximum Star Sum of a Graph,25.0,0.4285,https://leetcode.com/problems/maximum-star-sum-of-a-graph,"Array, Greedy, Graph Theory, Sorting, Heap (Priority Queue)"
MEDIUM,Difference Between Ones and Zeros in Row and Column,25.0,0.8466,https://leetcode.com/problems/difference-between-ones-and-zeros-in-row-and-column,"Array, Matrix, Simulation"
HARD,Customers With Strictly Increasing Purchases,25.0,0.5048,https://leetcode.com/problems/customers-with-strictly-increasing-purchases,Database
HARD,Time Taken to Cross the Door,25.0,0.5056,https://leetcode.com/problems/time-taken-to-cross-the-door,"Array, Queue, Simulation"
MEDIUM,Double a Number Represented as a Linked List,25.0,0.6136,https://leetcode.com/problems/double-a-number-represented-as-a-linked-list,"Linked List, Math, Stack"
HARD,Length of the Longest Valid Substring,25.0,0.3844,https://leetcode.com/problems/length-of-the-longest-valid-substring,"Array, Hash Table, String, Sliding Window"
EASY,Find the K-or of an Array,25.0,0.7189,https://leetcode.com/problems/find-the-k-or-of-an-array,"Array, Bit Manipulation"
HARD,Find Number of Coins to Place in Tree Nodes,25.0,0.3736,https://leetcode.com/problems/find-number-of-coins-to-place-in-tree-nodes,"Dynamic Programming, Tree, Depth-First Search, Sorting, Heap (Priority Queue), DP on Trees"
MEDIUM,Split BST,25.0,0.8212,https://leetcode.com/problems/split-bst,"Tree, Binary Search Tree, Recursion, Binary Tree"
HARD,Find in Mountain Array,25.0,0.4205,https://leetcode.com/problems/find-in-mountain-array,"Array, Binary Search, Interactive, Ternary Search"
EASY,Shift 2D Grid,25.0,0.7454,https://leetcode.com/problems/shift-2d-grid,"Array, Matrix, Simulation"
MEDIUM,Pseudo-Palindromic Paths in a Binary Tree,25.0,0.6842,https://leetcode.com/problems/pseudo-palindromic-paths-in-a-binary-tree,"Bit Manipulation, Tree, Depth-First Search, Breadth-First Search, Binary Tree"
MEDIUM,Number of Subsequences That Satisfy the Given Sum Condition,25.0,0.4896,https://leetcode.com/problems/number-of-subsequences-that-satisfy-the-given-sum-condition,"Array, Two Pointers, Binary Search, Sorting"
MEDIUM,Clone N-ary Tree,25.0,0.8310,https://leetcode.com/problems/clone-n-ary-tree,"Hash Table, Tree, Depth-First Search, Breadth-First Search"
MEDIUM,Number of Sets of K Non-Overlapping Line Segments,25.0,0.6908,https://leetcode.com/problems/number-of-sets-of-k-non-overlapping-line-segments,"Math, Dynamic Programming, Combinatorics, Prefix Sum"
HARD,Build Binary Expression Tree From Infix Expression,25.0,0.6271,https://leetcode.com/problems/build-binary-expression-tree-from-infix-expression,"String, Stack, Tree, Binary Tree"
MEDIUM,Find the Missing IDs,25.0,0.7286,https://leetcode.com/problems/find-the-missing-ids,Database
EASY,All Valid Triplets That Can Represent a Country,25.0,0.8078,https://leetcode.com/problems/all-valid-triplets-that-can-represent-a-country,Database
MEDIUM,Add Two Polynomials Represented as Linked Lists,25.0,0.6103,https://leetcode.com/problems/add-two-polynomials-represented-as-linked-lists,"Linked List, Math, Two Pointers"
HARD,Count Ways to Make Array With Product,25.0,0.5586,https://leetcode.com/problems/count-ways-to-make-array-with-product,"Array, Math, Dynamic Programming, Combinatorics, Number Theory, Prime Factorization, Fermat's Little Theorem"
MEDIUM,Number of Calls Between Two Persons,25.0,0.8067,https://leetcode.com/problems/number-of-calls-between-two-persons,Database
HARD,Count Pairs Of Nodes,25.0,0.4358,https://leetcode.com/problems/count-pairs-of-nodes,"Array, Hash Table, Two Pointers, Binary Search, Graph Theory, Sorting, Counting"
EASY,Find Total Time Spent by Each Employee,25.0,0.8649,https://leetcode.com/problems/find-total-time-spent-by-each-employee,Database
EASY,Product's Price for Each Store,25.0,0.8205,https://leetcode.com/problems/products-price-for-each-store,Database
MEDIUM,Grand Slam Titles,25.0,0.8283,https://leetcode.com/problems/grand-slam-titles,Database
HARD,Maximize the Beauty of the Garden,25.0,0.6513,https://leetcode.com/problems/maximize-the-beauty-of-the-garden,"Array, Hash Table, Greedy, Prefix Sum"
EASY,Rearrange Products Table,25.0,0.8561,https://leetcode.com/problems/rearrange-products-table,Database
EASY,Ad-Free Sessions,25.0,0.5910,https://leetcode.com/problems/ad-free-sessions,Database
MEDIUM,Find Interview Candidates,25.0,0.6082,https://leetcode.com/problems/find-interview-candidates,Database
MEDIUM,Distinct Numbers in Each Subarray,25.0,0.7723,https://leetcode.com/problems/distinct-numbers-in-each-subarray,"Array, Hash Table, Sliding Window"
HARD,Minimum Space Wasted From Packaging,25.0,0.3391,https://leetcode.com/problems/minimum-space-wasted-from-packaging,"Array, Binary Search, Sorting, Prefix Sum"
MEDIUM,Find a Peak Element II,25.0,0.5568,https://leetcode.com/problems/find-a-peak-element-ii,"Array, Binary Search, Matrix"
MEDIUM,Jump Game VIII,25.0,0.4586,https://leetcode.com/problems/jump-game-viii,"Array, Dynamic Programming, Stack, Graph Theory, Monotonic Stack, Shortest Path"
MEDIUM,Maximum of Minimum Values in All Subarrays,25.0,0.4783,https://leetcode.com/problems/maximum-of-minimum-values-in-all-subarrays,"Array, Stack, Monotonic Stack, Cartesian Tree"
HARD,Count Number of Special Subsequences,25.0,0.5332,https://leetcode.com/problems/count-number-of-special-subsequences,"Array, Dynamic Programming"
MEDIUM,Minimized Maximum of Products Distributed to Any Store,25.0,0.6325,https://leetcode.com/problems/minimized-maximum-of-products-distributed-to-any-store,"Array, Binary Search, Greedy"
HARD,Sequentially Ordinal Rank Tracker,25.0,0.6138,https://leetcode.com/problems/sequentially-ordinal-rank-tracker,"Design, Heap (Priority Queue), Data Stream, Ordered Set"
HARD,Minimum Operations to Make the Array K-Increasing,25.0,0.4101,https://leetcode.com/problems/minimum-operations-to-make-the-array-k-increasing,"Array, Binary Search, Longest Increasing Subsequence"
HARD,Minimum Operations to Remove Adjacent Ones in Matrix,25.0,0.4279,https://leetcode.com/problems/minimum-operations-to-remove-adjacent-ones-in-matrix,"Array, Depth-First Search, Graph Theory, Matrix, Edmonds–Karp Algorithm, MPM Algorithm, Push-Relabel Algorithm, Flow Network, Dinic's Algorithm"
MEDIUM,Append K Integers With Minimal Sum,25.0,0.2730,https://leetcode.com/problems/append-k-integers-with-minimal-sum,"Array, Math, Greedy, Sorting"
HARD,Longest Winning Streak,25.0,0.5464,https://leetcode.com/problems/longest-winning-streak,Database
HARD,Sum of Scores of Built Strings,25.0,0.5084,https://leetcode.com/problems/sum-of-scores-of-built-strings,"String, Binary Search, Rolling Hash, Suffix Array, String Matching, Hash Function, Z Algorithm, Knuth–Morris–Pratt Algorithm"
MEDIUM,Maximum Sum Score of Array,25.0,0.6234,https://leetcode.com/problems/maximum-sum-score-of-array,"Array, Prefix Sum"
MEDIUM,Users With Two Purchases Within Seven Days,25.0,0.4713,https://leetcode.com/problems/users-with-two-purchases-within-seven-days,Database
EASY,Rearrange Characters to Make Target String,25.0,0.6327,https://leetcode.com/problems/rearrange-characters-to-make-target-string,"Hash Table, String, Counting"
MEDIUM,Number of Times a Driver Was a Passenger,25.0,0.7175,https://leetcode.com/problems/number-of-times-a-driver-was-a-passenger,Database
MEDIUM,Products With Three or More Orders in Two Consecutive Years,25.0,0.4086,https://leetcode.com/problems/products-with-three-or-more-orders-in-two-consecutive-years,Database
EASY,Product Sales Analysis V,25.0,0.7088,https://leetcode.com/problems/product-sales-analysis-v,Database
MEDIUM,Time Needed to Rearrange a Binary String,25.0,0.5370,https://leetcode.com/problems/time-needed-to-rearrange-a-binary-string,"String, Dynamic Programming, Simulation"
HARD,Minimum Money Required Before Transactions,25.0,0.4254,https://leetcode.com/problems/minimum-money-required-before-transactions,"Array, Greedy, Sorting"
MEDIUM,Employees With Deductions,25.0,0.4300,https://leetcode.com/problems/employees-with-deductions,Database
EASY,Number of Distinct Averages,25.0,0.5918,https://leetcode.com/problems/number-of-distinct-averages,"Array, Hash Table, Two Pointers, Sorting"
MEDIUM,Merge Operations to Turn Array Into a Palindrome,25.0,0.6886,https://leetcode.com/problems/merge-operations-to-turn-array-into-a-palindrome,"Array, Two Pointers, Greedy"
EASY,Find the Pivot Integer,25.0,0.8375,https://leetcode.com/problems/find-the-pivot-integer,"Math, Prefix Sum"
MEDIUM,Longest Square Streak in an Array,25.0,0.5313,https://leetcode.com/problems/longest-square-streak-in-an-array,"Array, Hash Table, Binary Search, Dynamic Programming, Sorting"
MEDIUM,Find Xor-Beauty of Array,25.0,0.7145,https://leetcode.com/problems/find-xor-beauty-of-array,"Array, Math, Bit Manipulation"
HARD,Count the Number of K-Big Indices,25.0,0.5365,https://leetcode.com/problems/count-the-number-of-k-big-indices,"Array, Binary Search, Divide and Conquer, Binary Indexed Tree, Segment Tree, Merge Sort, Ordered Set"
MEDIUM,Find the Substring With Maximum Cost,25.0,0.5764,https://leetcode.com/problems/find-the-substring-with-maximum-cost,"Array, Hash Table, String, Dynamic Programming"
MEDIUM,Count the Number of K-Free Subsets,25.0,0.4748,https://leetcode.com/problems/count-the-number-of-k-free-subsets,"Array, Math, Dynamic Programming, Sorting, Combinatorics"
MEDIUM,Relocate Marbles,25.0,0.5206,https://leetcode.com/problems/relocate-marbles,"Array, Hash Table, Sorting, Simulation"
MEDIUM,Maximum Sum of Almost Unique Subarray,25.0,0.4146,https://leetcode.com/problems/maximum-sum-of-almost-unique-subarray,"Array, Hash Table, Sliding Window"
MEDIUM,Number of Unique Categories,25.0,0.8415,https://leetcode.com/problems/number-of-unique-categories,"Union-Find, Interactive, Counting"
EASY,Minimum Right Shifts to Sort the Array,25.0,0.5724,https://leetcode.com/problems/minimum-right-shifts-to-sort-the-array,Array
MEDIUM,Maximal Range That Each Element Is Maximum in It,25.0,0.7545,https://leetcode.com/problems/maximal-range-that-each-element-is-maximum-in-it,"Array, Stack, Monotonic Stack"
HARD,Subarrays Distinct Element Sum of Squares II,25.0,0.2358,https://leetcode.com/problems/subarrays-distinct-element-sum-of-squares-ii,"Array, Hash Table, Binary Indexed Tree, Segment Tree"
MEDIUM,Maximum Linear Stock Score,25.0,0.6195,https://leetcode.com/problems/maximum-linear-stock-score,"Array, Hash Table"
HARD,Maximum Balanced Subsequence Sum,25.0,0.2620,https://leetcode.com/problems/maximum-balanced-subsequence-sum,"Array, Binary Search, Dynamic Programming, Binary Indexed Tree, Segment Tree"
EASY,Distribute Candies Among Children I,25.0,0.7576,https://leetcode.com/problems/distribute-candies-among-children-i,"Math, Combinatorics, Enumeration"
EASY,Make Three Strings Equal,25.0,0.4560,https://leetcode.com/problems/make-three-strings-equal,String
HARD,Count Beautiful Substrings II,25.0,0.2779,https://leetcode.com/problems/count-beautiful-substrings-ii,"Hash Table, Math, String, Number Theory, Prefix Sum"
HARD,Distribute Candies Among Children III,25.0,0.5699,https://leetcode.com/problems/distribute-candies-among-children-iii,"Math, Combinatorics"
MEDIUM,Avoid Flood in The City,25.0,0.3894,https://leetcode.com/problems/avoid-flood-in-the-city,"Array, Hash Table, Binary Search, Greedy, Heap (Priority Queue)"
HARD,Number of Visible People in a Queue,25.0,0.7366,https://leetcode.com/problems/number-of-visible-people-in-a-queue,"Array, Stack, Monotonic Stack"
MEDIUM,Number of Ways to Arrive at Destination,25.0,0.3777,https://leetcode.com/problems/number-of-ways-to-arrive-at-destination,"Dynamic Programming, Graph Theory, Topological Sort, Shortest Path, Dijkstra's Algorithm"
EASY,Power of Four,25.0,0.5266,https://leetcode.com/problems/power-of-four,"Math, Bit Manipulation, Recursion"
MEDIUM,Continuous Subarrays,25.0,0.5800,https://leetcode.com/problems/continuous-subarrays,"Array, Queue, Sliding Window, Heap (Priority Queue), Ordered Set, Monotonic Queue"
HARD,Minimum Number of Taps to Open to Water a Garden,25.0,0.5109,https://leetcode.com/problems/minimum-number-of-taps-to-open-to-water-a-garden,"Array, Dynamic Programming, Greedy"
MEDIUM,Unique Length-3 Palindromic Subsequences,25.0,0.7376,https://leetcode.com/problems/unique-length-3-palindromic-subsequences,"Hash Table, String, Bit Manipulation, Prefix Sum"
EASY,To Be Or Not To Be,25.0,0.6346,https://leetcode.com/problems/to-be-or-not-to-be,
MEDIUM,Generate Binary Strings Without Adjacent Zeros,25.0,0.8873,https://leetcode.com/problems/generate-binary-strings-without-adjacent-zeros,"String, Backtracking, Bit Manipulation"
MEDIUM,Minimum Length of String After Deleting Similar Ends,25.0,0.5623,https://leetcode.com/problems/minimum-length-of-string-after-deleting-similar-ends,"Two Pointers, String"
MEDIUM,Find Missing Observations,25.0,0.5740,https://leetcode.com/problems/find-missing-observations,"Array, Math, Simulation"
MEDIUM,Most Frequent IDs,25.0,0.4333,https://leetcode.com/problems/most-frequent-ids,"Array, Hash Table, Heap (Priority Queue), Ordered Set"
MEDIUM,Count the Number of Fair Pairs,25.0,0.5256,https://leetcode.com/problems/count-the-number-of-fair-pairs,"Array, Two Pointers, Binary Search, Sorting"
MEDIUM,Replace Question Marks in String to Minimize Its Value,25.0,0.2950,https://leetcode.com/problems/replace-question-marks-in-string-to-minimize-its-value,"Hash Table, String, Greedy, Sorting, Heap (Priority Queue), Counting"
HARD,Find Number of Ways to Reach the K-th Stair,25.0,0.3794,https://leetcode.com/problems/find-number-of-ways-to-reach-the-k-th-stair,"Math, Dynamic Programming, Bit Manipulation, Memoization, Combinatorics"
EASY,Valid Word Abbreviation,25.0,0.3705,https://leetcode.com/problems/valid-word-abbreviation,"Two Pointers, String"
HARD,Parsing A Boolean Expression,25.0,0.6981,https://leetcode.com/problems/parsing-a-boolean-expression,"String, Stack, Recursion"
MEDIUM,Restaurant Growth,25.0,0.5996,https://leetcode.com/problems/restaurant-growth,Database
MEDIUM,Longest Subarray of 1's After Deleting One Element,25.0,0.7160,https://leetcode.com/problems/longest-subarray-of-1s-after-deleting-one-element,"Array, Dynamic Programming, Sliding Window"
EASY,Defuse the Bomb,25.0,0.7952,https://leetcode.com/problems/defuse-the-bomb,"Array, Sliding Window"
EASY,Find Nearest Point That Has the Same X or Y Coordinate,25.0,0.7015,https://leetcode.com/problems/find-nearest-point-that-has-the-same-x-or-y-coordinate,Array
EASY,Count Numbers With Unique Digits II,25.0,0.8736,https://leetcode.com/problems/count-numbers-with-unique-digits-ii,"Hash Table, Math, Dynamic Programming"
HARD,Find the Number of Subarrays Where Boundary Elements Are Maximum,25.0,0.3389,https://leetcode.com/problems/find-the-number-of-subarrays-where-boundary-elements-are-maximum,"Array, Binary Search, Stack, Monotonic Stack"
MEDIUM,Count the Number of Special Characters II,25.0,0.6033,https://leetcode.com/problems/count-the-number-of-special-characters-ii,"Hash Table, String"
EASY,Minimum Average of Smallest and Largest Elements,25.0,0.8524,https://leetcode.com/problems/minimum-average-of-smallest-and-largest-elements,"Array, Two Pointers, Sorting"
EASY,Count Triplets with Even XOR Set Bits I,25.0,0.8311,https://leetcode.com/problems/count-triplets-with-even-xor-set-bits-i,"Array, Bit Manipulation"
MEDIUM,Count Triplets with Even XOR Set Bits II,25.0,0.6246,https://leetcode.com/problems/count-triplets-with-even-xor-set-bits-ii,"Array, Bit Manipulation"
MEDIUM,Magic Squares In Grid,25.0,0.5523,https://leetcode.com/problems/magic-squares-in-grid,"Array, Hash Table, Math, Matrix"
EASY,Percentage of Users Attended a Contest,25.0,0.6132,https://leetcode.com/problems/percentage-of-users-attended-a-contest,Database
MEDIUM,Find the Length of the Longest Common Prefix,25.0,0.6229,https://leetcode.com/problems/find-the-length-of-the-longest-common-prefix,"Array, Hash Table, String, Trie"
MEDIUM,Maximum Matrix Sum,25.0,0.6750,https://leetcode.com/problems/maximum-matrix-sum,"Array, Greedy, Matrix"
MEDIUM,Two Best Non-Overlapping Events,25.0,0.6388,https://leetcode.com/problems/two-best-non-overlapping-events,"Array, Binary Search, Dynamic Programming, Sorting, Heap (Priority Queue)"
HARD,Shortest Matching Substring,25.0,0.2446,https://leetcode.com/problems/shortest-matching-substring,"Two Pointers, String, Binary Search, String Matching"
HARD,Minimum Stability Factor of Array,25.0,0.2037,https://leetcode.com/problems/minimum-stability-factor-of-array,"Array, Math, Binary Search, Greedy, Segment Tree, Number Theory"
HARD,Trionic Array II,25.0,0.4714,https://leetcode.com/problems/trionic-array-ii,"Array, Dynamic Programming"
MEDIUM,Maximum Capacity Within Budget,25.0,0.2061,https://leetcode.com/problems/maximum-capacity-within-budget,"Array, Two Pointers, Binary Search, Sorting"
MEDIUM,Encode and Decode Strings,25.0,0.5201,https://leetcode.com/problems/encode-and-decode-strings,"Array, String, Design"
EASY,Base 7,25.0,0.5541,https://leetcode.com/problems/base-7,"Math, String"
EASY,Longest Harmonious Subsequence,25.0,0.6516,https://leetcode.com/problems/longest-harmonious-subsequence,"Array, Hash Table, Sliding Window, Sorting, Counting"
HARD,Course Schedule III,25.0,0.4223,https://leetcode.com/problems/course-schedule-iii,"Array, Greedy, Sorting, Heap (Priority Queue)"
MEDIUM,Game Play Analysis IV,25.0,0.4255,https://leetcode.com/problems/game-play-analysis-iv,Database
EASY,Find the Difference of Two Arrays,25.0,0.8167,https://leetcode.com/problems/find-the-difference-of-two-arrays,"Array, Hash Table"
HARD,Max Dot Product of Two Subsequences,25.0,0.6937,https://leetcode.com/problems/max-dot-product-of-two-subsequences,"Array, Dynamic Programming, Longest Common Subsequence"
MEDIUM,Find the Prefix Common Array of Two Arrays,25.0,0.8828,https://leetcode.com/problems/find-the-prefix-common-array-of-two-arrays,"Array, Hash Table, Bit Manipulation"
EASY,Return Length of Arguments Passed,25.0,0.9444,https://leetcode.com/problems/return-length-of-arguments-passed,
EASY,Count Elements With Maximum Frequency,25.0,0.7970,https://leetcode.com/problems/count-elements-with-maximum-frequency,"Array, Hash Table, Counting"
HARD,Find the Median of the Uniqueness Array,25.0,0.3017,https://leetcode.com/problems/find-the-median-of-the-uniqueness-array,"Array, Hash Table, Binary Search, Sliding Window"
MEDIUM,Minimum Fuel Cost to Report to the Capital,25.0,0.6540,https://leetcode.com/problems/minimum-fuel-cost-to-report-to-the-capital,"Tree, Depth-First Search, Breadth-First Search, Graph Theory"
MEDIUM,Delete Nodes From Linked List Present in Array,25.0,0.6919,https://leetcode.com/problems/delete-nodes-from-linked-list-present-in-array,"Array, Hash Table, Linked List"
MEDIUM,Number of Zero-Filled Subarrays,25.0,0.7003,https://leetcode.com/problems/number-of-zero-filled-subarrays,"Array, Math"
MEDIUM,Course Schedule IV,25.0,0.6042,https://leetcode.com/problems/course-schedule-iv,"Depth-First Search, Breadth-First Search, Graph Theory, Topological Sort"
MEDIUM,House Robber IV,25.0,0.6450,https://leetcode.com/problems/house-robber-iv,"Array, Binary Search, Dynamic Programming, Greedy"
EASY,Minimum Distance to the Target Element,25.0,0.6429,https://leetcode.com/problems/minimum-distance-to-the-target-element,Array
MEDIUM,Minimum Time to Activate String,25.0,0.4864,https://leetcode.com/problems/minimum-time-to-activate-string,"Array, Binary Search"
MEDIUM,Maximum Median Sum of Subsequences of Size 3,25.0,0.6468,https://leetcode.com/problems/maximum-median-sum-of-subsequences-of-size-3,"Array, Math, Greedy, Sorting, Game Theory"
MEDIUM,Minimum Number of Groups to Create a Valid Assignment,25.0,0.2541,https://leetcode.com/problems/minimum-number-of-groups-to-create-a-valid-assignment,"Array, Hash Table, Greedy"
MEDIUM,Minimize Array Sum Using Divisible Replacements,25.0,0.3197,https://leetcode.com/problems/minimize-array-sum-using-divisible-replacements,"Array, Hash Table, Math, Greedy, Number Theory"
MEDIUM,Minimum Flips to Make Binary String Coherent,25.0,0.2004,https://leetcode.com/problems/minimum-flips-to-make-binary-string-coherent,String
HARD,Scramble String,25.0,0.4572,https://leetcode.com/problems/scramble-string,"String, Dynamic Programming"
HARD,Nth Magical Number,25.0,0.3721,https://leetcode.com/problems/nth-magical-number,"Math, Binary Search, Least Common Multiple, Inclusion-Exclusion Principle"
EASY,Minimum Difference Between Highest and Lowest of K Scores,25.0,0.6645,https://leetcode.com/problems/minimum-difference-between-highest-and-lowest-of-k-scores,"Array, Sliding Window, Sorting"
MEDIUM,Create Binary Tree From Descriptions,25.0,0.8391,https://leetcode.com/problems/create-binary-tree-from-descriptions,"Array, Hash Table, Tree, Binary Tree"
MEDIUM,Successful Pairs of Spells and Potions,25.0,0.4989,https://leetcode.com/problems/successful-pairs-of-spells-and-potions,"Array, Two Pointers, Binary Search, Sorting"
MEDIUM,Count Number of Bad Pairs,25.0,0.5411,https://leetcode.com/problems/count-number-of-bad-pairs,"Array, Hash Table, Math, Counting"
EASY,Counter,25.0,0.8244,https://leetcode.com/problems/counter,
EASY,Filter Elements from Array,25.0,0.8551,https://leetcode.com/problems/filter-elements-from-array,
HARD,Parallel Courses III,25.0,0.6681,https://leetcode.com/problems/parallel-courses-iii,"Array, Dynamic Programming, Graph Theory, Topological Sort, Directed Acyclic Graph"
EASY,Clear Digits,25.0,0.8275,https://leetcode.com/problems/clear-digits,"String, Stack, Simulation"
MEDIUM,Separate Squares I,25.0,0.5770,https://leetcode.com/problems/separate-squares-i,"Array, Binary Search"
MEDIUM,Lexicographically Minimum String After Removing Stars,25.0,0.5087,https://leetcode.com/problems/lexicographically-minimum-string-after-removing-stars,"Hash Table, String, Stack, Greedy, Heap (Priority Queue)"
EASY,Count Subarrays of Length Three With a Condition,25.0,0.6132,https://leetcode.com/problems/count-subarrays-of-length-three-with-a-condition,Array
MEDIUM,Count the Number of Substrings With Dominant Ones,25.0,0.4177,https://leetcode.com/problems/count-the-number-of-substrings-with-dominant-ones,"String, Enumeration"
EASY,Find the K-th Character in String Game I,25.0,0.8163,https://leetcode.com/problems/find-the-k-th-character-in-string-game-i,"Math, Bit Manipulation, Recursion, Simulation"
MEDIUM,Find the Maximum Length of Valid Subsequence I,25.0,0.5474,https://leetcode.com/problems/find-the-maximum-length-of-valid-subsequence-i,"Array, Dynamic Programming"
MEDIUM,Soup Servings,25.0,0.5954,https://leetcode.com/problems/soup-servings,"Math, Dynamic Programming, Probability and Statistics"
HARD,Threshold Majority Queries,25.0,0.2227,https://leetcode.com/problems/threshold-majority-queries,"Array, Hash Table, Binary Search, Divide and Conquer, Counting, Prefix Sum"
MEDIUM,New 21 Game,25.0,0.5195,https://leetcode.com/problems/new-21-game,"Math, Dynamic Programming, Sliding Window, Probability and Statistics"
HARD,Find the Minimum Area to Cover All Ones II,25.0,0.6318,https://leetcode.com/problems/find-the-minimum-area-to-cover-all-ones-ii,"Array, Matrix, Enumeration"
MEDIUM,Minimum Sensors to Cover Grid,25.0,0.6755,https://leetcode.com/problems/minimum-sensors-to-cover-grid,Math
MEDIUM,Maximum Calories Burnt from Jumps,25.0,0.7281,https://leetcode.com/problems/maximum-calories-burnt-from-jumps,"Array, Two Pointers, Greedy, Sorting"
MEDIUM,Maximize Points After Choosing K Tasks,25.0,0.5928,https://leetcode.com/problems/maximize-points-after-choosing-k-tasks,"Array, Greedy, Sorting, Heap (Priority Queue)"
HARD,Total Sum of Interaction Cost in Tree Groups,25.0,0.5471,https://leetcode.com/problems/total-sum-of-interaction-cost-in-tree-groups,"Array, Tree, Depth-First Search"
MEDIUM,Maximum Score After Binary Swaps,25.0,0.3518,https://leetcode.com/problems/maximum-score-after-binary-swaps,"Array, String, Greedy, Heap (Priority Queue)"
EASY,Reverse String Prefix,25.0,0.8859,https://leetcode.com/problems/reverse-string-prefix,"Two Pointers, String"
HARD,Minimum Cost to Partition a Binary String,25.0,0.5055,https://leetcode.com/problems/minimum-cost-to-partition-a-binary-string,"String, Divide and Conquer, Prefix Sum"
MEDIUM,Maximum Total Value of Covered Indices,25.0,0.2843,https://leetcode.com/problems/maximum-total-value-of-covered-indices,"Array, String, Dynamic Programming, Greedy"
MEDIUM,Movie Rating,25.0,0.4458,https://leetcode.com/problems/movie-rating,Database
MEDIUM,Separate Black and White Balls,25.0,0.6384,https://leetcode.com/problems/separate-black-and-white-balls,"Two Pointers, String, Greedy"
MEDIUM,Maximum Subarray Sum After Multiplier,25.0,0.2603,https://leetcode.com/problems/maximum-subarray-sum-after-multiplier,"Array, Dynamic Programming"
MEDIUM,Minimum Number of Coins to be Added,25.0,0.5811,https://leetcode.com/problems/minimum-number-of-coins-to-be-added,"Array, Greedy, Sorting"
EASY,Maximum Product of Two Elements in an Array,21.9,0.8496,https://leetcode.com/problems/maximum-product-of-two-elements-in-an-array,"Array, Sorting, Heap (Priority Queue)"
MEDIUM,Grumpy Bookstore Owner,21.9,0.6420,https://leetcode.com/problems/grumpy-bookstore-owner,"Array, Sliding Window"
EASY,Check If N and Its Double Exist,21.9,0.4207,https://leetcode.com/problems/check-if-n-and-its-double-exist,"Array, Hash Table, Two Pointers, Binary Search, Sorting"
EASY,Rank Transform of an Array,21.9,0.7399,https://leetcode.com/problems/rank-transform-of-an-array,"Array, Hash Table, Sorting"
MEDIUM,Length of Longest Subarray With at Most K Frequency,21.9,0.6049,https://leetcode.com/problems/length-of-longest-subarray-with-at-most-k-frequency,"Array, Hash Table, Sliding Window"
MEDIUM,Combination Sum IV,20.0,0.5533,https://leetcode.com/problems/combination-sum-iv,"Array, Dynamic Programming"
MEDIUM,Maximize Distance to Closest Person,20.0,0.5009,https://leetcode.com/problems/maximize-distance-to-closest-person,Array
MEDIUM,Populating Next Right Pointers in Each Node II,20.0,0.5827,https://leetcode.com/problems/populating-next-right-pointers-in-each-node-ii,"Linked List, Tree, Depth-First Search, Breadth-First Search, Binary Tree"
EASY,Find Numbers with Even Number of Digits,20.0,0.8002,https://leetcode.com/problems/find-numbers-with-even-number-of-digits,"Array, Math"
EASY,Matrix Diagonal Sum,20.0,0.8466,https://leetcode.com/problems/matrix-diagonal-sum,"Array, Matrix"
HARD,Number of Atoms,20.0,0.6525,https://leetcode.com/problems/number-of-atoms,"Hash Table, String, Stack, Sorting"
MEDIUM,Count Number of Nice Subarrays,20.0,0.7578,https://leetcode.com/problems/count-number-of-nice-subarrays,"Array, Hash Table, Math, Sliding Window, Prefix Sum"
MEDIUM,Delete the Middle Node of a Linked List,20.0,0.6089,https://leetcode.com/problems/delete-the-middle-node-of-a-linked-list,"Linked List, Two Pointers"
HARD,Sliding Window Median,20.0,0.3915,https://leetcode.com/problems/sliding-window-median,"Array, Hash Table, Sliding Window, Heap (Priority Queue), Treap"
MEDIUM,Minimum Limit of Balls in a Bag,20.0,0.6587,https://leetcode.com/problems/minimum-limit-of-balls-in-a-bag,"Array, Binary Search"
HARD,Maximum Performance of a Team,20.0,0.4813,https://leetcode.com/problems/maximum-performance-of-a-team,"Array, Greedy, Sorting, Heap (Priority Queue)"
HARD,Count of Range Sum,20.0,0.3998,https://leetcode.com/problems/count-of-range-sum,"Array, Binary Search, Divide and Conquer, Binary Indexed Tree, Segment Tree, Merge Sort, Ordered Set, Treap"
MEDIUM,Insertion Sort List,20.0,0.6036,https://leetcode.com/problems/insertion-sort-list,"Linked List, Sorting"
EASY,Fix Names in a Table,20.0,0.6074,https://leetcode.com/problems/fix-names-in-a-table,Database
HARD,Maximize Subarrays After Removing One Conflicting Pair,20.0,0.6408,https://leetcode.com/problems/maximize-subarrays-after-removing-one-conflicting-pair,"Array, Segment Tree, Enumeration, Prefix Sum"
EASY,Divisor Game,20.0,0.7269,https://leetcode.com/problems/divisor-game,"Math, Dynamic Programming, Brainteaser, Game Theory, Impartial Game"
MEDIUM,Stone Game II,20.0,0.7569,https://leetcode.com/problems/stone-game-ii,"Array, Math, Dynamic Programming, Minimax, Prefix Sum, Game Theory, Zero-Sum Game"
HARD,Minimum Number of Increments on Subarrays to Form a Target Array,20.0,0.7830,https://leetcode.com/problems/minimum-number-of-increments-on-subarrays-to-form-a-target-array,"Array, Dynamic Programming, Stack, Greedy, Monotonic Stack"
EASY,Primary Department for Each Employee,20.0,0.7556,https://leetcode.com/problems/primary-department-for-each-employee,Database
MEDIUM,Next Greater Node In Linked List,18.0,0.6487,https://leetcode.com/problems/next-greater-node-in-linked-list,"Array, Linked List, Stack, Monotonic Stack"
MEDIUM,Maximum Product of Splitted Binary Tree,18.0,0.5578,https://leetcode.com/problems/maximum-product-of-splitted-binary-tree,"Tree, Depth-First Search, Binary Tree"
MEDIUM,Trim a Binary Search Tree,18.0,0.6687,https://leetcode.com/problems/trim-a-binary-search-tree,"Tree, Depth-First Search, Binary Search Tree, Binary Tree"
MEDIUM,Longest Substring with At Most K Distinct Characters,18.0,0.5015,https://leetcode.com/problems/longest-substring-with-at-most-k-distinct-characters,"Hash Table, String, Sliding Window"
MEDIUM,Maximum Gap,18.0,0.5319,https://leetcode.com/problems/maximum-gap,"Array, Sorting, Bucket Sort, Radix Sort, Pigeonhole Principle"
MEDIUM,Minimum Time Difference,18.0,0.6272,https://leetcode.com/problems/minimum-time-difference,"Array, Math, String, Sorting"
EASY,Valid Mountain Array,18.0,0.3584,https://leetcode.com/problems/valid-mountain-array,Array
MEDIUM,Maximum Absolute Sum of Any Subarray,18.0,0.7061,https://leetcode.com/problems/maximum-absolute-sum-of-any-subarray,"Array, Dynamic Programming"
MEDIUM,Champagne Tower,18.0,0.6392,https://leetcode.com/problems/champagne-tower,Dynamic Programming
HARD,Find the Closest Palindrome,18.0,0.3213,https://leetcode.com/problems/find-the-closest-palindrome,"Math, String"
MEDIUM,Find Largest Value in Each Tree Row,18.0,0.6640,https://leetcode.com/problems/find-largest-value-in-each-tree-row,"Tree, Depth-First Search, Breadth-First Search, Binary Tree"
EASY,Sort Array By Parity,18.0,0.7669,https://leetcode.com/problems/sort-array-by-parity,"Array, Two Pointers, Sorting"
EASY,Robot Return to Origin,18.0,0.7821,https://leetcode.com/problems/robot-return-to-origin,"String, Simulation"
MEDIUM,K-th Symbol in Grammar,18.0,0.4876,https://leetcode.com/problems/k-th-symbol-in-grammar,"Math, Bit Manipulation, Recursion"
HARD,Cherry Pickup,18.0,0.4055,https://leetcode.com/problems/cherry-pickup,"Array, Dynamic Programming, Matrix"
HARD,Human Traffic of Stadium,18.0,0.5222,https://leetcode.com/problems/human-traffic-of-stadium,Database
MEDIUM,As Far from Land as Possible,18.0,0.5254,https://leetcode.com/problems/as-far-from-land-as-possible,"Array, Dynamic Programming, Breadth-First Search, Matrix"
EASY,Sum of Left Leaves,18.0,0.6316,https://leetcode.com/problems/sum-of-left-leaves,"Tree, Depth-First Search, Breadth-First Search, Binary Tree"
MEDIUM,Best Time to Buy and Sell Stock with Cooldown,18.0,0.6280,https://leetcode.com/problems/best-time-to-buy-and-sell-stock-with-cooldown,"Array, Dynamic Programming"
MEDIUM,Robot Bounded In Circle,18.0,0.5665,https://leetcode.com/problems/robot-bounded-in-circle,"Math, String, Simulation"
MEDIUM,Largest 1-Bordered Square,18.0,0.5260,https://leetcode.com/problems/largest-1-bordered-square,"Array, Dynamic Programming, Matrix"
EASY,Perfect Number,18.0,0.5030,https://leetcode.com/problems/perfect-number,Math
MEDIUM,Vowel Spellchecker,18.0,0.6146,https://leetcode.com/problems/vowel-spellchecker,"Array, Hash Table, String"
EASY,Find the Maximum Achievable Number,18.0,0.9174,https://leetcode.com/problems/find-the-maximum-achievable-number,Math
MEDIUM,Reordered Power of 2,18.0,0.6587,https://leetcode.com/problems/reordered-power-of-2,"Hash Table, Math, Sorting, Counting, Enumeration"
MEDIUM,Buildings With an Ocean View,18.0,0.8091,https://leetcode.com/problems/buildings-with-an-ocean-view,"Array, Stack, Monotonic Stack"
EASY,Smallest Even Multiple,18.0,0.8860,https://leetcode.com/problems/smallest-even-multiple,"Math, Number Theory"
MEDIUM,Jump Game VII,18.0,0.3568,https://leetcode.com/problems/jump-game-vii,"String, Dynamic Programming, Sliding Window, Prefix Sum"
MEDIUM,Possible Bipartition,18.0,0.5311,https://leetcode.com/problems/possible-bipartition,"Depth-First Search, Breadth-First Search, Union-Find, Graph Theory, Graph Coloring, Bipartite Graph"
EASY,Not Boring Movies,18.0,0.7523,https://leetcode.com/problems/not-boring-movies,Database
HARD,Minimum Cost to Hire K Workers,18.0,0.6382,https://leetcode.com/problems/minimum-cost-to-hire-k-workers,"Array, Greedy, Sorting, Heap (Priority Queue)"
HARD,Cherry Pickup II,18.0,0.7263,https://leetcode.com/problems/cherry-pickup-ii,"Array, Dynamic Programming, Matrix"
EASY,Apply Operations to an Array,18.0,0.7474,https://leetcode.com/problems/apply-operations-to-an-array,"Array, Two Pointers, Simulation"
MEDIUM,Minimize the Maximum Difference of Pairs,18.0,0.5105,https://leetcode.com/problems/minimize-the-maximum-difference-of-pairs,"Array, Binary Search, Dynamic Programming, Greedy, Sorting"
EASY,Game Play Analysis I,18.0,0.7674,https://leetcode.com/problems/game-play-analysis-i,Database
MEDIUM,Count Vowel Strings in Ranges,18.0,0.6790,https://leetcode.com/problems/count-vowel-strings-in-ranges,"Array, String, Prefix Sum"
MEDIUM,Greatest Sum Divisible by Three,18.0,0.5700,https://leetcode.com/problems/greatest-sum-divisible-by-three,"Array, Dynamic Programming, Greedy, Sorting"
EASY,Valid Phone Numbers,18.0,0.3107,https://leetcode.com/problems/valid-phone-numbers,Shell
MEDIUM,Walking Robot Simulation,18.0,0.6463,https://leetcode.com/problems/walking-robot-simulation,"Array, Hash Table, Simulation"
MEDIUM,Find the Winner of the Circular Game,18.0,0.8235,https://leetcode.com/problems/find-the-winner-of-the-circular-game,"Array, Math, Recursion, Queue, Simulation"
MEDIUM,Detonate the Maximum Bombs,18.0,0.5046,https://leetcode.com/problems/detonate-the-maximum-bombs,"Array, Math, Depth-First Search, Breadth-First Search, Graph Theory, Geometry"
MEDIUM,Longest Nice Subarray,18.0,0.6483,https://leetcode.com/problems/longest-nice-subarray,"Array, Bit Manipulation, Sliding Window"
MEDIUM,Nth Digit,18.0,0.3903,https://leetcode.com/problems/nth-digit,"Math, Binary Search"
MEDIUM,Lexicographically Smallest String After Applying Operations,18.0,0.7928,https://leetcode.com/problems/lexicographically-smallest-string-after-applying-operations,"String, Depth-First Search, Breadth-First Search, Enumeration"
MEDIUM,String Compression III,18.0,0.6704,https://leetcode.com/problems/string-compression-iii,String
MEDIUM,Most Beautiful Item for Each Query,18.0,0.6198,https://leetcode.com/problems/most-beautiful-item-for-each-query,"Array, Binary Search, Sorting"
HARD,Special Binary String,18.0,0.7939,https://leetcode.com/problems/special-binary-string,"String, Divide and Conquer, Sorting"
EASY,Nim Game,18.0,0.6056,https://leetcode.com/problems/nim-game,"Math, Brainteaser, Minimax, Game Theory, Nim Game, Impartial Game"
MEDIUM,Even Odd Tree,18.0,0.6734,https://leetcode.com/problems/even-odd-tree,"Tree, Breadth-First Search, Binary Tree"
MEDIUM,Detect Cycles in 2D Grid,18.0,0.6366,https://leetcode.com/problems/detect-cycles-in-2d-grid,"Array, Depth-First Search, Breadth-First Search, Union-Find, Matrix"
EASY,Unique 3-Digit Even Numbers,18.0,0.7993,https://leetcode.com/problems/unique-3-digit-even-numbers,"Array, Hash Table, Recursion, Enumeration"
HARD,Maximum Number of Tasks You Can Assign,18.0,0.4993,https://leetcode.com/problems/maximum-number-of-tasks-you-can-assign,"Array, Two Pointers, Binary Search, Greedy, Queue, Sorting, Monotonic Queue"
MEDIUM,Minimum Equal Sum of Two Arrays After Replacing Zeros,18.0,0.5008,https://leetcode.com/problems/minimum-equal-sum-of-two-arrays-after-replacing-zeros,"Array, Greedy"
MEDIUM,Total Characters in String After Transformations I,18.0,0.4550,https://leetcode.com/problems/total-characters-in-string-after-transformations-i,"Hash Table, Math, String, Dynamic Programming, Counting"
MEDIUM,Lexicographically Smallest Equivalent String,18.0,0.8112,https://leetcode.com/problems/lexicographically-smallest-equivalent-string,"String, Union-Find"
EASY,Find All K-Distant Indices in an Array,18.0,0.7722,https://leetcode.com/problems/find-all-k-distant-indices-in-an-array,"Array, Two Pointers"
HARD,Kth Smallest Product of Two Sorted Arrays,18.0,0.4871,https://leetcode.com/problems/kth-smallest-product-of-two-sorted-arrays,"Array, Binary Search"
HARD,Minimum Cost to Reach Destination in Time,18.0,0.4257,https://leetcode.com/problems/minimum-cost-to-reach-destination-in-time,"Array, Dynamic Programming, Graph Theory, Dijkstra's Algorithm"
MEDIUM,Reschedule Meetings for Maximum Free Time I,18.0,0.5390,https://leetcode.com/problems/reschedule-meetings-for-maximum-free-time-i,"Array, Greedy, Sliding Window"
EASY,Fruits Into Baskets II,18.0,0.7022,https://leetcode.com/problems/fruits-into-baskets-ii,"Array, Binary Search, Segment Tree, Simulation, Ordered Set"
MEDIUM,Rotating the Box,18.0,0.8248,https://leetcode.com/problems/rotating-the-box,"Array, Two Pointers, Matrix"
MEDIUM,Lexicographically Smallest Permutation Greater Than Target,18.0,0.4837,https://leetcode.com/problems/lexicographically-smallest-permutation-greater-than-target,"Hash Table, String, Greedy, Counting, Enumeration"
EASY,Transformed Array,18.0,0.7045,https://leetcode.com/problems/transformed-array,"Array, Simulation"
MEDIUM,Longest Balanced Substring I,18.0,0.6969,https://leetcode.com/problems/longest-balanced-substring-i,"Hash Table, String, Counting, Enumeration"
MEDIUM,Total Waviness of Numbers in Range I,18.0,0.8691,https://leetcode.com/problems/total-waviness-of-numbers-in-range-i,"Math, Dynamic Programming, Enumeration"
MEDIUM,Can I Win,18.0,0.3183,https://leetcode.com/problems/can-i-win,"Math, Dynamic Programming, Bit Manipulation, Memoization, Game Theory, Bitmask"
MEDIUM,Hand of Straights,18.0,0.5843,https://leetcode.com/problems/hand-of-straights,"Array, Hash Table, Greedy, Sorting"
MEDIUM,Number of Sub-arrays of Size K and Average Greater than or Equal to Threshold,18.0,0.7441,https://leetcode.com/problems/number-of-sub-arrays-of-size-k-and-average-greater-than-or-equal-to-threshold,"Array, Sliding Window"
MEDIUM,Design Task Manager,18.0,0.4871,https://leetcode.com/problems/design-task-manager,"Hash Table, Design, Heap (Priority Queue), Ordered Set"
HARD,Minimum Initial Energy to Finish Tasks,18.0,0.7661,https://leetcode.com/problems/minimum-initial-energy-to-finish-tasks,"Array, Greedy, Sorting"
HARD,Number of ZigZag Arrays I,18.0,0.5004,https://leetcode.com/problems/number-of-zigzag-arrays-i,"Dynamic Programming, Prefix Sum"
MEDIUM,Map of Highest Peak,18.0,0.7628,https://leetcode.com/problems/map-of-highest-peak,"Array, Breadth-First Search, Matrix"
MEDIUM,Maximize Active Section with Trade I,18.0,0.6064,https://leetcode.com/problems/maximize-active-section-with-trade-i,"String, Enumeration"
MEDIUM,Design Snake Game,15.7,0.4011,https://leetcode.com/problems/design-snake-game,"Array, Hash Table, Design, Queue, Simulation"
MEDIUM,Count Complete Tree Nodes,15.7,0.7240,https://leetcode.com/problems/count-complete-tree-nodes,"Binary Search, Bit Manipulation, Tree, Binary Tree"
MEDIUM,Shortest Unsorted Continuous Subarray,15.7,0.3863,https://leetcode.com/problems/shortest-unsorted-continuous-subarray,"Array, Two Pointers, Stack, Greedy, Sorting, Monotonic Stack"
EASY,Cousins in Binary Tree,15.7,0.5985,https://leetcode.com/problems/cousins-in-binary-tree,"Tree, Depth-First Search, Breadth-First Search, Binary Tree"
EASY,Shortest Word Distance,15.7,0.6641,https://leetcode.com/problems/shortest-word-distance,"Array, String"
HARD,Remove Invalid Parentheses,15.7,0.5018,https://leetcode.com/problems/remove-invalid-parentheses,"String, Backtracking, Breadth-First Search"
HARD,Optimal Account Balancing,15.7,0.5070,https://leetcode.com/problems/optimal-account-balancing,"Array, Dynamic Programming, Backtracking, Bit Manipulation, Bitmask"
EASY,Defanging an IP Address,15.7,0.9017,https://leetcode.com/problems/defanging-an-ip-address,String
MEDIUM,Number of Longest Increasing Subsequence,15.7,0.5277,https://leetcode.com/problems/number-of-longest-increasing-subsequence,"Array, Dynamic Programming, Binary Indexed Tree, Segment Tree, Longest Increasing Subsequence"
EASY,Verifying an Alien Dictionary,15.7,0.5615,https://leetcode.com/problems/verifying-an-alien-dictionary,"Array, Hash Table, String"
EASY,Split a String in Balanced Strings,15.7,0.8765,https://leetcode.com/problems/split-a-string-in-balanced-strings,"String, Greedy, Counting"
MEDIUM,Minimum Knight Moves,15.7,0.4211,https://leetcode.com/problems/minimum-knight-moves,"Breadth-First Search, Heuristic Search, Bidirectional Search, A* Search"
MEDIUM,Maximum Level Sum of a Binary Tree,15.7,0.7003,https://leetcode.com/problems/maximum-level-sum-of-a-binary-tree,"Tree, Depth-First Search, Breadth-First Search, Binary Tree"
MEDIUM,Maximum Length of Subarray With Positive Product,15.7,0.4483,https://leetcode.com/problems/maximum-length-of-subarray-with-positive-product,"Array, Dynamic Programming, Greedy"
MEDIUM,Partition Array for Maximum Sum,15.7,0.7758,https://leetcode.com/problems/partition-array-for-maximum-sum,"Array, Dynamic Programming"
HARD,Jump Game IV,15.7,0.5110,https://leetcode.com/problems/jump-game-iv,"Array, Hash Table, Breadth-First Search"
MEDIUM,Check if a Parentheses String Can Be Valid,15.7,0.4528,https://leetcode.com/problems/check-if-a-parentheses-string-can-be-valid,"String, Stack, Greedy, Bracket Sequences"
EASY,Find Smallest Letter Greater Than Target,15.7,0.5971,https://leetcode.com/problems/find-smallest-letter-greater-than-target,"Array, Binary Search"
EASY,Monotonic Array,15.7,0.6270,https://leetcode.com/problems/monotonic-array,Array
EASY,Fair Candy Swap,15.7,0.6572,https://leetcode.com/problems/fair-candy-swap,"Array, Hash Table, Binary Search, Sorting"
MEDIUM,Valid Tic-Tac-Toe State,15.7,0.3504,https://leetcode.com/problems/valid-tic-tac-toe-state,"Array, Matrix"
MEDIUM,Sequential Digits,15.7,0.6863,https://leetcode.com/problems/sequential-digits,Enumeration
HARD,Employee Free Time,15.7,0.7302,https://leetcode.com/problems/employee-free-time,"Array, Sweep Line, Sorting, Heap (Priority Queue)"
HARD,Shortest Distance from All Buildings,15.7,0.4501,https://leetcode.com/problems/shortest-distance-from-all-buildings,"Array, Breadth-First Search, Matrix"
MEDIUM,Fraction to Recurring Decimal,15.7,0.3146,https://leetcode.com/problems/fraction-to-recurring-decimal,"Hash Table, Math, String"
MEDIUM,Length of Longest Fibonacci Subsequence,15.7,0.5755,https://leetcode.com/problems/length-of-longest-fibonacci-subsequence,"Array, Hash Table, Dynamic Programming"
MEDIUM,Minimum Domino Rotations For Equal Row,15.7,0.5651,https://leetcode.com/problems/minimum-domino-rotations-for-equal-row,"Array, Greedy"
MEDIUM,Number of Matching Subsequences,15.7,0.5057,https://leetcode.com/problems/number-of-matching-subsequences,"Array, Hash Table, String, Binary Search, Dynamic Programming, Trie, Sorting"
MEDIUM,Word Subsets,15.7,0.5602,https://leetcode.com/problems/word-subsets,"Array, Hash Table, String"
HARD,Maximum Number of Events That Can Be Attended II,15.7,0.6337,https://leetcode.com/problems/maximum-number-of-events-that-can-be-attended-ii,"Array, Binary Search, Dynamic Programming, Sorting"
MEDIUM,Invalid Transactions,15.7,0.3259,https://leetcode.com/problems/invalid-transactions,"Array, Hash Table, String, Sorting"
EASY,Find Resultant Array After Removing Anagrams,15.7,0.7000,https://leetcode.com/problems/find-resultant-array-after-removing-anagrams,"Array, Hash Table, String, Sorting"
HARD,Minimum Insertion Steps to Make a String Palindrome,15.7,0.7449,https://leetcode.com/problems/minimum-insertion-steps-to-make-a-string-palindrome,"String, Dynamic Programming"
MEDIUM,Step-By-Step Directions From a Binary Tree Node to Another,15.7,0.5651,https://leetcode.com/problems/step-by-step-directions-from-a-binary-tree-node-to-another,"String, Tree, Depth-First Search, Binary Tree, Binary Lifting, Lowest Common Ancestor"
EASY,Root Equals Sum of Children,15.7,0.8520,https://leetcode.com/problems/root-equals-sum-of-children,"Tree, Binary Tree"
MEDIUM,Maximum Subarray Min-Product,15.7,0.4098,https://leetcode.com/problems/maximum-subarray-min-product,"Array, Stack, Monotonic Stack, Prefix Sum, Cartesian Tree"
MEDIUM,Friend Requests II: Who Has the Most Friends,15.7,0.6378,https://leetcode.com/problems/friend-requests-ii-who-has-the-most-friends,Database
EASY,Project Employees I,15.7,0.6742,https://leetcode.com/problems/project-employees-i,Database
MEDIUM,Last Person to Fit in the Bus,15.7,0.7007,https://leetcode.com/problems/last-person-to-fit-in-the-bus,Database
MEDIUM,Minimum Time to Complete Trips,15.7,0.4003,https://leetcode.com/problems/minimum-time-to-complete-trips,"Array, Binary Search"
MEDIUM,Number of People Aware of a Secret,15.7,0.6063,https://leetcode.com/problems/number-of-people-aware-of-a-secret,"Dynamic Programming, Queue, Simulation"
MEDIUM,Minimum Number of Swaps to Make the String Balanced,15.7,0.7806,https://leetcode.com/problems/minimum-number-of-swaps-to-make-the-string-balanced,"Two Pointers, String, Stack, Greedy, Bracket Sequences"
MEDIUM,Count Good Nodes in Binary Tree,15.7,0.7400,https://leetcode.com/problems/count-good-nodes-in-binary-tree,"Tree, Depth-First Search, Breadth-First Search, Binary Tree"
MEDIUM,Sum of Absolute Differences in a Sorted Array,15.7,0.6864,https://leetcode.com/problems/sum-of-absolute-differences-in-a-sorted-array,"Array, Math, Prefix Sum"
EASY,Score of a String,15.7,0.9122,https://leetcode.com/problems/score-of-a-string,String
HARD,K-th Smallest in Lexicographical Order,15.7,0.4661,https://leetcode.com/problems/k-th-smallest-in-lexicographical-order,Trie
HARD,Maximum Sum of 3 Non-Overlapping Subarrays,15.7,0.6005,https://leetcode.com/problems/maximum-sum-of-3-non-overlapping-subarrays,"Array, Dynamic Programming, Sliding Window, Prefix Sum"
MEDIUM,Bitwise AND of Numbers Range,15.7,0.4924,https://leetcode.com/problems/bitwise-and-of-numbers-range,Bit Manipulation
MEDIUM,Investments in 2016,15.7,0.5196,https://leetcode.com/problems/investments-in-2016,Database
MEDIUM,Reveal Cards In Increasing Order,15.7,0.8382,https://leetcode.com/problems/reveal-cards-in-increasing-order,"Array, Queue, Sorting, Simulation"
MEDIUM,Design a Stack With Increment Operation,15.7,0.7994,https://leetcode.com/problems/design-a-stack-with-increment-operation,"Array, Stack, Design"
MEDIUM,Find Kth Bit in Nth Binary String,15.7,0.7372,https://leetcode.com/problems/find-kth-bit-in-nth-binary-string,"String, Recursion, Simulation"
EASY,Maximum Population Year,15.7,0.6473,https://leetcode.com/problems/maximum-population-year,"Array, Counting, Prefix Sum"
EASY,Final Value of Variable After Performing Operations,15.7,0.9061,https://leetcode.com/problems/final-value-of-variable-after-performing-operations,"Array, String, Simulation"
EASY,Number of Unique Subjects Taught by Each Teacher,15.7,0.8936,https://leetcode.com/problems/number-of-unique-subjects-taught-by-each-teacher,Database
MEDIUM,Minimum Operations to Make Binary Array Elements Equal to One I,15.7,0.8027,https://leetcode.com/problems/minimum-operations-to-make-binary-array-elements-equal-to-one-i,"Array, Bit Manipulation, Queue, Sliding Window, Prefix Sum"
EASY,Add to Array-Form of Integer,15.7,0.4571,https://leetcode.com/problems/add-to-array-form-of-integer,"Array, Math"
MEDIUM,Make Lexicographically Smallest Array by Swapping Elements,15.7,0.6651,https://leetcode.com/problems/make-lexicographically-smallest-array-by-swapping-elements,"Array, Union-Find, Sorting"
MEDIUM,Maximum Tastiness of Candy Basket,15.7,0.6881,https://leetcode.com/problems/maximum-tastiness-of-candy-basket,"Array, Binary Search, Greedy, Sorting"
MEDIUM,The k-th Lexicographical String of All Happy Strings of Length n,15.7,0.8708,https://leetcode.com/problems/the-k-th-lexicographical-string-of-all-happy-strings-of-length-n,"String, Backtracking"
MEDIUM,Number of Sub-arrays With Odd Sum,15.7,0.5558,https://leetcode.com/problems/number-of-sub-arrays-with-odd-sum,"Array, Math, Dynamic Programming, Prefix Sum"
HARD,Separate Squares II,15.7,0.5879,https://leetcode.com/problems/separate-squares-ii,"Array, Binary Search, Segment Tree, Sweep Line"
MEDIUM,Zero Array Transformation I,15.7,0.5456,https://leetcode.com/problems/zero-array-transformation-i,"Array, Prefix Sum"
EASY,Maximum Difference Between Even and Odd Frequency I,15.7,0.6062,https://leetcode.com/problems/maximum-difference-between-even-and-odd-frequency-i,"Hash Table, String, Counting"
EASY,Maximum Difference Between Increasing Elements,15.7,0.6668,https://leetcode.com/problems/maximum-difference-between-increasing-elements,Array
MEDIUM,Maximum Balanced Shipments,15.7,0.6117,https://leetcode.com/problems/maximum-balanced-shipments,"Array, Dynamic Programming, Stack, Greedy, Monotonic Stack"
MEDIUM,Range Product Queries of Powers,15.7,0.6120,https://leetcode.com/problems/range-product-queries-of-powers,"Array, Bit Manipulation, Prefix Sum"
MEDIUM,Ways to Express an Integer as Sum of Powers,15.7,0.4980,https://leetcode.com/problems/ways-to-express-an-integer-as-sum-of-powers,Dynamic Programming
MEDIUM,Find the Minimum Area to Cover All Ones I,15.7,0.7801,https://leetcode.com/problems/find-the-minimum-area-to-cover-all-ones-i,"Array, Matrix"
EASY,Find Target Indices After Sorting Array,15.7,0.7834,https://leetcode.com/problems/find-target-indices-after-sorting-array,"Array, Binary Search, Sorting"
MEDIUM,Maximum Total Damage With Spell Casting,15.7,0.4501,https://leetcode.com/problems/maximum-total-damage-with-spell-casting,"Array, Hash Table, Two Pointers, Binary Search, Dynamic Programming, Sorting, Counting"
MEDIUM,Maximum Subarray Sum With Length Divisible by K,15.7,0.4956,https://leetcode.com/problems/maximum-subarray-sum-with-length-divisible-by-k,"Array, Hash Table, Prefix Sum"
MEDIUM,Minimum Penalty for a Shop,15.7,0.7125,https://leetcode.com/problems/minimum-penalty-for-a-shop,"String, Prefix Sum"
HARD,Minimum Pair Removal to Sort Array II,15.7,0.3877,https://leetcode.com/problems/minimum-pair-removal-to-sort-array-ii,"Array, Hash Table, Linked List, Heap (Priority Queue), Simulation, Doubly-Linked List, Ordered Set"
MEDIUM,Minimum Cost Path with Edge Reversals,15.7,0.6153,https://leetcode.com/problems/minimum-cost-path-with-edge-reversals,"Graph Theory, Heap (Priority Queue), Shortest Path"
MEDIUM,Minimum Moves to Make Array Complementary,15.7,0.6485,https://leetcode.com/problems/minimum-moves-to-make-array-complementary,"Array, Hash Table, Prefix Sum"
EASY,Minimum Cost of Buying Candies With Discount,15.7,0.7162,https://leetcode.com/problems/minimum-cost-of-buying-candies-with-discount,"Array, Greedy, Sorting"
EASY,Earliest Finish Time for Land and Water Rides I,15.7,0.7261,https://leetcode.com/problems/earliest-finish-time-for-land-and-water-rides-i,"Array, Two Pointers, Binary Search, Greedy, Sorting"
MEDIUM,Earliest Finish Time for Land and Water Rides II,15.7,0.6416,https://leetcode.com/problems/earliest-finish-time-for-land-and-water-rides-ii,"Array, Two Pointers, Binary Search, Greedy, Sorting"
HARD,Process String with Special Operations II,15.7,0.3971,https://leetcode.com/problems/process-string-with-special-operations-ii,"String, Simulation"
EASY,Guess Number Higher or Lower,15.7,0.5838,https://leetcode.com/problems/guess-number-higher-or-lower,"Binary Search, Interactive"
MEDIUM,Dota2 Senate,15.7,0.5057,https://leetcode.com/problems/dota2-senate,"String, Greedy, Queue"
EASY,Richest Customer Wealth,15.7,0.8886,https://leetcode.com/problems/richest-customer-wealth,"Array, Matrix"
MEDIUM,Solving Questions With Brainpower,15.7,0.6019,https://leetcode.com/problems/solving-questions-with-brainpower,"Array, Dynamic Programming"
MEDIUM,Check if Number is a Sum of Powers of Three,15.7,0.7941,https://leetcode.com/problems/check-if-number-is-a-sum-of-powers-of-three,Math
MEDIUM,Brick Wall,15.7,0.5602,https://leetcode.com/problems/brick-wall,"Array, Hash Table"
MEDIUM,Ones and Zeroes,15.7,0.5384,https://leetcode.com/problems/ones-and-zeroes,"Array, String, Dynamic Programming, Knapsack Problem, 0-1 Knapsack"
EASY,Distance Between Bus Stops,15.7,0.5709,https://leetcode.com/problems/distance-between-bus-stops,Array
MEDIUM,Binary Tree Level Order Traversal II,13.2,0.6915,https://leetcode.com/problems/binary-tree-level-order-traversal-ii,"Tree, Breadth-First Search, Binary Tree"
MEDIUM,Kill Process,13.2,0.7077,https://leetcode.com/problems/kill-process,"Array, Hash Table, Tree, Depth-First Search, Breadth-First Search"
MEDIUM,Reach a Number,13.2,0.4571,https://leetcode.com/problems/reach-a-number,"Math, Binary Search"
EASY,Range Sum of BST,13.2,0.8764,https://leetcode.com/problems/range-sum-of-bst,"Tree, Depth-First Search, Binary Search Tree, Binary Tree"
MEDIUM,Best Time to Buy and Sell Stock with Transaction Fee,13.2,0.7263,https://leetcode.com/problems/best-time-to-buy-and-sell-stock-with-transaction-fee,"Array, Dynamic Programming, Greedy"
MEDIUM,Arithmetic Slices,13.2,0.6492,https://leetcode.com/problems/arithmetic-slices,"Array, Dynamic Programming, Sliding Window"
MEDIUM,Pyramid Transition Matrix,13.2,0.6060,https://leetcode.com/problems/pyramid-transition-matrix,"Hash Table, String, Backtracking, Bit Manipulation"
MEDIUM,Least Number of Unique Integers after K Removals,13.2,0.6398,https://leetcode.com/problems/least-number-of-unique-integers-after-k-removals,"Array, Hash Table, Greedy, Sorting, Counting"
MEDIUM,Validate Stack Sequences,13.2,0.7084,https://leetcode.com/problems/validate-stack-sequences,"Array, Stack, Simulation"
MEDIUM,Out of Boundary Paths,13.2,0.4858,https://leetcode.com/problems/out-of-boundary-paths,Dynamic Programming
HARD,Contains Duplicate III,13.2,0.2526,https://leetcode.com/problems/contains-duplicate-iii,"Array, Sliding Window, Sorting, Bucket Sort, Ordered Set"
MEDIUM,Rabbits in Forest,13.2,0.5802,https://leetcode.com/problems/rabbits-in-forest,"Array, Hash Table, Math, Greedy"
MEDIUM,Minimum Number of Operations to Move All Balls to Each Box,13.2,0.9015,https://leetcode.com/problems/minimum-number-of-operations-to-move-all-balls-to-each-box,"Array, String, Prefix Sum"
EASY,Self Dividing Numbers,13.2,0.8127,https://leetcode.com/problems/self-dividing-numbers,Math
MEDIUM,Find Right Interval,13.2,0.5663,https://leetcode.com/problems/find-right-interval,"Array, Binary Search, Sorting"
EASY,Convert Binary Number in a Linked List to Integer,13.2,0.8245,https://leetcode.com/problems/convert-binary-number-in-a-linked-list-to-integer,"Linked List, Math"
MEDIUM,Most Profit Assigning Work,13.2,0.5637,https://leetcode.com/problems/most-profit-assigning-work,"Array, Two Pointers, Binary Search, Greedy, Sorting"
MEDIUM,Web Crawler,13.2,0.6878,https://leetcode.com/problems/web-crawler,"String, Depth-First Search, Breadth-First Search, Interactive"
MEDIUM,Maximum XOR of Two Numbers in an Array,13.2,0.5378,https://leetcode.com/problems/maximum-xor-of-two-numbers-in-an-array,"Array, Hash Table, Bit Manipulation, Trie"
HARD,Best Meeting Point,13.2,0.6146,https://leetcode.com/problems/best-meeting-point,"Array, Math, Sorting, Matrix"
MEDIUM,Maximum Sum of Two Non-Overlapping Subarrays,13.2,0.6152,https://leetcode.com/problems/maximum-sum-of-two-non-overlapping-subarrays,"Array, Dynamic Programming, Sliding Window"
EASY,Relative Sort Array,13.2,0.7547,https://leetcode.com/problems/relative-sort-array,"Array, Hash Table, Sorting, Counting Sort, Quicksort, Bubble Sort"
EASY,Customer Placing the Largest Number of Orders,13.2,0.6481,https://leetcode.com/problems/customer-placing-the-largest-number-of-orders,Database
MEDIUM,Minimum Moves to Equal Array Elements,13.2,0.5916,https://leetcode.com/problems/minimum-moves-to-equal-array-elements,"Array, Math"
MEDIUM,Find Duplicate File in System,13.2,0.6755,https://leetcode.com/problems/find-duplicate-file-in-system,"Array, Hash Table, String"
HARD,Rearrange String k Distance Apart,13.2,0.4003,https://leetcode.com/problems/rearrange-string-k-distance-apart,"Hash Table, String, Greedy, Sorting, Heap (Priority Queue), Counting"
MEDIUM,Tree Diameter,13.2,0.6127,https://leetcode.com/problems/tree-diameter,"Tree, Depth-First Search, Breadth-First Search, Graph Theory, Topological Sort, DP on Trees"
EASY,Longest Continuous Increasing Subsequence,13.2,0.5246,https://leetcode.com/problems/longest-continuous-increasing-subsequence,Array
HARD,Profitable Schemes,13.2,0.4865,https://leetcode.com/problems/profitable-schemes,"Array, Dynamic Programming, Knapsack Problem, 0-1 Knapsack"
MEDIUM,All Possible Full Binary Trees,13.2,0.8279,https://leetcode.com/problems/all-possible-full-binary-trees,"Dynamic Programming, Tree, Recursion, Memoization, Binary Tree"
MEDIUM,Number of Subarrays with Bounded Maximum,13.2,0.5543,https://leetcode.com/problems/number-of-subarrays-with-bounded-maximum,"Array, Two Pointers"
MEDIUM,Detect Squares,13.2,0.5304,https://leetcode.com/problems/detect-squares,"Array, Hash Table, Design, Counting, Data Stream"
HARD,Escape the Spreading Fire,13.2,0.3949,https://leetcode.com/problems/escape-the-spreading-fire,"Array, Binary Search, Breadth-First Search, Matrix"
EASY,Convert the Temperature,13.2,0.9035,https://leetcode.com/problems/convert-the-temperature,Math
MEDIUM,Single-Threaded CPU,13.2,0.4823,https://leetcode.com/problems/single-threaded-cpu,"Array, Sorting, Heap (Priority Queue)"
EASY,Relative Ranks,13.2,0.7526,https://leetcode.com/problems/relative-ranks,"Array, Sorting, Heap (Priority Queue)"
HARD,Sum of Prefix Scores of Strings,13.2,0.6089,https://leetcode.com/problems/sum-of-prefix-scores-of-strings,"Array, String, Trie, Counting"
MEDIUM,Count Number of Maximum Bitwise-OR Subsets,13.2,0.8946,https://leetcode.com/problems/count-number-of-maximum-bitwise-or-subsets,"Array, Backtracking, Bit Manipulation, Enumeration"
EASY,Sum of Unique Elements,13.2,0.8038,https://leetcode.com/problems/sum-of-unique-elements,"Array, Hash Table, Counting"
EASY,Delete Columns to Make Sorted,13.2,0.7819,https://leetcode.com/problems/delete-columns-to-make-sorted,"Array, String, Longest Increasing Subsequence"
HARD,Set Intersection Size At Least Two,13.2,0.5817,https://leetcode.com/problems/set-intersection-size-at-least-two,"Array, Greedy, Sorting"
MEDIUM,Minimum Increment to Make Array Unique,13.2,0.6082,https://leetcode.com/problems/minimum-increment-to-make-array-unique,"Array, Greedy, Sorting, Counting"
MEDIUM,Maximum Side Length of a Square with Sum Less than or Equal to Threshold,13.2,0.6547,https://leetcode.com/problems/maximum-side-length-of-a-square-with-sum-less-than-or-equal-to-threshold,"Array, Binary Search, Matrix, Prefix Sum"
EASY,Number of Steps to Reduce a Number to Zero,13.2,0.8596,https://leetcode.com/problems/number-of-steps-to-reduce-a-number-to-zero,"Math, Bit Manipulation"
MEDIUM,Partitioning Into Minimum Number Of Deci-Binary Numbers,13.2,0.9048,https://leetcode.com/problems/partitioning-into-minimum-number-of-deci-binary-numbers,"String, Greedy"
EASY,Reverse Prefix of Word,13.2,0.8653,https://leetcode.com/problems/reverse-prefix-of-word,"Two Pointers, String, Stack"
EASY,Find Subsequence of Length K With the Largest Sum,13.2,0.5730,https://leetcode.com/problems/find-subsequence-of-length-k-with-the-largest-sum,"Array, Hash Table, Sorting, Heap (Priority Queue)"
EASY,Array Prototype Last,13.2,0.7468,https://leetcode.com/problems/array-prototype-last,
MEDIUM,Count Complete Subarrays in an Array,13.2,0.7583,https://leetcode.com/problems/count-complete-subarrays-in-an-array,"Array, Hash Table, Sliding Window"
MEDIUM,Divide Array Into Arrays With Max Difference,13.2,0.7906,https://leetcode.com/problems/divide-array-into-arrays-with-max-difference,"Array, Greedy, Sorting"
MEDIUM,Find the Maximum Length of Valid Subsequence II,13.2,0.5687,https://leetcode.com/problems/find-the-maximum-length-of-valid-subsequence-ii,"Array, Dynamic Programming"
EASY,Valid Word,13.2,0.5086,https://leetcode.com/problems/valid-word,String
EASY,Minimum Index Sum of Two Lists,13.2,0.6061,https://leetcode.com/problems/minimum-index-sum-of-two-lists,"Array, Hash Table, String"
EASY,Biggest Single Number,13.2,0.7228,https://leetcode.com/problems/biggest-single-number,Database
MEDIUM,Divide Players Into Teams of Equal Skill,13.2,0.6891,https://leetcode.com/problems/divide-players-into-teams-of-equal-skill,"Array, Hash Table, Two Pointers, Sorting"
MEDIUM,Take K of Each Character From Left and Right,13.2,0.5151,https://leetcode.com/problems/take-k-of-each-character-from-left-and-right,"Hash Table, String, Sliding Window"
MEDIUM,The Most Frequently Ordered Products for Each Customer,13.2,0.7765,https://leetcode.com/problems/the-most-frequently-ordered-products-for-each-customer,Database
MEDIUM,Best Sightseeing Pair,13.2,0.6272,https://leetcode.com/problems/best-sightseeing-pair,"Array, Dynamic Programming"
MEDIUM,Minimize XOR,13.2,0.6226,https://leetcode.com/problems/minimize-xor,"Greedy, Bit Manipulation"
MEDIUM,Maximum Good Subarray Sum,13.2,0.2254,https://leetcode.com/problems/maximum-good-subarray-sum,"Array, Hash Table, Prefix Sum"
MEDIUM,Find the Punishment Number of an Integer,13.2,0.8157,https://leetcode.com/problems/find-the-punishment-number-of-an-integer,"Math, Backtracking"
MEDIUM,Count Total Number of Colored Cells,13.2,0.6620,https://leetcode.com/problems/count-total-number-of-colored-cells,Math
MEDIUM,Zero Array Transformation II,13.2,0.4352,https://leetcode.com/problems/zero-array-transformation-ii,"Array, Two Pointers, Binary Search, Prefix Sum"
MEDIUM,Minimum Time to Repair Cars,13.2,0.5922,https://leetcode.com/problems/minimum-time-to-repair-cars,"Array, Binary Search"
EASY,Count Vowel Substrings of a String,13.2,0.7365,https://leetcode.com/problems/count-vowel-substrings-of-a-string,"Hash Table, String"
HARD,Number of Pairs Satisfying Inequality,13.2,0.4805,https://leetcode.com/problems/number-of-pairs-satisfying-inequality,"Array, Binary Search, Divide and Conquer, Binary Indexed Tree, Segment Tree, Merge Sort, Ordered Set"
MEDIUM,Find Closest Node to Given Two Nodes,13.2,0.5312,https://leetcode.com/problems/find-closest-node-to-given-two-nodes,"Depth-First Search, Graph Theory"
MEDIUM,Max Difference You Can Get From Changing an Integer,13.2,0.4860,https://leetcode.com/problems/max-difference-you-can-get-from-changing-an-integer,"Math, Greedy"
EASY,Find the Original Typed String I,13.2,0.7192,https://leetcode.com/problems/find-the-original-typed-string-i,String
HARD,Find the Original Typed String II,13.2,0.4519,https://leetcode.com/problems/find-the-original-typed-string-ii,"String, Dynamic Programming, Prefix Sum"
EASY,Minimum Pair Removal to Sort Array I,13.2,0.6507,https://leetcode.com/problems/minimum-pair-removal-to-sort-array-i,"Array, Hash Table, Linked List, Heap (Priority Queue), Simulation, Doubly-Linked List, Ordered Set"
EASY,Count Hills and Valleys in an Array,13.2,0.6912,https://leetcode.com/problems/count-hills-and-valleys-in-an-array,Array
MEDIUM,Fruits Into Baskets III,13.2,0.3940,https://leetcode.com/problems/fruits-into-baskets-iii,"Array, Binary Search, Segment Tree, Ordered Set"
MEDIUM,Count Submatrices With All Ones,13.2,0.7101,https://leetcode.com/problems/count-submatrices-with-all-ones,"Array, Dynamic Programming, Stack, Matrix, Monotonic Stack"
MEDIUM,Find the Number of Ways to Place People I,13.2,0.6371,https://leetcode.com/problems/find-the-number-of-ways-to-place-people-i,"Array, Math, Geometry, Sorting, Enumeration"
MEDIUM,Minimum Operations to Make the Integer Zero,13.2,0.5803,https://leetcode.com/problems/minimum-operations-to-make-the-integer-zero,"Bit Manipulation, Brainteaser, Enumeration"
EASY,Convert Integer to the Sum of Two No-Zero Integers,13.2,0.5912,https://leetcode.com/problems/convert-integer-to-the-sum-of-two-no-zero-integers,Math
EASY,Maximum Number of Words Found in Sentences,13.2,0.8676,https://leetcode.com/problems/maximum-number-of-words-found-in-sentences,"Array, String"
MEDIUM,Taking Maximum Energy From the Mystic Dungeon,13.2,0.6089,https://leetcode.com/problems/taking-maximum-energy-from-the-mystic-dungeon,"Array, Dynamic Programming, Prefix Sum"
MEDIUM,Smallest Missing Non-negative Integer After Operations,13.2,0.5568,https://leetcode.com/problems/smallest-missing-non-negative-integer-after-operations,"Array, Hash Table, Math, Greedy"
MEDIUM,Best Time to Buy and Sell Stock V,13.2,0.6013,https://leetcode.com/problems/best-time-to-buy-and-sell-stock-v,"Array, Dynamic Programming"
EASY,N-Repeated Element in Size 2N Array,13.2,0.8003,https://leetcode.com/problems/n-repeated-element-in-size-2n-array,"Array, Hash Table, Pigeonhole Principle"
MEDIUM,Maximize Area of Square Hole in Grid,13.2,0.6178,https://leetcode.com/problems/maximize-area-of-square-hole-in-grid,"Array, Sorting"
MEDIUM,Construct the Minimum Bitwise Array II,13.2,0.6635,https://leetcode.com/problems/construct-the-minimum-bitwise-array-ii,"Array, Bit Manipulation"
MEDIUM,Longest Balanced Subarray I,13.2,0.6544,https://leetcode.com/problems/longest-balanced-subarray-i,"Array, Hash Table, Divide and Conquer, Segment Tree, Prefix Sum"
MEDIUM,Longest Balanced Substring II,13.2,0.4166,https://leetcode.com/problems/longest-balanced-substring-ii,"Hash Table, String, Prefix Sum"
MEDIUM,Check If a String Contains All Binary Codes of Size K,13.2,0.6165,https://leetcode.com/problems/check-if-a-string-contains-all-binary-codes-of-size-k,"Hash Table, String, Bit Manipulation, Rolling Hash, Hash Function, Directed Acyclic Graph"
EASY,Buddy Strings,13.2,0.3427,https://leetcode.com/problems/buddy-strings,"Hash Table, String"
EASY,Find Center of Star Graph,13.2,0.8660,https://leetcode.com/problems/find-center-of-star-graph,Graph Theory
HARD,Minimum Obstacle Removal to Reach Corner,13.2,0.7117,https://leetcode.com/problems/minimum-obstacle-removal-to-reach-corner,"Array, Breadth-First Search, Graph Theory, Heap (Priority Queue), Matrix, Shortest Path, 0-1 BFS, Dijkstra's Algorithm"
MEDIUM,All Ancestors of a Node in a Directed Acyclic Graph,13.2,0.6236,https://leetcode.com/problems/all-ancestors-of-a-node-in-a-directed-acyclic-graph,"Depth-First Search, Breadth-First Search, Graph Theory, Topological Sort, Directed Acyclic Graph"
HARD,Count Palindromic Subsequences,13.2,0.4207,https://leetcode.com/problems/count-palindromic-subsequences,"String, Dynamic Programming"
EASY,Minimum Absolute Difference,13.2,0.7517,https://leetcode.com/problems/minimum-absolute-difference,"Array, Sorting"
MEDIUM,Market Analysis I,13.2,0.5792,https://leetcode.com/problems/market-analysis-i,Database
EASY,Binary Watch,13.2,0.6625,https://leetcode.com/problems/binary-watch,"Backtracking, Bit Manipulation"
EASY,Divisible and Non-divisible Sums Difference,13.2,0.9100,https://leetcode.com/problems/divisible-and-non-divisible-sums-difference,Math
HARD,Maximum Height by Stacking Cuboids ,13.2,0.6270,https://leetcode.com/problems/maximum-height-by-stacking-cuboids,"Array, Dynamic Programming, Sorting"
HARD,Minimum Cost Path with Teleportations,13.2,0.4501,https://leetcode.com/problems/minimum-cost-path-with-teleportations,"Array, Dynamic Programming, Matrix"
MEDIUM,First Completely Painted Row or Column,13.2,0.6359,https://leetcode.com/problems/first-completely-painted-row-or-column,"Array, Hash Table, Matrix"
EASY,Find Closest Number to Zero,13.2,0.4819,https://leetcode.com/problems/find-closest-number-to-zero,Array
MEDIUM,Count Subarrays With Majority Element I,13.2,0.7522,https://leetcode.com/problems/count-subarrays-with-majority-element-i,"Array, Hash Table, Divide and Conquer, Segment Tree, Merge Sort, Counting, Prefix Sum"
EASY,Maximum Length Substring With Two Occurrences,13.2,0.7776,https://leetcode.com/problems/maximum-length-substring-with-two-occurrences,"Hash Table, String, Sliding Window"
MEDIUM,Wiggle Sort,12.5,0.6850,https://leetcode.com/problems/wiggle-sort,"Array, Greedy, Sorting"
MEDIUM,Validate IP Address,12.5,0.2854,https://leetcode.com/problems/validate-ip-address,String
HARD,Strong Password Checker,12.5,0.1650,https://leetcode.com/problems/strong-password-checker,"String, Greedy, Heap (Priority Queue)"
EASY,Number of Days Between Two Dates,12.5,0.5362,https://leetcode.com/problems/number-of-days-between-two-dates,"Math, String"
MEDIUM,Longest Substring with At Most Two Distinct Characters,12.5,0.5719,https://leetcode.com/problems/longest-substring-with-at-most-two-distinct-characters,"Hash Table, String, Sliding Window"
EASY,Average of Levels in Binary Tree,12.5,0.7522,https://leetcode.com/problems/average-of-levels-in-binary-tree,"Tree, Depth-First Search, Breadth-First Search, Binary Tree"
MEDIUM,Score of Parentheses,12.5,0.6347,https://leetcode.com/problems/score-of-parentheses,"String, Stack, Bracket Sequences"
EASY,Design HashSet,12.5,0.6840,https://leetcode.com/problems/design-hashset,"Array, Hash Table, Linked List, Design, Hash Function"
MEDIUM,The Maze,12.5,0.6054,https://leetcode.com/problems/the-maze,"Array, Depth-First Search, Breadth-First Search, Matrix"
MEDIUM,Zigzag Iterator,12.5,0.6718,https://leetcode.com/problems/zigzag-iterator,"Array, Design, Queue, Iterator"
MEDIUM,Graph Valid Tree,12.5,0.5016,https://leetcode.com/problems/graph-valid-tree,"Depth-First Search, Breadth-First Search, Union-Find, Graph Theory"
MEDIUM,Longest Absolute File Path,12.5,0.4997,https://leetcode.com/problems/longest-absolute-file-path,"String, Stack, Depth-First Search"
MEDIUM,Maximum Size Subarray Sum Equals k,12.5,0.5098,https://leetcode.com/problems/maximum-size-subarray-sum-equals-k,"Array, Hash Table, Prefix Sum"
MEDIUM,Binary Tree Longest Consecutive Sequence,12.5,0.5488,https://leetcode.com/problems/binary-tree-longest-consecutive-sequence,"Tree, Depth-First Search, Binary Tree, DP on Trees"
MEDIUM,Find Leaves of Binary Tree,12.5,0.8138,https://leetcode.com/problems/find-leaves-of-binary-tree,"Tree, Depth-First Search, Binary Tree, DP on Trees"
MEDIUM,Sentence Similarity II,12.5,0.5142,https://leetcode.com/problems/sentence-similarity-ii,"Array, Hash Table, String, Depth-First Search, Breadth-First Search, Union-Find"
MEDIUM,Longest Univalue Path,12.5,0.4451,https://leetcode.com/problems/longest-univalue-path,"Tree, Depth-First Search, Binary Tree, DP on Trees"
MEDIUM,Sparse Matrix Multiplication,12.5,0.6938,https://leetcode.com/problems/sparse-matrix-multiplication,"Array, Hash Table, Matrix, Linear Algebra"
EASY,Maximize Sum Of Array After K Negations,12.5,0.5440,https://leetcode.com/problems/maximize-sum-of-array-after-k-negations,"Array, Greedy, Sorting"
EASY,N-ary Tree Postorder Traversal,12.5,0.8124,https://leetcode.com/problems/n-ary-tree-postorder-traversal,"Stack, Tree, Depth-First Search"
MEDIUM,Meeting Scheduler,12.5,0.5520,https://leetcode.com/problems/meeting-scheduler,"Array, Two Pointers, Sorting"
MEDIUM,Minimum Swaps to Group All 1's Together,12.5,0.6131,https://leetcode.com/problems/minimum-swaps-to-group-all-1s-together,"Array, Sliding Window"
MEDIUM,Range Addition,12.5,0.7312,https://leetcode.com/problems/range-addition,"Array, Prefix Sum"
MEDIUM,4Sum II,12.5,0.5823,https://leetcode.com/problems/4sum-ii,"Array, Hash Table"
MEDIUM,Time Needed to Inform All Employees,12.5,0.6061,https://leetcode.com/problems/time-needed-to-inform-all-employees,"Tree, Depth-First Search, Breadth-First Search"
MEDIUM,Longest ZigZag Path in a Binary Tree,12.5,0.6739,https://leetcode.com/problems/longest-zigzag-path-in-a-binary-tree,"Dynamic Programming, Tree, Depth-First Search, Binary Tree, DP on Trees"
MEDIUM,Knight Dialer,12.5,0.6220,https://leetcode.com/problems/knight-dialer,Dynamic Programming
MEDIUM,Product of the Last K Numbers,12.5,0.6306,https://leetcode.com/problems/product-of-the-last-k-numbers,"Array, Math, Design, Data Stream, Prefix Sum"
MEDIUM,Paint House,12.5,0.6457,https://leetcode.com/problems/paint-house,"Array, Dynamic Programming"
EASY,Water Bottles,12.5,0.7252,https://leetcode.com/problems/water-bottles,"Math, Simulation"
EASY,Minimum Subsequence in Non-Increasing Order,12.5,0.7417,https://leetcode.com/problems/minimum-subsequence-in-non-increasing-order,"Array, Greedy, Sorting"
MEDIUM,Delete Operation for Two Strings,12.5,0.6630,https://leetcode.com/problems/delete-operation-for-two-strings,"String, Dynamic Programming, Longest Common Subsequence"
MEDIUM,Dot Product of Two Sparse Vectors,12.5,0.8987,https://leetcode.com/problems/dot-product-of-two-sparse-vectors,"Array, Hash Table, Two Pointers, Design, Linear Algebra"
MEDIUM,Number of Good Ways to Split a String,12.5,0.6858,https://leetcode.com/problems/number-of-good-ways-to-split-a-string,"Hash Table, String, Dynamic Programming, Bit Manipulation, Prefix Sum"
MEDIUM,Rectangle Area,12.5,0.5043,https://leetcode.com/problems/rectangle-area,"Math, Geometry"
MEDIUM,Find Unique Binary String,12.5,0.8124,https://leetcode.com/problems/find-unique-binary-string,"Array, Hash Table, String, Backtracking"
EASY,Two Furthest Houses With Different Colors,12.5,0.7165,https://leetcode.com/problems/two-furthest-houses-with-different-colors,"Array, Greedy"
HARD,Patching Array,12.5,0.5479,https://leetcode.com/problems/patching-array,"Array, Greedy"
MEDIUM,Random Pick Index,12.5,0.6519,https://leetcode.com/problems/random-pick-index,"Hash Table, Math, Reservoir Sampling, Randomized"
EASY,Convert a Number to Hexadecimal,12.5,0.5501,https://leetcode.com/problems/convert-a-number-to-hexadecimal,"Math, String, Bit Manipulation"
MEDIUM,Shopping Offers,12.5,0.5284,https://leetcode.com/problems/shopping-offers,"Array, Dynamic Programming, Backtracking, Bit Manipulation, Memoization, Bitmask, Knapsack Problem, Complete Knapsack"
MEDIUM,Remove Zero Sum Consecutive Nodes from Linked List,12.5,0.5334,https://leetcode.com/problems/remove-zero-sum-consecutive-nodes-from-linked-list,"Hash Table, Linked List"
EASY,Count Odd Numbers in an Interval Range,12.5,0.5482,https://leetcode.com/problems/count-odd-numbers-in-an-interval-range,Math
MEDIUM,Parallel Courses,12.5,0.6241,https://leetcode.com/problems/parallel-courses,"Graph Theory, Topological Sort, Directed Acyclic Graph"
EASY,Surface Area of 3D Shapes,12.5,0.7149,https://leetcode.com/problems/surface-area-of-3d-shapes,"Array, Math, Geometry, Matrix"
MEDIUM,Maximum Number of Occurrences of a Substring,12.5,0.5498,https://leetcode.com/problems/maximum-number-of-occurrences-of-a-substring,"Hash Table, String, Sliding Window"
MEDIUM,Score After Flipping Matrix,12.5,0.8030,https://leetcode.com/problems/score-after-flipping-matrix,"Array, Greedy, Bit Manipulation, Matrix"
MEDIUM,Print Binary Tree,12.5,0.6702,https://leetcode.com/problems/print-binary-tree,"Tree, Depth-First Search, Breadth-First Search, Binary Tree"
MEDIUM,Decoded String at Index,12.5,0.3756,https://leetcode.com/problems/decoded-string-at-index,"String, Stack"
MEDIUM,Linked List in Binary Tree,12.5,0.5204,https://leetcode.com/problems/linked-list-in-binary-tree,"Linked List, Tree, Depth-First Search, Binary Tree"
EASY,Sum of All Odd Length Subarrays,12.5,0.8418,https://leetcode.com/problems/sum-of-all-odd-length-subarrays,"Array, Math, Prefix Sum"
EASY,Check If a Word Occurs As a Prefix of Any Word in a Sentence,12.5,0.6883,https://leetcode.com/problems/check-if-a-word-occurs-as-a-prefix-of-any-word-in-a-sentence,"Two Pointers, String, String Matching"
EASY,Range Addition II,12.5,0.5936,https://leetcode.com/problems/range-addition-ii,"Array, Math"
EASY,Minimum Value to Get Positive Step by Step Sum,12.5,0.6493,https://leetcode.com/problems/minimum-value-to-get-positive-step-by-step-sum,"Array, Prefix Sum"
MEDIUM,3Sum With Multiplicity,12.5,0.4651,https://leetcode.com/problems/3sum-with-multiplicity,"Array, Hash Table, Two Pointers, Sorting, Counting"
EASY,Number Complement,12.5,0.7060,https://leetcode.com/problems/number-complement,Bit Manipulation
MEDIUM,Count Good Meals,12.5,0.3320,https://leetcode.com/problems/count-good-meals,"Array, Hash Table"
MEDIUM,Stone Game,12.5,0.7709,https://leetcode.com/problems/stone-game,"Array, Math, Dynamic Programming, Minimax, Game Theory, Zero-Sum Game"
EASY,Reverse Only Letters,12.5,0.6918,https://leetcode.com/problems/reverse-only-letters,"Two Pointers, String"
MEDIUM,Maximize the Confusion of an Exam,12.5,0.7060,https://leetcode.com/problems/maximize-the-confusion-of-an-exam,"String, Binary Search, Sliding Window, Prefix Sum"
MEDIUM,Binary Trees With Factors,12.5,0.5324,https://leetcode.com/problems/binary-trees-with-factors,"Array, Hash Table, Dynamic Programming, Sorting"
HARD,Palindrome Pairs,12.5,0.3765,https://leetcode.com/problems/palindrome-pairs,"Array, Hash Table, String, Trie, Hash Function"
HARD,Robot Room Cleaner,12.5,0.7804,https://leetcode.com/problems/robot-room-cleaner,"Backtracking, Interactive"
MEDIUM,Inorder Successor in BST,12.5,0.5129,https://leetcode.com/problems/inorder-successor-in-bst,"Tree, Depth-First Search, Binary Search Tree, Binary Tree"
EASY,Rectangle Overlap,12.5,0.5340,https://leetcode.com/problems/rectangle-overlap,"Math, Geometry"
MEDIUM,Convert Binary Search Tree to Sorted Doubly Linked List,12.5,0.6564,https://leetcode.com/problems/convert-binary-search-tree-to-sorted-doubly-linked-list,"Linked List, Stack, Tree, Depth-First Search, Binary Search Tree, Binary Tree, Doubly-Linked List"
HARD,Stream of Characters,12.5,0.5293,https://leetcode.com/problems/stream-of-characters,"Array, String, Design, Trie, Data Stream, Aho–Corasick Algorithm"
HARD,Shortest Path Visiting All Nodes,12.5,0.6640,https://leetcode.com/problems/shortest-path-visiting-all-nodes,"Dynamic Programming, Bit Manipulation, Breadth-First Search, Graph Theory, Bitmask"
HARD,Range Module,12.5,0.4554,https://leetcode.com/problems/range-module,"Design, Segment Tree, Ordered Set"
HARD,Sliding Puzzle,12.5,0.7463,https://leetcode.com/problems/sliding-puzzle,"Array, Dynamic Programming, Backtracking, Breadth-First Search, Memoization, Matrix, Heuristic Search, Bidirectional Search, A* Search"
MEDIUM,Pancake Sorting,12.5,0.7197,https://leetcode.com/problems/pancake-sorting,"Array, Two Pointers, Greedy, Sorting"
MEDIUM,Construct Binary Tree from Preorder and Postorder Traversal,12.5,0.7811,https://leetcode.com/problems/construct-binary-tree-from-preorder-and-postorder-traversal,"Array, Hash Table, Divide and Conquer, Tree, Binary Tree"
HARD,Random Pick with Blacklist,12.5,0.3554,https://leetcode.com/problems/random-pick-with-blacklist,"Array, Hash Table, Math, Binary Search, Sorting, Randomized"
MEDIUM,Design A Leaderboard,12.5,0.6800,https://leetcode.com/problems/design-a-leaderboard,"Hash Table, Design, Sorting"
MEDIUM,Longest Arithmetic Subsequence,12.5,0.5019,https://leetcode.com/problems/longest-arithmetic-subsequence,"Array, Hash Table, Binary Search, Dynamic Programming"
EASY,Minimum Time Visiting All Points,12.5,0.8486,https://leetcode.com/problems/minimum-time-visiting-all-points,"Array, Math, Geometry"
HARD,Super Egg Drop,12.5,0.3088,https://leetcode.com/problems/super-egg-drop,"Math, Binary Search, Dynamic Programming"
EASY,Create Target Array in the Given Order,12.5,0.8664,https://leetcode.com/problems/create-target-array-in-the-given-order,"Array, Simulation"
EASY,Increasing Decreasing String,12.5,0.7741,https://leetcode.com/problems/increasing-decreasing-string,"Hash Table, String, Counting"
MEDIUM,Prime Palindrome,12.5,0.2865,https://leetcode.com/problems/prime-palindrome,"Math, Number Theory, Primality Test"
MEDIUM,The Maze II,12.5,0.5524,https://leetcode.com/problems/the-maze-ii,"Array, Depth-First Search, Breadth-First Search, Graph Theory, Heap (Priority Queue), Matrix, Shortest Path, Dijkstra's Algorithm, Heuristic Search, A* Search"
HARD,Design Excel Sum Formula,12.5,0.3941,https://leetcode.com/problems/design-excel-sum-formula,"Array, Hash Table, String, Graph Theory, Design, Topological Sort, Matrix"
MEDIUM,Shuffle an Array,12.5,0.6004,https://leetcode.com/problems/shuffle-an-array,"Array, Math, Design, Randomized"
MEDIUM,Plus One Linked List,12.5,0.6119,https://leetcode.com/problems/plus-one-linked-list,"Linked List, Math"
HARD,Split Array With Same Average,12.5,0.2761,https://leetcode.com/problems/split-array-with-same-average,"Array, Hash Table, Math, Dynamic Programming, Bit Manipulation, Meet in the Middle, Bitmask"
HARD,K-Similar Strings,12.5,0.4130,https://leetcode.com/problems/k-similar-strings,"Hash Table, String, Breadth-First Search"
HARD,Data Stream as Disjoint Intervals,12.5,0.6066,https://leetcode.com/problems/data-stream-as-disjoint-intervals,"Hash Table, Binary Search, Union-Find, Design, Data Stream, Ordered Set"
MEDIUM,Path with Maximum Gold,12.5,0.6862,https://leetcode.com/problems/path-with-maximum-gold,"Array, Backtracking, Matrix"
MEDIUM,Design Log Storage System,12.5,0.5976,https://leetcode.com/problems/design-log-storage-system,"Hash Table, String, Design, Ordered Set"
HARD,Closest Binary Search Tree Value II,12.5,0.6135,https://leetcode.com/problems/closest-binary-search-tree-value-ii,"Two Pointers, Stack, Tree, Depth-First Search, Binary Search Tree, Heap (Priority Queue), Binary Tree"
MEDIUM,Queue Reconstruction by Height,12.5,0.7507,https://leetcode.com/problems/queue-reconstruction-by-height,"Array, Binary Indexed Tree, Segment Tree, Sorting"
MEDIUM,Longest Turbulent Subarray,12.5,0.4953,https://leetcode.com/problems/longest-turbulent-subarray,"Array, Dynamic Programming, Sliding Window"
MEDIUM,Employee Importance,12.5,0.6983,https://leetcode.com/problems/employee-importance,"Array, Hash Table, Tree, Depth-First Search, Breadth-First Search"
EASY,Unique Email Addresses,12.5,0.6799,https://leetcode.com/problems/unique-email-addresses,"Array, Hash Table, String"
MEDIUM,Count Univalue Subtrees,12.5,0.5761,https://leetcode.com/problems/count-univalue-subtrees,"Tree, Depth-First Search, Binary Tree, DP on Trees"
MEDIUM,Repeated String Match,12.5,0.3988,https://leetcode.com/problems/repeated-string-match,"String, String Matching, Z Algorithm, Knuth–Morris–Pratt Algorithm, Boyer–Moore String-Search Algorithm"
MEDIUM,Water and Jug Problem,12.5,0.4646,https://leetcode.com/problems/water-and-jug-problem,"Math, Depth-First Search, Breadth-First Search, Bézout's Lemma, Euclidean Algorithm, Greatest Common Divisor, Extended Euclidean Algorithm"
MEDIUM,Construct Quad Tree,12.5,0.7871,https://leetcode.com/problems/construct-quad-tree,"Array, Divide and Conquer, Tree, Matrix"
HARD,Number of Islands II,12.5,0.4076,https://leetcode.com/problems/number-of-islands-ii,"Array, Hash Table, Union-Find"
HARD,Dinner Plate Stacks,12.5,0.3411,https://leetcode.com/problems/dinner-plate-stacks,"Hash Table, Stack, Design, Heap (Priority Queue)"
MEDIUM,Matchsticks to Square,12.5,0.4234,https://leetcode.com/problems/matchsticks-to-square,"Array, Dynamic Programming, Backtracking, Bit Manipulation, Bitmask"
HARD,Create Maximum Number,12.5,0.3719,https://leetcode.com/problems/create-maximum-number,"Array, Two Pointers, Stack, Greedy, Monotonic Stack"
HARD,Minimize Malware Spread,12.5,0.4349,https://leetcode.com/problems/minimize-malware-spread,"Array, Hash Table, Depth-First Search, Breadth-First Search, Union-Find, Graph Theory"
EASY,Minimum Distance Between BST Nodes,12.5,0.6190,https://leetcode.com/problems/minimum-distance-between-bst-nodes,"Tree, Depth-First Search, Breadth-First Search, Binary Search Tree, Binary Tree"
MEDIUM,Complete Binary Tree Inserter,12.5,0.6529,https://leetcode.com/problems/complete-binary-tree-inserter,"Tree, Breadth-First Search, Design, Binary Tree"
EASY,Maximum Depth of N-ary Tree,12.5,0.7383,https://leetcode.com/problems/maximum-depth-of-n-ary-tree,"Tree, Depth-First Search, Breadth-First Search"
EASY,Partition Array Into Three Parts With Equal Sum,12.5,0.4312,https://leetcode.com/problems/partition-array-into-three-parts-with-equal-sum,"Array, Greedy"
MEDIUM,My Calendar II,12.5,0.6351,https://leetcode.com/problems/my-calendar-ii,"Array, Binary Search, Design, Segment Tree, Prefix Sum, Ordered Set"
MEDIUM,All People Report to the Given Manager,12.5,0.8376,https://leetcode.com/problems/all-people-report-to-the-given-manager,Database
MEDIUM,Integer Replacement,12.5,0.3807,https://leetcode.com/problems/integer-replacement,"Dynamic Programming, Greedy, Bit Manipulation, Memoization"
MEDIUM,Number of Closed Islands,12.5,0.6733,https://leetcode.com/problems/number-of-closed-islands,"Array, Depth-First Search, Breadth-First Search, Union-Find, Matrix"
HARD,Minimum Number of K Consecutive Bit Flips,12.5,0.6246,https://leetcode.com/problems/minimum-number-of-k-consecutive-bit-flips,"Array, Bit Manipulation, Queue, Sliding Window, Prefix Sum, Brute-Force Search"
HARD,Shortest Path to Get All Keys,12.5,0.5512,https://leetcode.com/problems/shortest-path-to-get-all-keys,"Array, Bit Manipulation, Breadth-First Search, Matrix"
MEDIUM,Longest String Chain,12.5,0.6352,https://leetcode.com/problems/longest-string-chain,"Array, Hash Table, Two Pointers, String, Dynamic Programming, Sorting"
MEDIUM,Longest Word in Dictionary,12.5,0.5548,https://leetcode.com/problems/longest-word-in-dictionary,"Array, Hash Table, String, Trie, Sorting"
MEDIUM,Flip Equivalent Binary Trees,12.5,0.6949,https://leetcode.com/problems/flip-equivalent-binary-trees,"Tree, Depth-First Search, Binary Tree"
EASY,DI String Match,12.5,0.8138,https://leetcode.com/problems/di-string-match,"Array, Two Pointers, String, Greedy"
MEDIUM,Wiggle Subsequence,12.5,0.4982,https://leetcode.com/problems/wiggle-subsequence,"Array, Dynamic Programming, Greedy"
MEDIUM,Exam Room,12.5,0.4382,https://leetcode.com/problems/exam-room,"Design, Heap (Priority Queue), Ordered Set"
MEDIUM,N-ary Tree Level Order Traversal,12.5,0.7168,https://leetcode.com/problems/n-ary-tree-level-order-traversal,"Tree, Breadth-First Search"
MEDIUM,Check Completeness of a Binary Tree,12.5,0.5956,https://leetcode.com/problems/check-completeness-of-a-binary-tree,"Tree, Breadth-First Search, Binary Tree"
MEDIUM,Letter Case Permutation,12.5,0.7612,https://leetcode.com/problems/letter-case-permutation,"String, Backtracking, Bit Manipulation"
HARD,Similar String Groups,12.5,0.5663,https://leetcode.com/problems/similar-string-groups,"Array, Hash Table, String, Depth-First Search, Breadth-First Search, Union-Find"
MEDIUM,Delete Nodes And Return Forest,12.5,0.7250,https://leetcode.com/problems/delete-nodes-and-return-forest,"Array, Hash Table, Tree, Depth-First Search, Binary Tree"
EASY,Hamming Distance,12.5,0.7711,https://leetcode.com/problems/hamming-distance,Bit Manipulation
EASY,Uncommon Words from Two Sentences,12.5,0.7587,https://leetcode.com/problems/uncommon-words-from-two-sentences,"Hash Table, String, Counting"
MEDIUM,Binary Tree Pruning,12.5,0.7258,https://leetcode.com/problems/binary-tree-pruning,"Tree, Depth-First Search, Binary Tree"
EASY,Leaf-Similar Trees,12.5,0.7036,https://leetcode.com/problems/leaf-similar-trees,"Tree, Depth-First Search, Binary Tree"
MEDIUM,Two City Scheduling,12.5,0.6899,https://leetcode.com/problems/two-city-scheduling,"Array, Greedy, Sorting, Hungarian Algorithm, Successive Shortest Path Algorithm"
EASY,Height Checker,12.5,0.8207,https://leetcode.com/problems/height-checker,"Array, Sorting, Counting Sort, Bubble Sort"
EASY,Find Mode in Binary Search Tree,12.5,0.5943,https://leetcode.com/problems/find-mode-in-binary-search-tree,"Tree, Depth-First Search, Binary Search Tree, Binary Tree"
MEDIUM,Non-decreasing Array,12.5,0.2563,https://leetcode.com/problems/non-decreasing-array,Array
HARD,Find Minimum in Rotated Sorted Array II,12.5,0.4704,https://leetcode.com/problems/find-minimum-in-rotated-sorted-array-ii,"Array, Binary Search"
MEDIUM,Minimum Difference Between Largest and Smallest Value in Three Moves,12.5,0.5919,https://leetcode.com/problems/minimum-difference-between-largest-and-smallest-value-in-three-moves,"Array, Greedy, Sorting"
MEDIUM,Maximum Length of Repeated Subarray,12.5,0.5159,https://leetcode.com/problems/maximum-length-of-repeated-subarray,"Array, Binary Search, Dynamic Programming, Sliding Window, Rolling Hash, Hash Function"
MEDIUM,Regions Cut By Slashes,12.5,0.7756,https://leetcode.com/problems/regions-cut-by-slashes,"Array, Hash Table, Depth-First Search, Breadth-First Search, Union-Find, Matrix, Planar Graph"
MEDIUM,Find the City With the Smallest Number of Neighbors at a Threshold Distance,12.5,0.7390,https://leetcode.com/problems/find-the-city-with-the-smallest-number-of-neighbors-at-a-threshold-distance,"Dynamic Programming, Graph Theory, Shortest Path, Dijkstra's Algorithm, Bellman–Ford Algorithm, Floyd–Warshall Algorithm"
MEDIUM,Extra Characters in a String,12.5,0.5722,https://leetcode.com/problems/extra-characters-in-a-string,"Array, Hash Table, String, Dynamic Programming, Trie"
EASY,Count Pairs Whose Sum is Less than Target,12.5,0.8769,https://leetcode.com/problems/count-pairs-whose-sum-is-less-than-target,"Array, Two Pointers, Binary Search, Sorting"
MEDIUM,Integer Break,12.5,0.6277,https://leetcode.com/problems/integer-break,"Math, Dynamic Programming"
MEDIUM,Find Bottom Left Tree Value,12.5,0.7264,https://leetcode.com/problems/find-bottom-left-tree-value,"Tree, Depth-First Search, Breadth-First Search, Binary Tree"
MEDIUM,Linked List Components,12.5,0.5828,https://leetcode.com/problems/linked-list-components,"Array, Hash Table, Linked List"
MEDIUM,Smallest Range II,12.5,0.3832,https://leetcode.com/problems/smallest-range-ii,"Array, Math, Greedy, Sorting"
MEDIUM,Minimum Score Triangulation of Polygon,12.5,0.6770,https://leetcode.com/problems/minimum-score-triangulation-of-polygon,"Array, Dynamic Programming, Triangulation, Polygons"
EASY,Sort Integers by The Number of 1 Bits,12.5,0.8245,https://leetcode.com/problems/sort-integers-by-the-number-of-1-bits,"Array, Bit Manipulation, Sorting, Counting"
MEDIUM,Design Underground System,12.5,0.7470,https://leetcode.com/problems/design-underground-system,"Hash Table, String, Design"
MEDIUM,Minimum Deletions to Make Character Frequencies Unique,12.5,0.6157,https://leetcode.com/problems/minimum-deletions-to-make-character-frequencies-unique,"Hash Table, String, Greedy, Sorting"
MEDIUM,Process Tasks Using Servers,12.5,0.4220,https://leetcode.com/problems/process-tasks-using-servers,"Array, Heap (Priority Queue)"
MEDIUM,Numbers With Same Consecutive Differences,12.5,0.5937,https://leetcode.com/problems/numbers-with-same-consecutive-differences,"Backtracking, Breadth-First Search"
HARD,Count Subarrays With Score Less Than K,12.5,0.6223,https://leetcode.com/problems/count-subarrays-with-score-less-than-k,"Array, Binary Search, Sliding Window, Prefix Sum"
MEDIUM,Jump Game III,12.5,0.7046,https://leetcode.com/problems/jump-game-iii,"Array, Depth-First Search, Breadth-First Search"
HARD,Count Unique Characters of All Substrings of a Given String,12.5,0.5404,https://leetcode.com/problems/count-unique-characters-of-all-substrings-of-a-given-string,"Hash Table, String, Dynamic Programming"
EASY,Duplicate Zeros,12.5,0.5407,https://leetcode.com/problems/duplicate-zeros,"Array, Two Pointers"
HARD,Kth Ancestor of a Tree Node,12.5,0.3971,https://leetcode.com/problems/kth-ancestor-of-a-tree-node,"Binary Search, Dynamic Programming, Bit Manipulation, Tree, Depth-First Search, Breadth-First Search, Design, Binary Lifting"
MEDIUM,Merge In Between Linked Lists,12.5,0.8319,https://leetcode.com/problems/merge-in-between-linked-lists,Linked List
EASY,Check If Two String Arrays are Equivalent,12.5,0.8624,https://leetcode.com/problems/check-if-two-string-arrays-are-equivalent,"Array, String"
MEDIUM,Minimize Maximum of Array,12.5,0.4660,https://leetcode.com/problems/minimize-maximum-of-array,"Array, Binary Search, Dynamic Programming, Greedy, Prefix Sum"
MEDIUM,Count the Number of Good Subarrays,12.5,0.6575,https://leetcode.com/problems/count-the-number-of-good-subarrays,"Array, Hash Table, Sliding Window"
EASY,Number of Employees Who Met the Target,12.5,0.8781,https://leetcode.com/problems/number-of-employees-who-met-the-target,Array
EASY,Find Words Containing Character,12.5,0.9022,https://leetcode.com/problems/find-words-containing-character,"Array, String"
MEDIUM,Split a String Into the Max Number of Unique Substrings,12.5,0.6880,https://leetcode.com/problems/split-a-string-into-the-max-number-of-unique-substrings,"Hash Table, String, Backtracking"
MEDIUM,Count Nodes Equal to Average of Subtree,12.5,0.8870,https://leetcode.com/problems/count-nodes-equal-to-average-of-subtree,"Tree, Depth-First Search, Binary Tree"
MEDIUM,Longest Binary Subsequence Less Than or Equal to K,12.5,0.5273,https://leetcode.com/problems/longest-binary-subsequence-less-than-or-equal-to-k,"String, Dynamic Programming, Greedy, Memoization"
MEDIUM,Minimum Time to Make Rope Colorful,12.5,0.6517,https://leetcode.com/problems/minimum-time-to-make-rope-colorful,"Array, String, Dynamic Programming, Greedy"
EASY,  Count Symmetric Integers,12.5,0.8318,https://leetcode.com/problems/count-symmetric-integers,"Math, Enumeration"
MEDIUM,Satisfiability of Equality Equations,12.5,0.5223,https://leetcode.com/problems/satisfiability-of-equality-equations,"Array, String, Union-Find, Graph Theory"
HARD,Jump Game V,12.5,0.7583,https://leetcode.com/problems/jump-game-v,"Array, Dynamic Programming, Sorting"
MEDIUM,Lowest Common Ancestor of Deepest Leaves,12.5,0.7956,https://leetcode.com/problems/lowest-common-ancestor-of-deepest-leaves,"Hash Table, Tree, Depth-First Search, Breadth-First Search, Binary Tree, Binary Lifting, Lowest Common Ancestor, DP on Trees"
HARD,String Compression II,12.5,0.5220,https://leetcode.com/problems/string-compression-ii,"String, Dynamic Programming"
MEDIUM,Minimum Suffix Flips,12.5,0.7399,https://leetcode.com/problems/minimum-suffix-flips,"String, Greedy"
HARD,Minimum Number of Operations to Make Arrays Similar,12.5,0.6162,https://leetcode.com/problems/minimum-number-of-operations-to-make-arrays-similar,"Array, Greedy, Sorting"
MEDIUM,Maximum Subsequence Score,12.5,0.5504,https://leetcode.com/problems/maximum-subsequence-score,"Array, Greedy, Sorting, Heap (Priority Queue)"
EASY,Take Gifts From the Richest Pile,12.5,0.7544,https://leetcode.com/problems/take-gifts-from-the-richest-pile,"Array, Heap (Priority Queue), Simulation"
EASY,Buy Two Chocolates,12.5,0.6845,https://leetcode.com/problems/buy-two-chocolates,"Array, Greedy, Sorting"
HARD,Painting the Walls,12.5,0.4923,https://leetcode.com/problems/painting-the-walls,"Array, Dynamic Programming"
MEDIUM,Count Nodes With the Highest Score,12.5,0.5291,https://leetcode.com/problems/count-nodes-with-the-highest-score,"Array, Tree, Depth-First Search, Binary Tree, DP on Trees"
MEDIUM,Divide Intervals Into Minimum Number of Groups,12.5,0.6354,https://leetcode.com/problems/divide-intervals-into-minimum-number-of-groups,"Array, Two Pointers, Greedy, Sorting, Heap (Priority Queue), Prefix Sum"
MEDIUM,Remove Stones to Minimize the Total,12.5,0.6623,https://leetcode.com/problems/remove-stones-to-minimize-the-total,"Array, Greedy, Heap (Priority Queue)"
MEDIUM,Minimum Number of Swaps to Make the Binary String Alternating,12.5,0.4418,https://leetcode.com/problems/minimum-number-of-swaps-to-make-the-binary-string-alternating,"String, Greedy"
MEDIUM,Collecting Chocolates,12.5,0.3580,https://leetcode.com/problems/collecting-chocolates,"Array, Enumeration"
HARD,Sort Items by Groups Respecting Dependencies,12.5,0.6612,https://leetcode.com/problems/sort-items-by-groups-respecting-dependencies,"Depth-First Search, Breadth-First Search, Graph Theory, Topological Sort, Directed Acyclic Graph"
MEDIUM,Non-decreasing Subsequences,12.5,0.6316,https://leetcode.com/problems/non-decreasing-subsequences,"Array, Hash Table, Backtracking, Bit Manipulation"
MEDIUM,Smallest Subtree with all the Deepest Nodes,12.5,0.7773,https://leetcode.com/problems/smallest-subtree-with-all-the-deepest-nodes,"Hash Table, Tree, Depth-First Search, Breadth-First Search, Binary Tree, Binary Lifting, Lowest Common Ancestor, DP on Trees"
MEDIUM,Longest Palindrome by Concatenating Two Letter Words,12.5,0.5343,https://leetcode.com/problems/longest-palindrome-by-concatenating-two-letter-words,"Array, Hash Table, String, Greedy, Counting"
MEDIUM,Maximum Number of Weeks for Which You Can Work,12.5,0.4283,https://leetcode.com/problems/maximum-number-of-weeks-for-which-you-can-work,"Array, Greedy"
HARD,Minimum Cost to Make Array Equal,12.5,0.4695,https://leetcode.com/problems/minimum-cost-to-make-array-equal,"Array, Binary Search, Greedy, Sorting, Prefix Sum"
MEDIUM,Jump Game VI,12.5,0.4662,https://leetcode.com/problems/jump-game-vi,"Array, Dynamic Programming, Queue, Heap (Priority Queue), Monotonic Queue"
HARD,First and Last Call On the Same Day,12.5,0.5107,https://leetcode.com/problems/first-and-last-call-on-the-same-day,Database
EASY,Maximum Count of Positive Integer and Negative Integer,12.5,0.7420,https://leetcode.com/problems/maximum-count-of-positive-integer-and-negative-integer,"Array, Binary Search, Counting"
HARD,Race Car,12.5,0.4513,https://leetcode.com/problems/race-car,"Dynamic Programming, Heuristic Search, A* Search"
MEDIUM,Find Smallest Common Element in All Rows,12.5,0.7677,https://leetcode.com/problems/find-smallest-common-element-in-all-rows,"Array, Hash Table, Binary Search, Matrix, Counting"
HARD,Minimum Cost to Convert String II,12.5,0.5913,https://leetcode.com/problems/minimum-cost-to-convert-string-ii,"Array, String, Dynamic Programming, Graph Theory, Trie, Shortest Path"
EASY,Finding 3-Digit Even Numbers,12.5,0.7882,https://leetcode.com/problems/finding-3-digit-even-numbers,"Array, Hash Table, Recursion, Sorting, Enumeration"
MEDIUM,Longest Subarray With Maximum Bitwise AND,12.5,0.6535,https://leetcode.com/problems/longest-subarray-with-maximum-bitwise-and,"Array, Bit Manipulation, Brainteaser"
MEDIUM,Filling Bookcase Shelves,12.5,0.6867,https://leetcode.com/problems/filling-bookcase-shelves,"Array, Dynamic Programming"
MEDIUM,Minimum Cost to Convert String I,12.5,0.6299,https://leetcode.com/problems/minimum-cost-to-convert-string-i,"Array, String, Graph Theory, Shortest Path"
MEDIUM,Count the Number of Complete Components,12.5,0.8084,https://leetcode.com/problems/count-the-number-of-complete-components,"Depth-First Search, Breadth-First Search, Union-Find, Graph Theory"
MEDIUM,Wiggle Sort II,12.5,0.3841,https://leetcode.com/problems/wiggle-sort-ii,"Array, Divide and Conquer, Greedy, Sorting, Quickselect"
EASY,Maximum Score After Splitting a String,12.5,0.6507,https://leetcode.com/problems/maximum-score-after-splitting-a-string,"String, Prefix Sum"
EASY,Check if the Sentence Is Pangram,12.5,0.8435,https://leetcode.com/problems/check-if-the-sentence-is-pangram,"Hash Table, String"
MEDIUM,Find the Minimum and Maximum Number of Nodes Between Critical Points,12.5,0.7299,https://leetcode.com/problems/find-the-minimum-and-maximum-number-of-nodes-between-critical-points,Linked List
EASY,Counter II,12.5,0.8125,https://leetcode.com/problems/counter-ii,
MEDIUM,Minimum Deletions to Make String Balanced,12.5,0.6815,https://leetcode.com/problems/minimum-deletions-to-make-string-balanced,"String, Dynamic Programming, Stack"
MEDIUM,Task Scheduler II,12.5,0.5506,https://leetcode.com/problems/task-scheduler-ii,"Array, Hash Table, Simulation"
MEDIUM,Length of the Longest Subsequence That Sums to Target,12.5,0.4021,https://leetcode.com/problems/length-of-the-longest-subsequence-that-sums-to-target,"Array, Dynamic Programming, Knapsack Problem, 0-1 Knapsack"
MEDIUM,Find the Longest Substring Containing Vowels in Even Counts,12.5,0.7559,https://leetcode.com/problems/find-the-longest-substring-containing-vowels-in-even-counts,"Hash Table, String, Bit Manipulation, Prefix Sum"
EASY,Adjacent Increasing Subarrays Detection I,12.5,0.4801,https://leetcode.com/problems/adjacent-increasing-subarrays-detection-i,Array
MEDIUM,Find Score of an Array After Marking All Elements,12.5,0.6426,https://leetcode.com/problems/find-score-of-an-array-after-marking-all-elements,"Array, Hash Table, Sorting, Heap (Priority Queue), Simulation"
MEDIUM,Shifting Letters II,12.5,0.5389,https://leetcode.com/problems/shifting-letters-ii,"Array, String, Prefix Sum"
EASY,Find Users With Valid E-Mails,12.5,0.3523,https://leetcode.com/problems/find-users-with-valid-e-mails,Database
MEDIUM,Neighboring Bitwise XOR,12.5,0.7981,https://leetcode.com/problems/neighboring-bitwise-xor,"Array, Bit Manipulation"
HARD,Last Day Where You Can Still Cross,12.5,0.6876,https://leetcode.com/problems/last-day-where-you-can-still-cross,"Array, Binary Search, Depth-First Search, Breadth-First Search, Union-Find, Matrix"
MEDIUM,Super Pow,12.5,0.3758,https://leetcode.com/problems/super-pow,"Math, Divide and Conquer, Euler's Totient Function, Euler's Theorem"
HARD,Arithmetic Slices II - Subsequence,12.5,0.5530,https://leetcode.com/problems/arithmetic-slices-ii-subsequence,"Array, Dynamic Programming"
EASY,Swap Sex of Employees,12.5,0.8500,https://leetcode.com/problems/swap-sex-of-employees,Database
HARD,Strange Printer,12.5,0.6102,https://leetcode.com/problems/strange-printer,"String, Dynamic Programming"
HARD,Reaching Points,12.5,0.3467,https://leetcode.com/problems/reaching-points,"Math, Euclidean Algorithm, Greatest Common Divisor"
MEDIUM,Rotated Digits,12.5,0.6415,https://leetcode.com/problems/rotated-digits,"Math, Dynamic Programming"
EASY,Largest Triangle Area,12.5,0.7225,https://leetcode.com/problems/largest-triangle-area,"Array, Math, Geometry, Polygons"
EASY,Increasing Order Search Tree,12.5,0.7913,https://leetcode.com/problems/increasing-order-search-tree,"Stack, Tree, Depth-First Search, Binary Search Tree, Binary Tree"
EASY,Largest Perimeter Triangle,12.5,0.6255,https://leetcode.com/problems/largest-perimeter-triangle,"Array, Math, Greedy, Sorting, Quicksort, Polygons"
HARD,Last Substring in Lexicographical Order,12.5,0.3525,https://leetcode.com/problems/last-substring-in-lexicographical-order,"Two Pointers, String, Lyndon Factorization"
EASY,Check If It Is a Straight Line,12.5,0.4034,https://leetcode.com/problems/check-if-it-is-a-straight-line,"Array, Math, Geometry"
MEDIUM,Group the People Given the Group Size They Belong To,12.5,0.8754,https://leetcode.com/problems/group-the-people-given-the-group-size-they-belong-to,"Array, Hash Table, Greedy"
HARD,Minimum Number of Removals to Make Mountain Array,12.5,0.5476,https://leetcode.com/problems/minimum-number-of-removals-to-make-mountain-array,"Array, Binary Search, Dynamic Programming, Greedy"
EASY,Count of Matches in Tournament,12.5,0.8658,https://leetcode.com/problems/count-of-matches-in-tournament,"Math, Simulation"
MEDIUM,Construct the Lexicographically Largest Valid Sequence,12.5,0.7265,https://leetcode.com/problems/construct-the-lexicographically-largest-valid-sequence,"Array, Backtracking"
EASY,Check if One String Swap Can Make Strings Equal,12.5,0.4955,https://leetcode.com/problems/check-if-one-string-swap-can-make-strings-equal,"Hash Table, String, Counting"
EASY,Substrings of Size Three with Distinct Characters,12.5,0.7720,https://leetcode.com/problems/substrings-of-size-three-with-distinct-characters,"Hash Table, String, Sliding Window, Counting"
HARD,Maximum Employees to Be Invited to a Meeting,12.5,0.6175,https://leetcode.com/problems/maximum-employees-to-be-invited-to-a-meeting,"Array, Dynamic Programming, Depth-First Search, Graph Theory, Topological Sort, Kosaraju's Algorithm, Tarjan's SCC Algorithm"
MEDIUM,Merge Nodes in Between Zeros,12.5,0.8972,https://leetcode.com/problems/merge-nodes-in-between-zeros,"Linked List, Simulation"
EASY,Decode the Message,12.5,0.8600,https://leetcode.com/problems/decode-the-message,"Hash Table, String"
EASY,Largest Positive Integer That Exists With Its Negative,12.5,0.7449,https://leetcode.com/problems/largest-positive-integer-that-exists-with-its-negative,"Array, Hash Table, Two Pointers, Sorting"
HARD,Count Subarrays With Fixed Bounds,12.5,0.6917,https://leetcode.com/problems/count-subarrays-with-fixed-bounds,"Array, Queue, Sliding Window, Monotonic Queue"
MEDIUM,Sliding Subarray Beauty,12.5,0.3801,https://leetcode.com/problems/sliding-subarray-beauty,"Array, Hash Table, Sliding Window"
MEDIUM,Cache With Time Limit,12.5,0.7634,https://leetcode.com/problems/cache-with-time-limit,
MEDIUM,Count Subarrays Where Max Element Appears at Least K Times,12.5,0.6232,https://leetcode.com/problems/count-subarrays-where-max-element-appears-at-least-k-times,"Array, Sliding Window"
MEDIUM,Super Ugly Number,12.5,0.4664,https://leetcode.com/problems/super-ugly-number,"Array, Math, Dynamic Programming"
HARD,Check if the Rectangle Corner Is Reachable,12.5,0.2447,https://leetcode.com/problems/check-if-the-rectangle-corner-is-reachable,"Array, Math, Depth-First Search, Breadth-First Search, Union-Find, Geometry"
HARD,Find Servers That Handled Most Number of Requests,12.5,0.4580,https://leetcode.com/problems/find-servers-that-handled-most-number-of-requests,"Array, Heap (Priority Queue), Simulation, Ordered Set"
MEDIUM,Minimum Operations to Make All Array Elements Equal,12.5,0.3889,https://leetcode.com/problems/minimum-operations-to-make-all-array-elements-equal,"Array, Binary Search, Sorting, Prefix Sum"
HARD,Robot Collisions,12.5,0.6166,https://leetcode.com/problems/robot-collisions,"Array, Stack, Sorting, Simulation"
EASY,Minimum String Length After Removing Substrings,12.5,0.7724,https://leetcode.com/problems/minimum-string-length-after-removing-substrings,"String, Stack, Simulation"
EASY,Sort the People,12.5,0.8481,https://leetcode.com/problems/sort-the-people,"Array, Hash Table, String, Sorting"
MEDIUM,Finding the Users Active Minutes,12.5,0.8100,https://leetcode.com/problems/finding-the-users-active-minutes,"Array, Hash Table"
HARD,Lexicographically Smallest Beautiful String,12.5,0.3775,https://leetcode.com/problems/lexicographically-smallest-beautiful-string,"String, Greedy"
MEDIUM,Largest Combination With Bitwise AND Greater Than Zero,12.5,0.8072,https://leetcode.com/problems/largest-combination-with-bitwise-and-greater-than-zero,"Array, Hash Table, Bit Manipulation, Counting"
MEDIUM,Maximum Number of Removable Characters,12.5,0.4789,https://leetcode.com/problems/maximum-number-of-removable-characters,"Array, Two Pointers, String, Binary Search"
MEDIUM,Rearrange Array to Maximize Prefix Score,12.5,0.4277,https://leetcode.com/problems/rearrange-array-to-maximize-prefix-score,"Array, Greedy, Sorting, Prefix Sum"
HARD,Minimum Cost to Make at Least One Valid Path in a Grid,12.5,0.7122,https://leetcode.com/problems/minimum-cost-to-make-at-least-one-valid-path-in-a-grid,"Array, Breadth-First Search, Graph Theory, Heap (Priority Queue), Matrix, Shortest Path, 0-1 BFS, Dijkstra's Algorithm"
MEDIUM,Paint House IV,12.5,0.4450,https://leetcode.com/problems/paint-house-iv,"Array, Dynamic Programming"
MEDIUM,Most Profitable Path in a Tree,12.5,0.6730,https://leetcode.com/problems/most-profitable-path-in-a-tree,"Array, Tree, Depth-First Search, Breadth-First Search, Graph Theory"
MEDIUM,Apply Operations to Make All Array Elements Equal to Zero,12.5,0.3323,https://leetcode.com/problems/apply-operations-to-make-all-array-elements-equal-to-zero,"Array, Prefix Sum"
HARD,Max Chunks To Make Sorted II,12.5,0.5513,https://leetcode.com/problems/max-chunks-to-make-sorted-ii,"Array, Stack, Greedy, Sorting, Monotonic Stack"
MEDIUM,Stock Price Fluctuation ,12.5,0.4940,https://leetcode.com/problems/stock-price-fluctuation,"Hash Table, Design, Heap (Priority Queue), Data Stream, Ordered Set"
MEDIUM,Bitwise ORs of Subarrays,12.5,0.5702,https://leetcode.com/problems/bitwise-ors-of-subarrays,"Array, Dynamic Programming, Bit Manipulation"
MEDIUM,Closest Prime Numbers in Range,12.5,0.5203,https://leetcode.com/problems/closest-prime-numbers-in-range,"Math, Number Theory, Primality Test, Sieve Theory, Prime Number Sieve"
EASY,Teemo Attacking,12.5,0.5820,https://leetcode.com/problems/teemo-attacking,"Array, Simulation"
HARD,Expression Add Operators,12.5,0.4386,https://leetcode.com/problems/expression-add-operators,"Math, String, Backtracking"
EASY,Find the Middle Index in Array,12.5,0.7066,https://leetcode.com/problems/find-the-middle-index-in-array,"Array, Prefix Sum"
MEDIUM,Range Sum Query 2D - Mutable,12.5,0.4596,https://leetcode.com/problems/range-sum-query-2d-mutable,"Array, Design, Binary Indexed Tree, Segment Tree, Matrix, Sqrt Decomposition"
EASY,Number of Segments in a String,12.5,0.3783,https://leetcode.com/problems/number-of-segments-in-a-string,String
EASY,Minimum Cuts to Divide a Circle,12.5,0.5687,https://leetcode.com/problems/minimum-cuts-to-divide-a-circle,"Math, Geometry"
MEDIUM,Find the Lexicographically Largest String From the Box I,12.5,0.4072,https://leetcode.com/problems/find-the-lexicographically-largest-string-from-the-box-i,"Two Pointers, String, Enumeration"
EASY,Shortest Distance to a Character,12.5,0.7303,https://leetcode.com/problems/shortest-distance-to-a-character,"Array, Two Pointers, String"
MEDIUM,Mirror Reflection,12.5,0.6255,https://leetcode.com/problems/mirror-reflection,"Math, Geometry, Number Theory, Least Common Multiple, Greatest Common Divisor"
MEDIUM,Minimum Operations to Reduce an Integer to 0,12.5,0.6341,https://leetcode.com/problems/minimum-operations-to-reduce-an-integer-to-0,"Dynamic Programming, Greedy, Bit Manipulation"
EASY,Delete Characters to Make Fancy String,12.5,0.7400,https://leetcode.com/problems/delete-characters-to-make-fancy-string,String
EASY,Maximum Unique Subarray Sum After Deletion,12.5,0.4049,https://leetcode.com/problems/maximum-unique-subarray-sum-after-deletion,"Array, Hash Table, Greedy"
EASY,A Number After a Double Reversal,12.5,0.8283,https://leetcode.com/problems/a-number-after-a-double-reversal,Math
HARD,Rearranging Fruits,12.5,0.5725,https://leetcode.com/problems/rearranging-fruits,"Array, Hash Table, Greedy, Sort"
MEDIUM,Minimum Operations to Convert All Elements to Zero,12.5,0.5283,https://leetcode.com/problems/minimum-operations-to-convert-all-elements-to-zero,"Array, Hash Table, Stack, Greedy, Monotonic Stack"
MEDIUM,Sort Matrix by Diagonals,12.5,0.8470,https://leetcode.com/problems/sort-matrix-by-diagonals,"Array, Sorting, Matrix"
HARD,Minimum Operations to Equalize Binary String,12.5,0.4481,https://leetcode.com/problems/minimum-operations-to-equalize-binary-string,"Math, String, Breadth-First Search, Union-Find, Ordered Set"
MEDIUM,Minimum Number of People to Teach,12.5,0.6725,https://leetcode.com/problems/minimum-number-of-people-to-teach,"Array, Hash Table, Greedy"
MEDIUM,Find the Minimum Amount of Time to Brew Potions,12.5,0.6235,https://leetcode.com/problems/find-the-minimum-amount-of-time-to-brew-potions,"Array, Simulation, Prefix Sum"
MEDIUM,Maximum Number of Distinct Elements After Operations,12.5,0.5211,https://leetcode.com/problems/maximum-number-of-distinct-elements-after-operations,"Array, Greedy, Sorting"
MEDIUM,Maximum Frequency of an Element After Performing Operations I,12.5,0.4025,https://leetcode.com/problems/maximum-frequency-of-an-element-after-performing-operations-i,"Array, Binary Search, Sliding Window, Sorting, Prefix Sum"
EASY,Make Array Elements Equal to Zero,12.5,0.6814,https://leetcode.com/problems/make-array-elements-equal-to-zero,"Array, Simulation, Prefix Sum"
EASY,Find X-Sum of All K-Long Subarrays I,12.5,0.7575,https://leetcode.com/problems/find-x-sum-of-all-k-long-subarrays-i,"Array, Hash Table, Sliding Window, Heap (Priority Queue)"
HARD,Maximize the Minimum Powered City,12.5,0.6131,https://leetcode.com/problems/maximize-the-minimum-powered-city,"Array, Binary Search, Greedy, Queue, Sliding Window, Prefix Sum"
HARD,Paths in Matrix Whose Sum Is Divisible by K,12.5,0.5869,https://leetcode.com/problems/paths-in-matrix-whose-sum-is-divisible-by-k,"Array, Dynamic Programming, Matrix"
HARD,Maximum Running Time of N Computers,12.5,0.5633,https://leetcode.com/problems/maximum-running-time-of-n-computers,"Array, Binary Search, Greedy, Sorting"
MEDIUM,Count Partitions With Max-Min Difference at Most K,12.5,0.5786,https://leetcode.com/problems/count-partitions-with-max-min-difference-at-most-k,"Array, Dynamic Programming, Queue, Sliding Window, Prefix Sum, Monotonic Queue"
MEDIUM,Best Time to Buy and Sell Stock using Strategy,12.5,0.5939,https://leetcode.com/problems/best-time-to-buy-and-sell-stock-using-strategy,"Array, Sliding Window, Prefix Sum"
MEDIUM,Construct Product Matrix,12.5,0.5179,https://leetcode.com/problems/construct-product-matrix,"Array, Matrix, Prefix Sum"
MEDIUM,Delete Columns to Make Sorted II,12.5,0.4975,https://leetcode.com/problems/delete-columns-to-make-sorted-ii,"Array, String, Greedy"
HARD,Number of Ways to Paint N × 3 Grid,12.5,0.8059,https://leetcode.com/problems/number-of-ways-to-paint-n-3-grid,"Dynamic Programming, Graph Coloring"
EASY,Construct the Minimum Bitwise Array I,12.5,0.8498,https://leetcode.com/problems/construct-the-minimum-bitwise-array-i,"Array, Bit Manipulation"
MEDIUM,Largest Magic Square,12.5,0.7519,https://leetcode.com/problems/largest-magic-square,"Array, Matrix, Prefix Sum"
MEDIUM,Smallest String Starting From Leaf,12.5,0.6143,https://leetcode.com/problems/smallest-string-starting-from-leaf,"String, Backtracking, Tree, Depth-First Search, Binary Tree"
EASY,Binary Gap,12.5,0.7443,https://leetcode.com/problems/binary-gap,Bit Manipulation
EASY,Check if Binary String Has at Most One Segment of Ones,12.5,0.4936,https://leetcode.com/problems/check-if-binary-string-has-at-most-one-segment-of-ones,String
MEDIUM,Get Biggest Three Rhombus Sums in a Grid,12.5,0.7132,https://leetcode.com/problems/get-biggest-three-rhombus-sums-in-a-grid,"Array, Math, Sorting, Heap (Priority Queue), Matrix, Prefix Sum"
MEDIUM,Maximum Non Negative Product in a Matrix,12.5,0.5178,https://leetcode.com/problems/maximum-non-negative-product-in-a-matrix,"Array, Dynamic Programming, Matrix"
EASY,Daily Leads and Partners,12.5,0.8701,https://leetcode.com/problems/daily-leads-and-partners,Database
MEDIUM,Largest Palindromic Number,12.5,0.3744,https://leetcode.com/problems/largest-palindromic-number,"Hash Table, String, Greedy, Counting"
MEDIUM,Minimum Absolute Distance Between Mirror Pairs,12.5,0.5899,https://leetcode.com/problems/minimum-absolute-distance-between-mirror-pairs,"Array, Hash Table, Math"
MEDIUM,Sum of Distances,12.5,0.5016,https://leetcode.com/problems/sum-of-distances,"Array, Hash Table, Prefix Sum"
HARD,Maximum Score From Grid Operations,12.5,0.6334,https://leetcode.com/problems/maximum-score-from-grid-operations,"Array, Dynamic Programming, Matrix, Prefix Sum"
MEDIUM,Maximum Number of Jumps to Reach the Last Index,12.5,0.5126,https://leetcode.com/problems/maximum-number-of-jumps-to-reach-the-last-index,"Array, Dynamic Programming"
HARD,Total Waviness of Numbers in Range II,12.5,0.5618,https://leetcode.com/problems/total-waviness-of-numbers-in-range-ii,"Math, Dynamic Programming"
MEDIUM,Maximum Total Subarray Value I,12.5,0.7172,https://leetcode.com/problems/maximum-total-subarray-value-i,"Array, Greedy"
EASY,Maximum Number of Balloons,12.5,0.6434,https://leetcode.com/problems/maximum-number-of-balloons,"Hash Table, String, Counting"
MEDIUM,Maximum Product of Word Lengths,12.5,0.6162,https://leetcode.com/problems/maximum-product-of-word-lengths,"Array, String, Bit Manipulation"
MEDIUM,Mini Parser,12.5,0.4372,https://leetcode.com/problems/mini-parser,"String, Stack, Depth-First Search"
MEDIUM,Circular Array Loop,12.5,0.3855,https://leetcode.com/problems/circular-array-loop,"Array, Hash Table, Two Pointers, Floyd's Cycle Finding Algorithm"
MEDIUM,Minimum Moves to Equal Array Elements II,12.5,0.6246,https://leetcode.com/problems/minimum-moves-to-equal-array-elements-ii,"Array, Math, Sorting"
EASY,Keyboard Row,12.5,0.7442,https://leetcode.com/problems/keyboard-row,"Array, Hash Table, String"
EASY,Flipping an Image,12.5,0.8404,https://leetcode.com/problems/flipping-an-image,"Array, Two Pointers, Bit Manipulation, Matrix, Simulation"
MEDIUM,Beautiful Array,12.5,0.7066,https://leetcode.com/problems/beautiful-array,"Array, Math, Divide and Conquer"
EASY,Element Appearing More Than 25% In Sorted Array,12.5,0.6150,https://leetcode.com/problems/element-appearing-more-than-25-in-sorted-array,Array
MEDIUM,Sort the Matrix Diagonally,12.5,0.8328,https://leetcode.com/problems/sort-the-matrix-diagonally,"Array, Sorting, Matrix"
EASY,Three Consecutive Odds,12.5,0.6931,https://leetcode.com/problems/three-consecutive-odds,Array
MEDIUM,Reverse Substrings Between Each Pair of Parentheses,12.5,0.7212,https://leetcode.com/problems/reverse-substrings-between-each-pair-of-parentheses,"String, Stack, Bracket Sequences"
MEDIUM,Path with Maximum Probability,12.5,0.6580,https://leetcode.com/problems/path-with-maximum-probability,"Array, Graph Theory, Heap (Priority Queue), Shortest Path, Dijkstra's Algorithm"
HARD,Report Contiguous Dates,12.5,0.5704,https://leetcode.com/problems/report-contiguous-dates,Database
MEDIUM,XOR Queries of a Subarray,12.5,0.7796,https://leetcode.com/problems/xor-queries-of-a-subarray,"Array, Bit Manipulation, Prefix Sum"
EASY,Maximum 69 Number,12.5,0.8462,https://leetcode.com/problems/maximum-69-number,"Math, Greedy"
MEDIUM,Minimum Number of Steps to Make Two Strings Anagram,12.5,0.8260,https://leetcode.com/problems/minimum-number-of-steps-to-make-two-strings-anagram,"Hash Table, String, Counting"
EASY,Destination City,12.5,0.7956,https://leetcode.com/problems/destination-city,"Array, Hash Table, String"
EASY,Count Good Triplets,12.5,0.8557,https://leetcode.com/problems/count-good-triplets,"Array, Enumeration"
EASY,Make The String Great,12.5,0.6875,https://leetcode.com/problems/make-the-string-great,"String, Stack"
EASY,Widest Vertical Area Between Two Points Containing No Points,12.5,0.8708,https://leetcode.com/problems/widest-vertical-area-between-two-points-containing-no-points,"Array, Sorting"
EASY,Get Maximum in Generated Array,12.5,0.5170,https://leetcode.com/problems/get-maximum-in-generated-array,"Array, Simulation"
MEDIUM,Determine if Two Strings Are Close,12.5,0.5444,https://leetcode.com/problems/determine-if-two-strings-are-close,"Hash Table, String, Sorting, Counting"
EASY,Calculate Money in Leetcode Bank,12.5,0.8257,https://leetcode.com/problems/calculate-money-in-leetcode-bank,Math
MEDIUM,Maximum Score From Removing Substrings,12.5,0.6641,https://leetcode.com/problems/maximum-score-from-removing-substrings,"String, Stack, Greedy"
EASY,Remove One Element to Make the Array Strictly Increasing,12.5,0.3084,https://leetcode.com/problems/remove-one-element-to-make-the-array-strictly-increasing,Array
EASY,Convert 1D Array Into 2D Array,12.5,0.7250,https://leetcode.com/problems/convert-1d-array-into-2d-array,"Array, Matrix, Simulation"
EASY,Minimum Number of Moves to Seat Everyone,12.5,0.8712,https://leetcode.com/problems/minimum-number-of-moves-to-seat-everyone,"Array, Greedy, Sorting, Counting Sort"
EASY,Time Needed to Buy Tickets,12.5,0.7334,https://leetcode.com/problems/time-needed-to-buy-tickets,"Array, Queue, Simulation"
EASY,Minimum Bit Flips to Convert Number,12.5,0.8799,https://leetcode.com/problems/minimum-bit-flips-to-convert-number,Bit Manipulation
HARD,Longest Path With Different Adjacent Characters,12.5,0.5403,https://leetcode.com/problems/longest-path-with-different-adjacent-characters,"Array, String, Tree, Depth-First Search, Graph Theory, Topological Sort"
HARD,Longest Cycle in a Graph,12.5,0.5122,https://leetcode.com/problems/longest-cycle-in-a-graph,"Depth-First Search, Breadth-First Search, Graph Theory, Topological Sort, Kosaraju's Algorithm, Tarjan's SCC Algorithm"
EASY,Apply Transform Over Each Element in Array,12.5,0.8615,https://leetcode.com/problems/apply-transform-over-each-element-in-array,
EASY,Display the First Three Rows,12.5,0.9298,https://leetcode.com/problems/display-the-first-three-rows,
MEDIUM,Minimum Number of Operations to Make Array XOR Equal to K,12.5,0.8515,https://leetcode.com/problems/minimum-number-of-operations-to-make-array-xor-equal-to-k,"Array, Bit Manipulation"
MEDIUM,Minimum Array End,12.5,0.5534,https://leetcode.com/problems/minimum-array-end,Bit Manipulation
EASY,Group Sold Products By The Date,12.5,0.7838,https://leetcode.com/problems/group-sold-products-by-the-date,Database
EASY,Degree of an Array,12.5,0.5870,https://leetcode.com/problems/degree-of-an-array,"Array, Hash Table"
MEDIUM,HTML Entity Parser,12.5,0.5004,https://leetcode.com/problems/html-entity-parser,"Hash Table, String"
MEDIUM,Maximize Score of Numbers in Ranges,12.5,0.3583,https://leetcode.com/problems/maximize-score-of-numbers-in-ranges,"Array, Binary Search, Greedy, Sorting"
EASY,Check if Two Chessboard Squares Have the Same Color,12.5,0.7232,https://leetcode.com/problems/check-if-two-chessboard-squares-have-the-same-color,"Math, String"
EASY,Longest Strictly Increasing or Strictly Decreasing Subarray,12.5,0.6480,https://leetcode.com/problems/longest-strictly-increasing-or-strictly-decreasing-subarray,Array
HARD,Count the Number of Inversions,12.5,0.3201,https://leetcode.com/problems/count-the-number-of-inversions,"Array, Dynamic Programming"
EASY,Sort By,12.5,0.8304,https://leetcode.com/problems/sort-by,
MEDIUM,Largest Sum of Averages,12.5,0.5547,https://leetcode.com/problems/largest-sum-of-averages,"Array, Dynamic Programming, Prefix Sum"
HARD,Minimize Max Distance to Gas Station,12.5,0.5412,https://leetcode.com/problems/minimize-max-distance-to-gas-station,"Array, Binary Search"
MEDIUM,Maximal Score After Applying K Operations,12.5,0.6423,https://leetcode.com/problems/maximal-score-after-applying-k-operations,"Array, Greedy, Heap (Priority Queue)"
MEDIUM,Grid Game,12.5,0.6086,https://leetcode.com/problems/grid-game,"Array, Matrix, Prefix Sum"
MEDIUM,Flip Columns For Maximum Number of Equal Rows,12.5,0.7853,https://leetcode.com/problems/flip-columns-for-maximum-number-of-equal-rows,"Array, Hash Table, Matrix"
EASY,Reshape Data: Pivot,12.5,0.8292,https://leetcode.com/problems/reshape-data-pivot,
HARD,Minimum Operations to Make a Subsequence,12.5,0.5024,https://leetcode.com/problems/minimum-operations-to-make-a-subsequence,"Array, Hash Table, Binary Search, Greedy, Longest Increasing Subsequence"
HARD,Minimum Time to Visit a Cell In a Grid,12.5,0.5610,https://leetcode.com/problems/minimum-time-to-visit-a-cell-in-a-grid,"Array, Breadth-First Search, Graph Theory, Heap (Priority Queue), Matrix, Shortest Path"
HARD,Find Building Where Alice and Bob Can Meet,12.5,0.5237,https://leetcode.com/problems/find-building-where-alice-and-bob-can-meet,"Array, Binary Search, Stack, Binary Indexed Tree, Segment Tree, Heap (Priority Queue), Monotonic Stack"
MEDIUM,Count Ways To Build Good Strings,12.5,0.5881,https://leetcode.com/problems/count-ways-to-build-good-strings,Dynamic Programming
MEDIUM,Construct K Palindrome Strings,12.5,0.6850,https://leetcode.com/problems/construct-k-palindrome-strings,"Hash Table, String, Greedy, Counting"
MEDIUM,Minimum Time to Collect All Apples in a Tree,12.5,0.6390,https://leetcode.com/problems/minimum-time-to-collect-all-apples-in-a-tree,"Hash Table, Tree, Depth-First Search, Breadth-First Search, DP on Trees"
MEDIUM,Maximum Number of Fish in a Grid,12.5,0.7040,https://leetcode.com/problems/maximum-number-of-fish-in-a-grid,"Array, Depth-First Search, Breadth-First Search, Union-Find, Matrix"
EASY,Maximum Ascending Subarray Sum,12.5,0.6628,https://leetcode.com/problems/maximum-ascending-subarray-sum,Array
MEDIUM,Tuple with Same Product,12.5,0.7006,https://leetcode.com/problems/tuple-with-same-product,"Array, Hash Table, Counting"
MEDIUM,Find the Number of Distinct Colors Among the Balls,12.5,0.5409,https://leetcode.com/problems/find-the-number-of-distinct-colors-among-the-balls,"Array, Hash Table, Simulation"
MEDIUM,Minimum Operations to Exceed Threshold Value II,12.5,0.4579,https://leetcode.com/problems/minimum-operations-to-exceed-threshold-value-ii,"Array, Heap (Priority Queue), Simulation"
HARD,Escape a Large Maze,12.5,0.3723,https://leetcode.com/problems/escape-a-large-maze,"Array, Hash Table, Depth-First Search, Breadth-First Search, Bidirectional Search"
HARD,Divide Nodes Into the Maximum Number of Groups,12.5,0.6682,https://leetcode.com/problems/divide-nodes-into-the-maximum-number-of-groups,"Depth-First Search, Breadth-First Search, Union-Find, Graph Theory"
EASY,Minimum Operations to Make the Array Increasing,12.5,0.8248,https://leetcode.com/problems/minimum-operations-to-make-the-array-increasing,"Array, Greedy"
MEDIUM,Rank Teams by Votes,12.5,0.6006,https://leetcode.com/problems/rank-teams-by-votes,"Array, Hash Table, String, Sorting, Counting"
EASY,Minimum Recolors to Get K Consecutive Black Blocks,12.5,0.6903,https://leetcode.com/problems/minimum-recolors-to-get-k-consecutive-black-blocks,"String, Sliding Window"
EASY,N-ary Tree Preorder Traversal,12.5,0.7700,https://leetcode.com/problems/n-ary-tree-preorder-traversal,"Stack, Tree, Depth-First Search"
EASY,Divide Array Into Equal Pairs,12.5,0.7924,https://leetcode.com/problems/divide-array-into-equal-pairs,"Array, Hash Table, Bit Manipulation, Counting"
HARD,Find the Kth Smallest Sum of a Matrix With Sorted Rows,12.5,0.6256,https://leetcode.com/problems/find-the-kth-smallest-sum-of-a-matrix-with-sorted-rows,"Array, Binary Search, Heap (Priority Queue), Matrix"
MEDIUM,Check if Grid can be Cut into Sections,12.5,0.6805,https://leetcode.com/problems/check-if-grid-can-be-cut-into-sections,"Array, Sorting"
MEDIUM,Count of Substrings Containing Every Vowel and K Consonants II,12.5,0.4068,https://leetcode.com/problems/count-of-substrings-containing-every-vowel-and-k-consonants-ii,"Hash Table, String, Sliding Window"
EASY,Binary Tree Tilt,12.5,0.6652,https://leetcode.com/problems/binary-tree-tilt,"Tree, Depth-First Search, Binary Tree, DP on Trees"
MEDIUM,Number of Adjacent Elements With the Same Color,12.5,0.6000,https://leetcode.com/problems/number-of-adjacent-elements-with-the-same-color,Array
EASY,Alternating Groups I,12.5,0.6909,https://leetcode.com/problems/alternating-groups-i,"Array, Sliding Window"
MEDIUM,Finding Pairs With a Certain Sum,12.5,0.6153,https://leetcode.com/problems/finding-pairs-with-a-certain-sum,"Array, Hash Table, Design"
HARD,Count the Number of Ideal Arrays,12.5,0.5686,https://leetcode.com/problems/count-the-number-of-ideal-arrays,"Math, Dynamic Programming, Combinatorics, Number Theory, Prime Factorization, Fermat's Little Theorem"
MEDIUM,Push Dominoes,12.5,0.6308,https://leetcode.com/problems/push-dominoes,"Two Pointers, String, Dynamic Programming"
MEDIUM,Find Minimum Time to Reach Last Room II,12.5,0.6728,https://leetcode.com/problems/find-minimum-time-to-reach-last-room-ii,"Array, Graph Theory, Heap (Priority Queue), Matrix, Shortest Path"
MEDIUM,Count Collisions of Monkeys on a Polygon,12.5,0.3056,https://leetcode.com/problems/count-collisions-of-monkeys-on-a-polygon,"Math, Recursion"
EASY,Max Pair Sum in an Array,12.5,0.6140,https://leetcode.com/problems/max-pair-sum-in-an-array,"Array, Hash Table"
HARD,Maximum Difference Between Even and Odd Frequency II,12.5,0.4837,https://leetcode.com/problems/maximum-difference-between-even-and-odd-frequency-ii,"String, Sliding Window, Enumeration, Prefix Sum"
EASY,Maximum Difference Between Adjacent Elements in a Circular Array,12.5,0.7529,https://leetcode.com/problems/maximum-difference-between-adjacent-elements-in-a-circular-array,Array
EASY,Check if All Characters Have Equal Number of Occurrences,12.5,0.7974,https://leetcode.com/problems/check-if-all-characters-have-equal-number-of-occurrences,"Hash Table, String, Counting"
EASY,Check if All the Integers in a Range Are Covered,12.5,0.5143,https://leetcode.com/problems/check-if-all-the-integers-in-a-range-are-covered,"Array, Hash Table, Prefix Sum"
EASY,Longest Nice Substring,12.5,0.6481,https://leetcode.com/problems/longest-nice-substring,"Hash Table, String, Divide and Conquer, Bit Manipulation, Sliding Window"
HARD,Find the K-th Character in String Game II,12.5,0.4823,https://leetcode.com/problems/find-the-k-th-character-in-string-game-ii,"Math, Bit Manipulation, Recursion"
MEDIUM,Reschedule Meetings for Maximum Free Time II,12.5,0.6006,https://leetcode.com/problems/reschedule-meetings-for-maximum-free-time-ii,"Array, Greedy, Enumeration"
HARD,The Earliest and Latest Rounds Where Players Compete,12.5,0.7198,https://leetcode.com/problems/the-earliest-and-latest-rounds-where-players-compete,"Dynamic Programming, Memoization"
MEDIUM,Number of Pairs of Interchangeable Rectangles,12.5,0.5315,https://leetcode.com/problems/number-of-pairs-of-interchangeable-rectangles,"Array, Hash Table, Math, Counting, Number Theory"
EASY,Construct the Rectangle,12.5,0.6521,https://leetcode.com/problems/construct-the-rectangle,Math
EASY,Check Balanced String,12.5,0.8266,https://leetcode.com/problems/check-balanced-string,String
MEDIUM,Longest Non-decreasing Subarray From Two Arrays,12.5,0.3161,https://leetcode.com/problems/longest-non-decreasing-subarray-from-two-arrays,"Array, Dynamic Programming"
HARD,Maximum Fruits Harvested After at Most K Steps,12.5,0.6103,https://leetcode.com/problems/maximum-fruits-harvested-after-at-most-k-steps,"Array, Binary Search, Sliding Window, Prefix Sum"
EASY,Patients With a Condition,12.5,0.3937,https://leetcode.com/problems/patients-with-a-condition,Database
HARD,Analyze Organization Hierarchy,12.5,0.6270,https://leetcode.com/problems/analyze-organization-hierarchy,Database
HARD,Distinct Subsequences II,12.5,0.5669,https://leetcode.com/problems/distinct-subsequences-ii,"String, Dynamic Programming"
MEDIUM,Count Salary Categories,12.5,0.6550,https://leetcode.com/problems/count-salary-categories,Database
HARD,Remove Boxes,12.5,0.4983,https://leetcode.com/problems/remove-boxes,"Array, Dynamic Programming, Memoization"
EASY,Find Closest Person,12.5,0.8872,https://leetcode.com/problems/find-closest-person,Math
EASY,Find Most Frequent Vowel and Consonant,12.5,0.8896,https://leetcode.com/problems/find-most-frequent-vowel-and-consonant,"Hash Table, String, Counting"
EASY,Maximum Number of Words You Can Type,12.5,0.8293,https://leetcode.com/problems/maximum-number-of-words-you-can-type,"Hash Table, String"
MEDIUM,Ugly Number III,12.5,0.3216,https://leetcode.com/problems/ugly-number-iii,"Math, Binary Search, Combinatorics, Number Theory, Least Common Multiple, Euclidean Algorithm, Greatest Common Divisor, Inclusion-Exclusion Principle"
MEDIUM,Friends Of Appropriate Ages,12.5,0.5001,https://leetcode.com/problems/friends-of-appropriate-ages,"Array, Two Pointers, Binary Search, Sorting"
EASY,Longest Subsequence With Limited Sum,12.5,0.7384,https://leetcode.com/problems/longest-subsequence-with-limited-sum,"Array, Binary Search, Greedy, Sorting, Prefix Sum"
HARD,Maximum Frequency of an Element After Performing Operations II,12.5,0.5363,https://leetcode.com/problems/maximum-frequency-of-an-element-after-performing-operations-ii,"Array, Binary Search, Sliding Window, Sorting, Prefix Sum"
EASY,Smallest Number With All Set Bits,12.5,0.8014,https://leetcode.com/problems/smallest-number-with-all-set-bits,"Math, Bit Manipulation"
HARD,Number of Good Paths,12.5,0.5675,https://leetcode.com/problems/number-of-good-paths,"Array, Hash Table, Tree, Union-Find, Graph Theory, Sorting"
EASY,The Two Sneaky Numbers of Digitville,12.5,0.8963,https://leetcode.com/problems/the-two-sneaky-numbers-of-digitville,"Array, Hash Table, Math"
MEDIUM,Maximum and Minimum Sums of at Most Size K Subsequences,12.5,0.2206,https://leetcode.com/problems/maximum-and-minimum-sums-of-at-most-size-k-subsequences,"Array, Math, Dynamic Programming, Sorting, Combinatorics"
MEDIUM,Power Grid Maintenance,12.5,0.5591,https://leetcode.com/problems/power-grid-maintenance,"Array, Hash Table, Depth-First Search, Breadth-First Search, Union-Find, Graph Theory, Heap (Priority Queue), Ordered Set"
EASY,Count Operations to Obtain Zero,12.5,0.7979,https://leetcode.com/problems/count-operations-to-obtain-zero,"Math, Simulation"
MEDIUM,Minimum Number of Operations to Make All Array Elements Equal to 1,12.5,0.5441,https://leetcode.com/problems/minimum-number-of-operations-to-make-all-array-elements-equal-to-1,"Array, Math, Number Theory, Euclidean Algorithm, Greatest Common Divisor"
MEDIUM,Maximum Number of Operations to Move Ones to the End,12.5,0.6692,https://leetcode.com/problems/maximum-number-of-operations-to-move-ones-to-the-end,"String, Greedy, Counting"
EASY,Find Minimum Operations to Make All Elements Divisible by Three,12.5,0.9065,https://leetcode.com/problems/find-minimum-operations-to-make-all-elements-divisible-by-three,"Array, Math"
MEDIUM,Smallest Integer Divisible by K,12.5,0.5414,https://leetcode.com/problems/smallest-integer-divisible-by-k,"Hash Table, Math, Pigeonhole Principle"
HARD,Car Fleet II,12.5,0.5847,https://leetcode.com/problems/car-fleet-ii,"Array, Math, Stack, Heap (Priority Queue), Monotonic Stack"
EASY,Sign of the Product of an Array,12.5,0.6465,https://leetcode.com/problems/sign-of-the-product-of-an-array,"Array, Math"
EASY,Minimum Operations to Make Array Sum Divisible by K,12.5,0.9194,https://leetcode.com/problems/minimum-operations-to-make-array-sum-divisible-by-k,"Array, Math"
EASY,Count the Digits That Divide a Number,12.5,0.8621,https://leetcode.com/problems/count-the-digits-that-divide-a-number,Math
EASY,Count Largest Group,12.5,0.7466,https://leetcode.com/problems/count-largest-group,"Hash Table, Math, Counting"
EASY,Find Followers Count,12.5,0.6959,https://leetcode.com/problems/find-followers-count,Database
HARD,Perfect Rectangle,12.5,0.3939,https://leetcode.com/problems/perfect-rectangle,"Array, Hash Table, Math, Geometry, Sweep Line"
MEDIUM,Minimize Maximum Pair Sum in Array,12.5,0.8326,https://leetcode.com/problems/minimize-maximum-pair-sum-in-array,"Array, Two Pointers, Greedy, Sorting"
HARD,Divide an Array Into Subarrays With Minimum Cost II,12.5,0.5445,https://leetcode.com/problems/divide-an-array-into-subarrays-with-minimum-cost-ii,"Array, Hash Table, Sliding Window, Heap (Priority Queue)"
HARD,Minimum Edge Reversals So Every Node Is Reachable,12.5,0.6007,https://leetcode.com/problems/minimum-edge-reversals-so-every-node-is-reachable,"Dynamic Programming, Depth-First Search, Breadth-First Search, Graph Theory"
EASY,Minimum Absolute Difference in BST,12.5,0.5975,https://leetcode.com/problems/minimum-absolute-difference-in-bst,"Tree, Depth-First Search, Breadth-First Search, Binary Search Tree, Binary Tree"
HARD,Longest Balanced Subarray II,12.5,0.3366,https://leetcode.com/problems/longest-balanced-subarray-ii,"Array, Hash Table, Divide and Conquer, Segment Tree, Prefix Sum"
MEDIUM,Happy Students,12.5,0.5102,https://leetcode.com/problems/happy-students,"Array, Sorting, Enumeration"
EASY,Binary Number with Alternating Bits,12.5,0.7007,https://leetcode.com/problems/binary-number-with-alternating-bits,Bit Manipulation
MEDIUM,Minimum Swaps to Arrange a Binary Grid,12.5,0.7025,https://leetcode.com/problems/minimum-swaps-to-arrange-a-binary-grid,"Array, Greedy, Matrix"
MEDIUM,Minimum Number of Flips to Make the Binary String Alternating,12.5,0.5368,https://leetcode.com/problems/minimum-number-of-flips-to-make-the-binary-string-alternating,"String, Dynamic Programming, Sliding Window"
HARD,Merge BSTs to Create Single BST,12.5,0.4006,https://leetcode.com/problems/merge-bsts-to-create-single-bst,"Array, Hash Table, Tree, Depth-First Search, Binary Search Tree, Binary Tree"
HARD,Find All Possible Stable Binary Arrays II,12.5,0.5845,https://leetcode.com/problems/find-all-possible-stable-binary-arrays-ii,"Dynamic Programming, Prefix Sum"
EASY,Complement of Base 10 Integer,12.5,0.6340,https://leetcode.com/problems/complement-of-base-10-integer,Bit Manipulation
HARD,Maximize Spanning Tree Stability with Upgrades,12.5,0.6566,https://leetcode.com/problems/maximize-spanning-tree-stability-with-upgrades,"Binary Search, Greedy, Union-Find, Graph Theory, Minimum Spanning Tree"
MEDIUM,Minimum Number of Seconds to Make Mountain Height Zero,12.5,0.5830,https://leetcode.com/problems/minimum-number-of-seconds-to-make-mountain-height-zero,"Array, Math, Binary Search, Greedy, Heap (Priority Queue)"
HARD,Fancy Sequence,12.5,0.4166,https://leetcode.com/problems/fancy-sequence,"Math, Design, Segment Tree, Number Theory, Fermat's Little Theorem"
MEDIUM,Largest Submatrix With Rearrangements,12.5,0.8016,https://leetcode.com/problems/largest-submatrix-with-rearrangements,"Array, Greedy, Sorting, Matrix"
MEDIUM,Maximum Amount of Money Robot Can Earn,12.5,0.4788,https://leetcode.com/problems/maximum-amount-of-money-robot-can-earn,"Array, Dynamic Programming, Matrix"
HARD,Maximum Walls Destroyed by Robots,12.5,0.4788,https://leetcode.com/problems/maximum-walls-destroyed-by-robots,"Array, Binary Search, Dynamic Programming, Sorting"
MEDIUM,XOR After Range Multiplication Queries I,12.5,0.7291,https://leetcode.com/problems/xor-after-range-multiplication-queries-i,"Array, Divide and Conquer, Simulation, Prefix Sum"
HARD,XOR After Range Multiplication Queries II,12.5,0.4757,https://leetcode.com/problems/xor-after-range-multiplication-queries-ii,"Array, Divide and Conquer, Prefix Sum"
EASY,Shortest Distance to Target String in a Circular Array,12.5,0.6504,https://leetcode.com/problems/shortest-distance-to-target-string-in-a-circular-array,"Array, String"
MEDIUM,Closest Equal Element Queries,12.5,0.5137,https://leetcode.com/problems/closest-equal-element-queries,"Array, Hash Table, Binary Search"
EASY,Subtract the Product and Sum of Digits of an Integer,12.5,0.8664,https://leetcode.com/problems/subtract-the-product-and-sum-of-digits-of-an-integer,Math
MEDIUM,Minimum Operations to Make a Uni-Value Grid,12.5,0.7080,https://leetcode.com/problems/minimum-operations-to-make-a-uni-value-grid,"Array, Math, Sorting, Matrix"
MEDIUM,Jump Game IX,12.5,0.4617,https://leetcode.com/problems/jump-game-ix,"Array, Dynamic Programming"
MEDIUM,Minimum Jumps to Reach End via Prime Teleportation,12.5,0.4429,https://leetcode.com/problems/minimum-jumps-to-reach-end-via-prime-teleportation,"Array, Hash Table, Math, Breadth-First Search, Number Theory"
EASY,Reshape the Matrix,12.5,0.6558,https://leetcode.com/problems/reshape-the-matrix,"Array, Matrix, Simulation"
HARD,Parallel Courses II,12.5,0.3154,https://leetcode.com/problems/parallel-courses-ii,"Dynamic Programming, Bit Manipulation, Graph Theory, Bitmask, Directed Acyclic Graph"
HARD,Longest Common Suffix Queries,12.5,0.5235,https://leetcode.com/problems/longest-common-suffix-queries,"Array, String, Trie"
EASY,Minimum Number Game,12.5,0.8555,https://leetcode.com/problems/minimum-number-game,"Array, Sorting, Heap (Priority Queue), Simulation"
EASY,Left and Right Sum Differences,12.5,0.8971,https://leetcode.com/problems/left-and-right-sum-differences,"Array, Prefix Sum"
MEDIUM,Bag of Tokens,12.5,0.5992,https://leetcode.com/problems/bag-of-tokens,"Array, Two Pointers, Greedy, Sorting"
MEDIUM,Number of Ways to Assign Edge Weights I,12.5,0.6360,https://leetcode.com/problems/number-of-ways-to-assign-edge-weights-i,"Math, Tree, Depth-First Search"
MEDIUM,Magical String,12.5,0.5638,https://leetcode.com/problems/magical-string,"Two Pointers, String"
MEDIUM,Beautiful Arrangement,12.5,0.6497,https://leetcode.com/problems/beautiful-arrangement,"Array, Dynamic Programming, Backtracking, Bit Manipulation, Bitmask"
HARD,Erect the Fence,12.5,0.5351,https://leetcode.com/problems/erect-the-fence,"Array, Math, Geometry, Convex Hull, Polygons"
HARD,Sum of Distances in Tree,12.5,0.6583,https://leetcode.com/problems/sum-of-distances-in-tree,"Dynamic Programming, Tree, Depth-First Search, Graph Theory, DP on Trees"
MEDIUM,Longest Mountain in Array,12.5,0.4255,https://leetcode.com/problems/longest-mountain-in-array,"Array, Two Pointers, Dynamic Programming, Enumeration"
MEDIUM,Advantage Shuffle,12.5,0.5504,https://leetcode.com/problems/advantage-shuffle,"Array, Two Pointers, Greedy, Sorting"
MEDIUM,Number of Enclaves,12.5,0.7228,https://leetcode.com/problems/number-of-enclaves,"Array, Depth-First Search, Breadth-First Search, Union-Find, Matrix"
MEDIUM,Minimum Moves to Reach Target Score,12.5,0.5268,https://leetcode.com/problems/minimum-moves-to-reach-target-score,"Math, Greedy"
MEDIUM,Diagonal Traverse II,12.5,0.5834,https://leetcode.com/problems/diagonal-traverse-ii,"Array, Sorting, Heap (Priority Queue)"
MEDIUM,Maximum Number of Coins You Can Get,12.5,0.8488,https://leetcode.com/problems/maximum-number-of-coins-you-can-get,"Array, Math, Greedy, Sorting, Game Theory"
EASY,Special Array With X Elements Greater Than or Equal X,12.5,0.6707,https://leetcode.com/problems/special-array-with-x-elements-greater-than-or-equal-x,"Array, Binary Search, Sorting"
EASY,Maximum Repeating Substring,12.5,0.4245,https://leetcode.com/problems/maximum-repeating-substring,"String, Dynamic Programming, String Matching"
EASY,Sorting the Sentence,12.5,0.8423,https://leetcode.com/problems/sorting-the-sentence,"String, Sorting, Bubble Sort"
MEDIUM,Minimum Non-Zero Product of the Array Elements,12.5,0.3772,https://leetcode.com/problems/minimum-non-zero-product-of-the-array-elements,"Math, Greedy, Recursion"
MEDIUM,Minimum Number of Work Sessions to Finish the Tasks,12.5,0.3545,https://leetcode.com/problems/minimum-number-of-work-sessions-to-finish-the-tasks,"Array, Dynamic Programming, Backtracking, Bit Manipulation, Bitmask"
HARD,Find All People With Secret,12.5,0.4836,https://leetcode.com/problems/find-all-people-with-secret,"Depth-First Search, Breadth-First Search, Union-Find, Graph Theory, Sorting"
EASY,Remove Digit From Number to Maximize Result,12.5,0.4887,https://leetcode.com/problems/remove-digit-from-number-to-maximize-result,"String, Greedy, Enumeration"
HARD,Split Message Based on Limit,12.5,0.4212,https://leetcode.com/problems/split-message-based-on-limit,"String, Enumeration"
EASY,Difference Between Element Sum and Digit Sum of an Array,12.5,0.8552,https://leetcode.com/problems/difference-between-element-sum-and-digit-sum-of-an-array,"Array, Math"
MEDIUM,The Number of Beautiful Subsets,12.5,0.5104,https://leetcode.com/problems/the-number-of-beautiful-subsets,"Array, Hash Table, Math, Dynamic Programming, Backtracking, Sorting, Combinatorics"
EASY,Sleep,12.5,0.8726,https://leetcode.com/problems/sleep,
EASY,Function Composition,12.5,0.8677,https://leetcode.com/problems/function-composition,
HARD,Minimum Cost Walk in Weighted Graph,12.5,0.6800,https://leetcode.com/problems/minimum-cost-walk-in-weighted-graph,"Array, Bit Manipulation, Union-Find, Graph Theory"
MEDIUM,Special Array II,12.5,0.4578,https://leetcode.com/problems/special-array-ii,"Array, Binary Search, Prefix Sum"
MEDIUM,Find the Number of Good Pairs II,12.5,0.2680,https://leetcode.com/problems/find-the-number-of-good-pairs-ii,"Array, Hash Table"
HARD,Valid Palindrome III,12.5,0.4918,https://leetcode.com/problems/valid-palindrome-iii,"String, Dynamic Programming"
HARD,Minimum Interval to Include Each Query,12.5,0.5527,https://leetcode.com/problems/minimum-interval-to-include-each-query,"Array, Binary Search, Sweep Line, Sorting, Heap (Priority Queue)"
MEDIUM,Find Elements in a Contaminated Binary Tree,12.5,0.8415,https://leetcode.com/problems/find-elements-in-a-contaminated-binary-tree,"Hash Table, Tree, Depth-First Search, Breadth-First Search, Design, Binary Tree"
MEDIUM,Lexicographically Smallest String After Substring Operation,12.5,0.3558,https://leetcode.com/problems/lexicographically-smallest-string-after-substring-operation,"String, Greedy"
EASY,Two Sum III - Data structure design,12.5,0.3926,https://leetcode.com/problems/two-sum-iii-data-structure-design,"Array, Hash Table, Two Pointers, Design, Data Stream"
HARD,Encrypt and Decrypt Strings,12.5,0.3892,https://leetcode.com/problems/encrypt-and-decrypt-strings,"Array, Hash Table, String, Design, Trie"
MEDIUM,Design Circular Deque,12.5,0.6507,https://leetcode.com/problems/design-circular-deque,"Array, Linked List, Design, Queue"
MEDIUM,Sentence Similarity III,12.5,0.4839,https://leetcode.com/problems/sentence-similarity-iii,"Array, Two Pointers, String"
EASY,Number of Changing Keys,12.5,0.8062,https://leetcode.com/problems/number-of-changing-keys,String
MEDIUM,Minimum Insertions to Balance a Parentheses String,12.5,0.5373,https://leetcode.com/problems/minimum-insertions-to-balance-a-parentheses-string,"String, Stack, Greedy, Bracket Sequences"
MEDIUM,Word Pattern II,12.5,0.4917,https://leetcode.com/problems/word-pattern-ii,"Hash Table, String, Backtracking"
MEDIUM,Minimum Division Operations to Make Array Non Decreasing,12.5,0.2929,https://leetcode.com/problems/minimum-division-operations-to-make-array-non-decreasing,"Array, Math, Greedy, Number Theory"
MEDIUM,The Most Recent Orders for Each Product,12.5,0.6502,https://leetcode.com/problems/the-most-recent-orders-for-each-product,Database
MEDIUM,Find if Array Can Be Sorted,12.5,0.6615,https://leetcode.com/problems/find-if-array-can-be-sorted,"Array, Bit Manipulation, Sorting"
MEDIUM,Simple Bank System,12.5,0.6950,https://leetcode.com/problems/simple-bank-system,"Array, Hash Table, Design, Simulation"
MEDIUM,Prime Subtraction Operation,12.5,0.5545,https://leetcode.com/problems/prime-subtraction-operation,"Array, Math, Binary Search, Greedy, Number Theory"
MEDIUM,Length of the Longest Alphabetical Continuous Substring,12.5,0.6131,https://leetcode.com/problems/length-of-the-longest-alphabetical-continuous-substring,String
HARD,Valid Arrangement of Pairs,12.5,0.6678,https://leetcode.com/problems/valid-arrangement-of-pairs,"Array, Depth-First Search, Graph Theory, Eulerian Circuit, Eulerian Path, Semi-Eulerian Graph"
HARD,Minimum Operations to Make Array Equal to Target,12.5,0.4189,https://leetcode.com/problems/minimum-operations-to-make-array-equal-to-target,"Array, Dynamic Programming, Stack, Greedy, Monotonic Stack"
HARD,Maximum Number of K-Divisible Components,12.5,0.7367,https://leetcode.com/problems/maximum-number-of-k-divisible-components,"Tree, Depth-First Search"
HARD,Maximum Strength of K Disjoint Subarrays,12.5,0.2794,https://leetcode.com/problems/maximum-strength-of-k-disjoint-subarrays,"Array, Dynamic Programming, Prefix Sum"
MEDIUM,Count Collisions on a Road,12.5,0.5806,https://leetcode.com/problems/count-collisions-on-a-road,"String, Stack, Simulation"
EASY,Button with Longest Push Time,12.5,0.4118,https://leetcode.com/problems/button-with-longest-push-time,Array
MEDIUM,Largest Element in an Array after Merge Operations,12.5,0.4780,https://leetcode.com/problems/largest-element-in-an-array-after-merge-operations,"Array, Greedy"
MEDIUM,Maximum XOR After Operations ,12.5,0.8001,https://leetcode.com/problems/maximum-xor-after-operations,"Array, Math, Bit Manipulation"
MEDIUM,Maximum Possible Number by Binary Concatenation,12.5,0.6497,https://leetcode.com/problems/maximum-possible-number-by-binary-concatenation,"Array, Bit Manipulation, Enumeration"
MEDIUM,Minimum Score of a Path Between Two Cities,12.5,0.6626,https://leetcode.com/problems/minimum-score-of-a-path-between-two-cities,"Depth-First Search, Breadth-First Search, Union-Find, Graph Theory"
EASY,Check if Matrix Is X-Matrix,12.5,0.6737,https://leetcode.com/problems/check-if-matrix-is-x-matrix,"Array, Matrix"
MEDIUM,Select K Disjoint Special Substrings,12.5,0.1933,https://leetcode.com/problems/select-k-disjoint-special-substrings,"Hash Table, String, Dynamic Programming, Greedy, Sorting"
EASY,Find Common Elements Between Two Arrays,12.5,0.8473,https://leetcode.com/problems/find-common-elements-between-two-arrays,"Array, Hash Table"
MEDIUM,Count Days Without Meetings,12.5,0.4830,https://leetcode.com/problems/count-days-without-meetings,"Array, Sorting"
MEDIUM,Minimum Index of a Valid Split,12.5,0.7519,https://leetcode.com/problems/minimum-index-of-a-valid-split,"Array, Hash Table, Sorting"
HARD,Maximum Score of Non-overlapping Intervals,12.5,0.6575,https://leetcode.com/problems/maximum-score-of-non-overlapping-intervals,"Array, Binary Search, Dynamic Programming, Sorting"
MEDIUM,Maximum Value of an Ordered Triplet II,12.5,0.5623,https://leetcode.com/problems/maximum-value-of-an-ordered-triplet-ii,"Array, Prefix Sum"
MEDIUM,Number of Subarrays That Match a Pattern I,12.5,0.6804,https://leetcode.com/problems/number-of-subarrays-that-match-a-pattern-i,"Array, Rolling Hash, String Matching, Hash Function"
MEDIUM,Describe the Painting,12.5,0.5325,https://leetcode.com/problems/describe-the-painting,"Array, Hash Table, Sorting, Prefix Sum"
MEDIUM,String Without AAA or BBB,12.5,0.4568,https://leetcode.com/problems/string-without-aaa-or-bbb,"String, Greedy"
HARD,Zuma Game,12.5,0.2915,https://leetcode.com/problems/zuma-game,"String, Dynamic Programming, Stack, Breadth-First Search, Memoization"
EASY,Merge Two 2D Arrays by Summing Values,12.5,0.8163,https://leetcode.com/problems/merge-two-2d-arrays-by-summing-values,"Array, Hash Table, Two Pointers"
MEDIUM,Pizza Toppings Cost Analysis,12.5,0.6925,https://leetcode.com/problems/pizza-toppings-cost-analysis,Database
MEDIUM,Maximum Profit From Trading Stocks,12.5,0.4842,https://leetcode.com/problems/maximum-profit-from-trading-stocks,"Array, Dynamic Programming"
HARD,Minimum Amount of Damage Dealt to Bob,12.5,0.3962,https://leetcode.com/problems/minimum-amount-of-damage-dealt-to-bob,"Array, Greedy, Sorting"
HARD,Painting a Grid With Three Different Colors,12.5,0.7687,https://leetcode.com/problems/painting-a-grid-with-three-different-colors,"Dynamic Programming, Graph Coloring"
HARD,Manhattan Distances of All Arrangements of Pieces,12.5,0.3373,https://leetcode.com/problems/manhattan-distances-of-all-arrangements-of-pieces,"Math, Combinatorics"
HARD,Tiling a Rectangle with the Fewest Squares,12.5,0.5542,https://leetcode.com/problems/tiling-a-rectangle-with-the-fewest-squares,Backtracking
MEDIUM,Count Beautiful Splits in an Array,12.5,0.1929,https://leetcode.com/problems/count-beautiful-splits-in-an-array,"Array, Dynamic Programming"
EASY,Maximum Value of an Ordered Triplet I,12.5,0.5808,https://leetcode.com/problems/maximum-value-of-an-ordered-triplet-i,"Array, Prefix Sum"
MEDIUM,Zero Array Transformation III,12.5,0.5441,https://leetcode.com/problems/zero-array-transformation-iii,"Array, Two Pointers, Greedy, Sorting, Heap (Priority Queue), Prefix Sum"
HARD,Year on Year Growth Rate,12.5,0.5160,https://leetcode.com/problems/year-on-year-growth-rate,Database
HARD,Count the Number of Arrays with K Matching Adjacent Elements,12.5,0.5785,https://leetcode.com/problems/count-the-number-of-arrays-with-k-matching-adjacent-elements,"Math, Combinatorics, Fermat's Little Theorem"
EASY,Delete Greatest Value in Each Row,12.5,0.8059,https://leetcode.com/problems/delete-greatest-value-in-each-row,"Array, Sorting, Heap (Priority Queue), Matrix, Simulation"
HARD,Longest Subsequence Repeated k Times,12.5,0.7092,https://leetcode.com/problems/longest-subsequence-repeated-k-times,"Hash Table, Two Pointers, String, Backtracking, Counting, Enumeration"
MEDIUM,Longest Common Prefix Between Adjacent Strings After Removals,12.5,0.3253,https://leetcode.com/problems/longest-common-prefix-between-adjacent-strings-after-removals,"Array, String"
EASY,Minimum Cost to Move Chips to The Same Position,12.5,0.7328,https://leetcode.com/problems/minimum-cost-to-move-chips-to-the-same-position,"Array, Math, Greedy"
HARD,Kth Smallest Instructions,12.5,0.4485,https://leetcode.com/problems/kth-smallest-instructions,"Array, Math, Dynamic Programming, Combinatorics"
MEDIUM,Maximum Beauty of an Array After Applying Operation,12.5,0.5840,https://leetcode.com/problems/maximum-beauty-of-an-array-after-applying-operation,"Array, Binary Search, Sliding Window, Sorting"
EASY,Find Special Substring of Length K,12.5,0.3518,https://leetcode.com/problems/find-special-substring-of-length-k,String
EASY,Game Play Analysis II,12.5,0.5489,https://leetcode.com/problems/game-play-analysis-ii,Database
MEDIUM,Check Knight Tour Configuration,12.5,0.6153,https://leetcode.com/problems/check-knight-tour-configuration,"Array, Depth-First Search, Breadth-First Search, Matrix, Simulation"
HARD,Maximum Number of Visible Points,12.5,0.3854,https://leetcode.com/problems/maximum-number-of-visible-points,"Array, Math, Geometry, Sliding Window, Sorting"
HARD,Minimize the Maximum Adjacent Element Difference,12.5,0.1991,https://leetcode.com/problems/minimize-the-maximum-adjacent-element-difference,"Array, Binary Search, Greedy"
MEDIUM,Maximum Size of a Set After Removals,12.5,0.4625,https://leetcode.com/problems/maximum-size-of-a-set-after-removals,"Array, Hash Table, Greedy"
EASY,Maximum Difference by Remapping a Digit,12.5,0.7556,https://leetcode.com/problems/maximum-difference-by-remapping-a-digit,"Math, Greedy"
EASY,Find Valid Pair of Adjacent Digits in String,12.5,0.6081,https://leetcode.com/problems/find-valid-pair-of-adjacent-digits-in-string,"Hash Table, String, Counting"
EASY,Find Lucky Integer in an Array,12.5,0.7565,https://leetcode.com/problems/find-lucky-integer-in-an-array,"Array, Hash Table, Counting"
HARD,Number of Ways to Form a Target String Given a Dictionary,12.5,0.5625,https://leetcode.com/problems/number-of-ways-to-form-a-target-string-given-a-dictionary,"Array, String, Dynamic Programming"
MEDIUM,Remove Duplicates From an Unsorted Linked List,12.5,0.7573,https://leetcode.com/problems/remove-duplicates-from-an-unsorted-linked-list,"Hash Table, Linked List"
MEDIUM,Alice and Bob Playing Flower Game,12.5,0.5997,https://leetcode.com/problems/alice-and-bob-playing-flower-game,Math
MEDIUM,Balanced K-Factor Decomposition,12.5,0.4023,https://leetcode.com/problems/balanced-k-factor-decomposition,"Math, Backtracking, Number Theory"
HARD,Find the Largest Palindrome Divisible by K,12.5,0.1743,https://leetcode.com/problems/find-the-largest-palindrome-divisible-by-k,"Math, String, Dynamic Programming, Greedy, Number Theory"
EASY,Reshape Data: Melt,12.5,0.8600,https://leetcode.com/problems/reshape-data-melt,
MEDIUM,Sort the Students by Their Kth Score,12.5,0.8609,https://leetcode.com/problems/sort-the-students-by-their-kth-score,"Array, Sorting, Matrix"
MEDIUM,Maximize Greatness of an Array,12.5,0.6151,https://leetcode.com/problems/maximize-greatness-of-an-array,"Array, Two Pointers, Greedy, Sorting"
EASY,Alternating Digit Sum,12.5,0.6973,https://leetcode.com/problems/alternating-digit-sum,Math
MEDIUM,Water Bottles II,12.5,0.7791,https://leetcode.com/problems/water-bottles-ii,"Math, Simulation"
MEDIUM,Count Substrings That Can Be Rearranged to Contain a String I,12.5,0.4317,https://leetcode.com/problems/count-substrings-that-can-be-rearranged-to-contain-a-string-i,"Hash Table, String, Sliding Window"
EASY,Minimum Number of Chairs in a Waiting Room,12.5,0.7921,https://leetcode.com/problems/minimum-number-of-chairs-in-a-waiting-room,"String, Simulation"
MEDIUM,Minimum Operations to Write the Letter Y on a Grid,12.5,0.6402,https://leetcode.com/problems/minimum-operations-to-write-the-letter-y-on-a-grid,"Array, Hash Table, Matrix, Counting"
MEDIUM,Count Number of Ways to Place Houses,12.5,0.4425,https://leetcode.com/problems/count-number-of-ways-to-place-houses,Dynamic Programming
MEDIUM,Binary Tree Coloring Game,12.5,0.5317,https://leetcode.com/problems/binary-tree-coloring-game,"Tree, Depth-First Search, Binary Tree"
MEDIUM,Two-Letter Card Game,12.5,0.1330,https://leetcode.com/problems/two-letter-card-game,"Array, Hash Table, String, Counting, Enumeration"
MEDIUM,Sequence Reconstruction,12.5,0.3118,https://leetcode.com/problems/sequence-reconstruction,"Array, Graph Theory, Topological Sort, Directed Acyclic Graph"
MEDIUM,Maximum Value after Insertion,12.5,0.3971,https://leetcode.com/problems/maximum-value-after-insertion,"String, Greedy"
HARD,Delete Duplicate Folders in System,12.5,0.7718,https://leetcode.com/problems/delete-duplicate-folders-in-system,"Array, Hash Table, String, Depth-First Search, Trie, Sorting, Hash Function"
HARD,Sum of Perfect Square Ancestors,12.5,0.4156,https://leetcode.com/problems/sum-of-perfect-square-ancestors,"Array, Hash Table, Math, Tree, Depth-First Search, Counting, Number Theory"
EASY,Consecutive Characters,12.5,0.6047,https://leetcode.com/problems/consecutive-characters,String
MEDIUM,Stable Subarrays With Equal Boundary and Interior Sum,12.5,0.2654,https://leetcode.com/problems/stable-subarrays-with-equal-boundary-and-interior-sum,"Array, Hash Table, Prefix Sum"
MEDIUM,Count Unguarded Cells in the Grid,12.5,0.6915,https://leetcode.com/problems/count-unguarded-cells-in-the-grid,"Array, Matrix, Simulation"
MEDIUM,Smallest Palindromic Rearrangement I,12.5,0.7432,https://leetcode.com/problems/smallest-palindromic-rearrangement-i,"String, Sorting, Counting Sort"
HARD,Minimum Unique Word Abbreviation,12.5,0.4060,https://leetcode.com/problems/minimum-unique-word-abbreviation,"Array, String, Backtracking, Bit Manipulation"
MEDIUM,Minimum Time for K Connected Components,12.5,0.4529,https://leetcode.com/problems/minimum-time-for-k-connected-components,"Binary Search, Union-Find, Graph Theory, Sorting"
MEDIUM,Minimum Operations to Make Array Equal,12.5,0.8294,https://leetcode.com/problems/minimum-operations-to-make-array-equal,Math
EASY,Count Partitions with Even Sum Difference,12.5,0.8518,https://leetcode.com/problems/count-partitions-with-even-sum-difference,"Array, Math, Prefix Sum"
MEDIUM,Clumsy Factorial,12.5,0.6214,https://leetcode.com/problems/clumsy-factorial,"Math, Stack, Simulation"
MEDIUM,Shortest Distance After Road Addition Queries I,12.5,0.6164,https://leetcode.com/problems/shortest-distance-after-road-addition-queries-i,"Array, Breadth-First Search, Graph Theory"
MEDIUM,Count the Number of Computer Unlocking Permutations,12.5,0.5868,https://leetcode.com/problems/count-the-number-of-computer-unlocking-permutations,"Array, Math, Brainteaser, Combinatorics"
EASY,Find the Array Concatenation Value,12.5,0.7221,https://leetcode.com/problems/find-the-array-concatenation-value,"Array, Two Pointers, Simulation"
EASY,Binary Prefix Divisible By 5,12.5,0.5378,https://leetcode.com/problems/binary-prefix-divisible-by-5,"Array, Bit Manipulation"
MEDIUM,Operations on Tree,12.5,0.4612,https://leetcode.com/problems/operations-on-tree,"Array, Hash Table, Tree, Depth-First Search, Breadth-First Search, Design"
HARD,Maximize Cyclic Partition Score,12.5,0.1472,https://leetcode.com/problems/maximize-cyclic-partition-score,"Array, Dynamic Programming"
MEDIUM,Implement Router,12.5,0.3887,https://leetcode.com/problems/implement-router,"Array, Hash Table, Binary Search, Design, Queue, Ordered Set"
HARD,Delete Columns to Make Sorted III,12.5,0.7262,https://leetcode.com/problems/delete-columns-to-make-sorted-iii,"Array, String, Dynamic Programming"
MEDIUM,Four Divisors,12.5,0.5653,https://leetcode.com/problems/four-divisors,"Array, Math, Prime Factorization, Sieve Theory"
EASY,Lucky Numbers in a Matrix,12.5,0.8028,https://leetcode.com/problems/lucky-numbers-in-a-matrix,"Array, Matrix"
MEDIUM,Restore the Array From Adjacent Pairs,12.5,0.7519,https://leetcode.com/problems/restore-the-array-from-adjacent-pairs,"Array, Hash Table, Depth-First Search"
MEDIUM,Find Original Array From Doubled Array,12.5,0.4094,https://leetcode.com/problems/find-original-array-from-doubled-array,"Array, Hash Table, Greedy, Sorting"
MEDIUM,Number of Substrings With Only 1s,12.5,0.5735,https://leetcode.com/problems/number-of-substrings-with-only-1s,"Math, String"
HARD,Smallest Good Base,12.5,0.4759,https://leetcode.com/problems/smallest-good-base,"Math, Binary Search"
MEDIUM,Promise Time Limit,12.5,0.8335,https://leetcode.com/problems/promise-time-limit,
MEDIUM,Maximum Sum of Three Numbers Divisible by Three,12.5,0.4669,https://leetcode.com/problems/maximum-sum-of-three-numbers-divisible-by-three,"Array, Greedy, Sorting, Heap (Priority Queue)"
MEDIUM,Implement Trie II (Prefix Tree),12.5,0.6352,https://leetcode.com/problems/implement-trie-ii-prefix-tree,"Hash Table, String, Design, Trie"
MEDIUM,Minimize the Maximum of Two Arrays,12.5,0.3285,https://leetcode.com/problems/minimize-the-maximum-of-two-arrays,"Math, Binary Search, Number Theory, Least Common Multiple, Inclusion-Exclusion Principle"
MEDIUM,Frog Jump II,12.5,0.6251,https://leetcode.com/problems/frog-jump-ii,"Array, Binary Search, Greedy"
MEDIUM,Design Spreadsheet,12.5,0.7336,https://leetcode.com/problems/design-spreadsheet,"Array, Hash Table, String, Design, Matrix"
MEDIUM,Array Nesting,12.5,0.5678,https://leetcode.com/problems/array-nesting,"Array, Depth-First Search"
HARD,Non-negative Integers without Consecutive Ones,12.5,0.4344,https://leetcode.com/problems/non-negative-integers-without-consecutive-ones,Dynamic Programming
HARD,Max Sum of Rectangle No Larger Than K,12.5,0.4611,https://leetcode.com/problems/max-sum-of-rectangle-no-larger-than-k,"Array, Binary Search, Matrix, Prefix Sum, Ordered Set"
EASY,Find Greatest Common Divisor of Array,12.5,0.8347,https://leetcode.com/problems/find-greatest-common-divisor-of-array,"Array, Math, Number Theory, Euclidean Algorithm, Greatest Common Divisor"
MEDIUM,Vowels Game in a String,12.5,0.7694,https://leetcode.com/problems/vowels-game-in-a-string,"Math, String, Brainteaser, Game Theory"
MEDIUM,Minimum Addition to Make Integer Beautiful,12.5,0.3901,https://leetcode.com/problems/minimum-addition-to-make-integer-beautiful,"Math, Greedy"
EASY,Minimum Hours of Training to Win a Competition,12.5,0.4283,https://leetcode.com/problems/minimum-hours-of-training-to-win-a-competition,"Array, Greedy"
EASY,Ant on the Boundary,12.5,0.7448,https://leetcode.com/problems/ant-on-the-boundary,"Array, Simulation, Prefix Sum"
HARD,Maximum Number of Points From Grid Queries,12.5,0.5922,https://leetcode.com/problems/maximum-number-of-points-from-grid-queries,"Array, Two Pointers, Breadth-First Search, Union-Find, Sorting, Heap (Priority Queue), Matrix"
MEDIUM,Find Maximum Value in a Constrained Sequence,12.5,0.6046,https://leetcode.com/problems/find-maximum-value-in-a-constrained-sequence,"Array, Greedy"
EASY,Unique Morse Code Words,12.5,0.8374,https://leetcode.com/problems/unique-morse-code-words,"Array, Hash Table, String"
MEDIUM,Minimum Seconds to Equalize a Circular Array,12.5,0.2897,https://leetcode.com/problems/minimum-seconds-to-equalize-a-circular-array,"Array, Hash Table"
EASY,Split Strings by Separator,12.5,0.7652,https://leetcode.com/problems/split-strings-by-separator,"Array, String"
EASY,Special Positions in a Binary Matrix,12.5,0.7286,https://leetcode.com/problems/special-positions-in-a-binary-matrix,"Array, Matrix"
HARD,Tallest Billboard,12.5,0.5190,https://leetcode.com/problems/tallest-billboard,"Array, Dynamic Programming, Meet in the Middle, Knapsack Problem, 0-1 Knapsack"
HARD,Word Abbreviation,12.5,0.6274,https://leetcode.com/problems/word-abbreviation,"Array, String, Greedy, Trie, Sorting"
MEDIUM,Find Product Recommendation Pairs,12.5,0.6273,https://leetcode.com/problems/find-product-recommendation-pairs,Database
HARD,Median Employee Salary,12.5,0.6578,https://leetcode.com/problems/median-employee-salary,Database
EASY,Minimum Changes To Make Alternating Binary String,12.5,0.6790,https://leetcode.com/problems/minimum-changes-to-make-alternating-binary-string,String
EASY,Missing Number In Arithmetic Progression,12.5,0.5223,https://leetcode.com/problems/missing-number-in-arithmetic-progression,"Array, Math"
MEDIUM,Find All Possible Stable Binary Arrays I,12.5,0.5342,https://leetcode.com/problems/find-all-possible-stable-binary-arrays-i,"Dynamic Programming, Prefix Sum"
MEDIUM,Minimum Subarray Length With Distinct Sum At Least K,12.5,0.3172,https://leetcode.com/problems/minimum-subarray-length-with-distinct-sum-at-least-k,"Array, Hash Table, Sliding Window"
EASY,Sum of Variable Length Subarrays,12.5,0.8511,https://leetcode.com/problems/sum-of-variable-length-subarrays,"Array, Prefix Sum"
MEDIUM,Minimum Impossible OR,12.5,0.5955,https://leetcode.com/problems/minimum-impossible-or,"Array, Bit Manipulation, Brainteaser"
MEDIUM,Minimum Absolute Difference in Sliding Submatrix,12.5,0.7832,https://leetcode.com/problems/minimum-absolute-difference-in-sliding-submatrix,"Array, Sorting, Matrix"
MEDIUM,Grid Teleportation Traversal,12.5,0.2404,https://leetcode.com/problems/grid-teleportation-traversal,"Array, Hash Table, Breadth-First Search, Matrix"
MEDIUM,Equal Sum Grid Partition I,12.5,0.5286,https://leetcode.com/problems/equal-sum-grid-partition-i,"Array, Matrix, Enumeration, Prefix Sum"
MEDIUM,Count Submatrices With Equal Frequency of X and Y,12.5,0.6948,https://leetcode.com/problems/count-submatrices-with-equal-frequency-of-x-and-y,"Array, Matrix, Prefix Sum"
HARD,Design Movie Rental System,12.5,0.6206,https://leetcode.com/problems/design-movie-rental-system,"Array, Hash Table, Design, Heap (Priority Queue), Ordered Set"
EASY,Matrix Similarity After Cyclic Shifts,12.5,0.7412,https://leetcode.com/problems/matrix-similarity-after-cyclic-shifts,"Array, Math, Matrix, Simulation"
EASY,Add Two Promises,12.5,0.9170,https://leetcode.com/problems/add-two-promises,
MEDIUM,Check if Strings Can be Made Equal With Operations II,12.5,0.7395,https://leetcode.com/problems/check-if-strings-can-be-made-equal-with-operations-ii,"Hash Table, String, Sorting"
HARD,Lexicographically Smallest Generated String,12.5,0.5345,https://leetcode.com/problems/lexicographically-smallest-generated-string,"String, Greedy, String Matching"
MEDIUM,Final Element After Subarray Deletions,12.5,0.4093,https://leetcode.com/problems/final-element-after-subarray-deletions,"Array, Math, Brainteaser, Game Theory"
MEDIUM,The Time When the Network Becomes Idle,12.5,0.5625,https://leetcode.com/problems/the-time-when-the-network-becomes-idle,"Array, Breadth-First Search, Graph Theory"
EASY,Minimum Distance Between Three Equal Elements I,12.5,0.7305,https://leetcode.com/problems/minimum-distance-between-three-equal-elements-i,"Array, Hash Table"
MEDIUM,Minimum Distance Between Three Equal Elements II,12.5,0.7425,https://leetcode.com/problems/minimum-distance-between-three-equal-elements-ii,"Array, Hash Table"
HARD,Minimum Deletions to Make Array Divisible,12.5,0.6178,https://leetcode.com/problems/minimum-deletions-to-make-array-divisible,"Array, Math, Sorting, Heap (Priority Queue), Number Theory, Euclidean Algorithm, Greatest Common Divisor"
MEDIUM,Properties Graph,12.5,0.4884,https://leetcode.com/problems/properties-graph,"Array, Hash Table, Depth-First Search, Breadth-First Search, Union-Find, Graph Theory"
HARD,Final Array State After K Multiplication Operations II,12.5,0.1391,https://leetcode.com/problems/final-array-state-after-k-multiplication-operations-ii,"Array, Heap (Priority Queue), Simulation"
HARD,Minimum Total Distance Traveled,12.5,0.6318,https://leetcode.com/problems/minimum-total-distance-traveled,"Array, Dynamic Programming, Sorting"
HARD,Largest Color Value in a Directed Graph,12.5,0.5716,https://leetcode.com/problems/largest-color-value-in-a-directed-graph,"Hash Table, String, Dynamic Programming, Graph Theory, Topological Sort, Memoization, Counting, Directed Acyclic Graph"
MEDIUM,Words Within Two Edits of Dictionary,12.5,0.7336,https://leetcode.com/problems/words-within-two-edits-of-dictionary,"Array, String, Trie"
MEDIUM,Put Boxes Into the Warehouse I,12.5,0.6791,https://leetcode.com/problems/put-boxes-into-the-warehouse-i,"Array, Greedy, Sorting"
MEDIUM,Number of Subarrays With LCM Equal to K,12.5,0.4789,https://leetcode.com/problems/number-of-subarrays-with-lcm-equal-to-k,"Array, Math, Number Theory"
MEDIUM,Minimum Cost to Split into Ones,12.5,0.8266,https://leetcode.com/problems/minimum-cost-to-split-into-ones,"Math, Dynamic Programming"
HARD,Design Skiplist,12.5,0.5967,https://leetcode.com/problems/design-skiplist,"Linked List, Design"
MEDIUM,Cyclically Rotating a Grid,12.5,0.7402,https://leetcode.com/problems/cyclically-rotating-a-grid,"Array, Matrix, Simulation"
HARD,Minimum Cost to Buy Apples II,12.5,0.3180,https://leetcode.com/problems/minimum-cost-to-buy-apples-ii,"Array, Graph Theory, Heap (Priority Queue), Shortest Path"
EASY,Smallest Index With Equal Value,12.5,0.7378,https://leetcode.com/problems/smallest-index-with-equal-value,Array
EASY,Sum of Digits of String After Convert,12.5,0.7484,https://leetcode.com/problems/sum-of-digits-of-string-after-convert,"String, Simulation"
HARD,Odd Even Jump,12.5,0.4160,https://leetcode.com/problems/odd-even-jump,"Array, Dynamic Programming, Stack, Sorting, Monotonic Stack, Ordered Set"
EASY,Student Attendance Record I,12.5,0.5054,https://leetcode.com/problems/student-attendance-record-i,String
EASY,Find the Distinct Difference Array,12.5,0.7697,https://leetcode.com/problems/find-the-distinct-difference-array,"Array, Hash Table"
HARD,Maximum Total Subarray Value II,12.5,0.4163,https://leetcode.com/problems/maximum-total-subarray-value-ii,"Array, Greedy, Segment Tree, Heap (Priority Queue)"
MEDIUM,Build an Array With Stack Operations,12.5,0.8083,https://leetcode.com/problems/build-an-array-with-stack-operations,"Array, Stack, Simulation"
MEDIUM,Find Mirror Score of a String,12.5,0.3611,https://leetcode.com/problems/find-mirror-score-of-a-string,"Hash Table, String, Stack, Simulation"
HARD,Kth Smallest Number in Multiplication Table,12.5,0.5508,https://leetcode.com/problems/kth-smallest-number-in-multiplication-table,"Math, Binary Search"
HARD,Number of Ways to Assign Edge Weights II,12.5,0.7180,https://leetcode.com/problems/number-of-ways-to-assign-edge-weights-ii,"Array, Math, Dynamic Programming, Bit Manipulation, Tree, Depth-First Search"
MEDIUM,Maximize Sum of Device Ratings,12.5,0.3979,https://leetcode.com/problems/maximize-sum-of-device-ratings,"Array, Greedy, Sorting, Matrix"
MEDIUM,Find Minimum Cost to Remove Array Elements,12.5,0.2239,https://leetcode.com/problems/find-minimum-cost-to-remove-array-elements,"Array, Dynamic Programming"
HARD,Maximum Building Height,12.5,0.6691,https://leetcode.com/problems/maximum-building-height,"Array, Math, Sorting"
HARD,Number of Unique Good Subsequences,12.5,0.5290,https://leetcode.com/problems/number-of-unique-good-subsequences,"String, Dynamic Programming"
HARD,Number of ZigZag Arrays II,12.5,0.6719,https://leetcode.com/problems/number-of-zigzag-arrays-ii,"Math, Dynamic Programming"
HARD,Collect Coins in a Tree,12.5,0.4005,https://leetcode.com/problems/collect-coins-in-a-tree,"Array, Tree, Graph Theory, Topological Sort"
MEDIUM,Design Authentication Manager,12.5,0.5879,https://leetcode.com/problems/design-authentication-manager,"Hash Table, Linked List, Design, Doubly-Linked List"
MEDIUM,Maximum White Tiles Covered by a Carpet,12.5,0.3654,https://leetcode.com/problems/maximum-white-tiles-covered-by-a-carpet,"Array, Binary Search, Greedy, Sliding Window, Sorting, Prefix Sum"
HARD,Number of Paths with Max Score,12.5,0.6313,https://leetcode.com/problems/number-of-paths-with-max-score,"Array, Dynamic Programming, Matrix"
HARD,Decode Ways II,12.5,0.3229,https://leetcode.com/problems/decode-ways-ii,"String, Dynamic Programming"
MEDIUM,Concatenate Non-Zero Digits and Multiply by Sum II,12.5,0.4267,https://leetcode.com/problems/concatenate-non-zero-digits-and-multiply-by-sum-ii,"Math, String, Prefix Sum"
HARD,Good Subsequence Queries,12.5,0.1993,https://leetcode.com/problems/good-subsequence-queries,"Array, Math, Segment Tree, Number Theory"
EASY,Check if a String Is an Acronym of Words,12.5,0.8317,https://leetcode.com/problems/check-if-a-string-is-an-acronym-of-words,"Array, String"
HARD,Path Existence Queries in a Graph II,12.5,0.6371,https://leetcode.com/problems/path-existence-queries-in-a-graph-ii,"Array, Two Pointers, Binary Search, Dynamic Programming, Greedy, Bit Manipulation, Graph Theory, Sorting"
EASY,Long Pressed Name,12.5,0.3318,https://leetcode.com/problems/long-pressed-name,"Two Pointers, String"
HARD,Minimum Adjacent Swaps for K Consecutive Ones,12.5,0.4280,https://leetcode.com/problems/minimum-adjacent-swaps-for-k-consecutive-ones,"Array, Greedy, Sliding Window, Prefix Sum"
MEDIUM,Count Numbers with Unique Digits,12.5,0.5629,https://leetcode.com/problems/count-numbers-with-unique-digits,"Math, Dynamic Programming, Backtracking"
HARD,Get the Maximum Score,12.5,0.4156,https://leetcode.com/problems/get-the-maximum-score,"Array, Two Pointers, Dynamic Programming, Greedy"
EASY,Concatenate Non-Zero Digits and Multiply by Sum I,12.5,0.6588,https://leetcode.com/problems/concatenate-non-zero-digits-and-multiply-by-sum-i,Math
MEDIUM,Count Sub Islands,12.5,0.7310,https://leetcode.com/problems/count-sub-islands,"Array, Depth-First Search, Breadth-First Search, Union-Find, Matrix"
EASY,X of a Kind in a Deck of Cards,12.5,0.3056,https://leetcode.com/problems/x-of-a-kind-in-a-deck-of-cards,"Array, Hash Table, Math, Counting, Number Theory, Euclidean Algorithm, Greatest Common Divisor"
EASY,Number of Strings That Appear as Substrings in Word,12.5,0.8622,https://leetcode.com/problems/number-of-strings-that-appear-as-substrings-in-word,"Array, String"
EASY,Maximum Area of Longest Diagonal Rectangle,12.5,0.4588,https://leetcode.com/problems/maximum-area-of-longest-diagonal-rectangle,Array
HARD,Remove Max Number of Edges to Keep Graph Fully Traversable,12.5,0.7007,https://leetcode.com/problems/remove-max-number-of-edges-to-keep-graph-fully-traversable,"Union-Find, Graph Theory"
MEDIUM,Find the Safest Path in a Grid,12.5,0.5720,https://leetcode.com/problems/find-the-safest-path-in-a-grid,"Array, Binary Search, Breadth-First Search, Union-Find, Heap (Priority Queue), Matrix"
HARD,Network Recovery Pathways,12.5,0.5046,https://leetcode.com/problems/network-recovery-pathways,"Array, Binary Search, Dynamic Programming, Graph Theory, Topological Sort, Heap (Priority Queue), Shortest Path"
HARD,Count Subarrays With Majority Element II,12.5,0.6479,https://leetcode.com/problems/count-subarrays-with-majority-element-ii,"Array, Hash Table, Divide and Conquer, Segment Tree, Merge Sort, Prefix Sum"
MEDIUM,Path Existence Queries in a Graph I,12.5,0.7015,https://leetcode.com/problems/path-existence-queries-in-a-graph-i,"Array, Hash Table, Binary Search, Union-Find, Graph Theory"
MEDIUM,Sort the Jumbled Numbers,12.5,0.5994,https://leetcode.com/problems/sort-the-jumbled-numbers,"Array, Sorting"
HARD,Minimum Number of Days to Disconnect Island,12.5,0.5866,https://leetcode.com/problems/minimum-number-of-days-to-disconnect-island,"Array, Depth-First Search, Breadth-First Search, Matrix, Strongly Connected Component, Articulation Point"
MEDIUM,Find Occurrences of an Element in an Array,12.5,0.7340,https://leetcode.com/problems/find-occurrences-of-an-element-in-an-array,"Array, Hash Table"
EASY,Sales Person,12.5,0.6649,https://leetcode.com/problems/sales-person,Database
MEDIUM,Minimum ASCII Delete Sum for Two Strings,12.5,0.7118,https://leetcode.com/problems/minimum-ascii-delete-sum-for-two-strings,"String, Dynamic Programming, Longest Common Subsequence"
MEDIUM,Spiral Matrix III,12.5,0.8461,https://leetcode.com/problems/spiral-matrix-iii,"Array, Matrix, Simulation"
MEDIUM,Equal Row and Column Pairs,12.5,0.7135,https://leetcode.com/problems/equal-row-and-column-pairs,"Array, Hash Table, Matrix, Simulation"
MEDIUM,Event Emitter,12.5,0.7522,https://leetcode.com/problems/event-emitter,
EASY,Maximum Odd Binary Number,12.5,0.8279,https://leetcode.com/problems/maximum-odd-binary-number,"Math, String, Greedy"
EASY,Special Array I,12.5,0.8143,https://leetcode.com/problems/special-array-i,Array
EASY,Make Two Arrays Equal by Reversing Subarrays,12.5,0.7584,https://leetcode.com/problems/make-two-arrays-equal-by-reversing-subarrays,"Array, Hash Table, Sorting"
MEDIUM,Range Sum of Sorted Subarray Sums,12.5,0.6300,https://leetcode.com/problems/range-sum-of-sorted-subarray-sums,"Array, Two Pointers, Binary Search, Sorting, Prefix Sum"
MEDIUM,Reverse Nodes in Even Length Groups,12.5,0.6535,https://leetcode.com/problems/reverse-nodes-in-even-length-groups,Linked List
MEDIUM,Maximum Distance in Arrays,12.5,0.4563,https://leetcode.com/problems/maximum-distance-in-arrays,"Array, Greedy"
MEDIUM,Maximum Number of Points with Cost,12.5,0.4157,https://leetcode.com/problems/maximum-number-of-points-with-cost,"Array, Dynamic Programming, Matrix"
HARD,Subarray With Elements Greater Than Varying Threshold,12.5,0.4625,https://leetcode.com/problems/subarray-with-elements-greater-than-varying-threshold,"Array, Stack, Union-Find, Monotonic Stack"
EASY,Final Array State After K Multiplication Operations I,12.5,0.8667,https://leetcode.com/problems/final-array-state-after-k-multiplication-operations-i,"Array, Math, Heap (Priority Queue), Simulation"
MEDIUM,Minimum Length of String After Operations,12.5,0.7493,https://leetcode.com/problems/minimum-length-of-string-after-operations,"Hash Table, String, Counting"
HARD,Maximize the Minimum Game Score,12.5,0.2612,https://leetcode.com/problems/maximize-the-minimum-game-score,"Array, Binary Search, Greedy"
EASY,Maximum Sum With Exactly K Elements ,12.5,0.8038,https://leetcode.com/problems/maximum-sum-with-exactly-k-elements,"Array, Greedy"
MEDIUM,Customer Purchasing Behavior Analysis,12.5,0.3648,https://leetcode.com/problems/customer-purchasing-behavior-analysis,Database
MEDIUM,Minimum Cost to Make Arrays Identical,12.5,0.3781,https://leetcode.com/problems/minimum-cost-to-make-arrays-identical,"Array, Greedy, Sorting"
EASY,Number of Common Factors,12.5,0.8055,https://leetcode.com/problems/number-of-common-factors,"Math, Enumeration, Number Theory, Euclidean Algorithm, Greatest Common Divisor"
MEDIUM,Sort Vowels in a String,12.5,0.8349,https://leetcode.com/problems/sort-vowels-in-a-string,"String, Sorting"
EASY,Distribute Elements Into Two Arrays I,12.5,0.8369,https://leetcode.com/problems/distribute-elements-into-two-arrays-i,"Array, Two Pointers, Simulation"
EASY,Employees Whose Manager Left the Company,12.5,0.4895,https://leetcode.com/problems/employees-whose-manager-left-the-company,Database
EASY,Smallest Missing Integer Greater Than Sequential Prefix Sum,10.3,0.5011,https://leetcode.com/problems/smallest-missing-integer-greater-than-sequential-prefix-sum,"Array, Hash Table, Sorting"
EASY,Maximum Product of Two Digits,10.3,0.7537,https://leetcode.com/problems/maximum-product-of-two-digits,"Math, Sorting"
HARD,Sorted GCD Pair Queries,10.3,0.5828,https://leetcode.com/problems/sorted-gcd-pair-queries,"Array, Hash Table, Math, Binary Search, Combinatorics, Counting, Number Theory, Prefix Sum, Euclidean Algorithm, Greatest Common Divisor"
MEDIUM,Matrix Block Sum,7.2,0.7710,https://leetcode.com/problems/matrix-block-sum,"Array, Matrix, Prefix Sum"
HARD,Minimum Number of Operations to Make Array Continuous,7.2,0.5173,https://leetcode.com/problems/minimum-number-of-operations-to-make-array-continuous,"Array, Hash Table, Binary Search, Sliding Window"
HARD,Stone Game III,7.2,0.6795,https://leetcode.com/problems/stone-game-iii,"Array, Math, Dynamic Programming, Minimax, Game Theory, Zero-Sum Game"
MEDIUM,Number of Unique XOR Triplets II,7.2,0.5270,https://leetcode.com/problems/number-of-unique-xor-triplets-ii,"Array, Math, Bit Manipulation, Enumeration"
MEDIUM,Find the Lexicographically Smallest Valid Sequence,7.2,0.5738,https://leetcode.com/problems/find-the-lexicographically-smallest-valid-sequence,"Two Pointers, String, Dynamic Programming, Greedy"
MEDIUM,Remove Methods From Project,7.2,0.6994,https://leetcode.com/problems/remove-methods-from-project,"Depth-First Search, Breadth-First Search, Graph Theory"
MEDIUM,Range Sum Query - Mutable,5.0,0.4383,https://leetcode.com/problems/range-sum-query-mutable,"Array, Divide and Conquer, Design, Binary Indexed Tree, Segment Tree, Sqrt Decomposition"
MEDIUM,Video Stitching,5.0,0.5303,https://leetcode.com/problems/video-stitching,"Array, Dynamic Programming, Greedy"
HARD,Minimize Deviation in Array,5.0,0.5405,https://leetcode.com/problems/minimize-deviation-in-array,"Array, Greedy, Heap (Priority Queue), Ordered Set"
MEDIUM,Smallest String With Swaps,5.0,0.6108,https://leetcode.com/problems/smallest-string-with-swaps,"Array, Hash Table, String, Depth-First Search, Breadth-First Search, Union-Find, Sorting"
EASY,Find a Corresponding Node of a Binary Tree in a Clone of That Tree,5.0,0.8587,https://leetcode.com/problems/find-a-corresponding-node-of-a-binary-tree-in-a-clone-of-that-tree,"Tree, Depth-First Search, Breadth-First Search, Binary Tree"
HARD,Couples Holding Hands,5.0,0.5980,https://leetcode.com/problems/couples-holding-hands,"Greedy, Depth-First Search, Breadth-First Search, Union-Find, Graph Theory"
EASY,Second Minimum Node In a Binary Tree,5.0,0.4640,https://leetcode.com/problems/second-minimum-node-in-a-binary-tree,"Tree, Depth-First Search, Binary Tree"
MEDIUM,Minimum Swaps to Make Strings Equal,5.0,0.6568,https://leetcode.com/problems/minimum-swaps-to-make-strings-equal,"Math, String, Greedy"
EASY,Univalued Binary Tree,5.0,0.7341,https://leetcode.com/problems/univalued-binary-tree,"Tree, Depth-First Search, Breadth-First Search, Binary Tree"
HARD,Count Array Pairs Divisible by K,5.0,0.3110,https://leetcode.com/problems/count-array-pairs-divisible-by-k,"Array, Hash Table, Math, Counting, Number Theory, Euclidean Algorithm, Greatest Common Divisor"
MEDIUM,Make K-Subarray Sums Equal,5.0,0.3850,https://leetcode.com/problems/make-k-subarray-sums-equal,"Array, Math, Greedy, Sorting, Number Theory"
HARD,Falling Squares,5.0,0.4883,https://leetcode.com/problems/falling-squares,"Array, Segment Tree, Ordered Set"
HARD,Market Analysis II,5.0,0.5787,https://leetcode.com/problems/market-analysis-ii,Database
HARD,Widest Possible Fence,5.0,0.1725,https://leetcode.com/problems/widest-possible-fence,"Array, Hash Table, Counting, Enumeration"
HARD,Find the Number of Subsequences With Equal GCD,5.0,0.6629,https://leetcode.com/problems/find-the-number-of-subsequences-with-equal-gcd,"Array, Math, Dynamic Programming, Number Theory, Euclidean Algorithm, Greatest Common Divisor"
EASY,Check Distances Between Same Letters,5.0,0.7154,https://leetcode.com/problems/check-distances-between-same-letters,"Array, Hash Table, String"
HARD,Count Good Triplets in an Array,5.0,0.6531,https://leetcode.com/problems/count-good-triplets-in-an-array,"Array, Binary Search, Divide and Conquer, Binary Indexed Tree, Segment Tree, Merge Sort, Ordered Set"
MEDIUM,Maximum Product of First and Last Elements of a Subsequence,5.0,0.3176,https://leetcode.com/problems/maximum-product-of-first-and-last-elements-of-a-subsequence,"Array, Two Pointers"
HARD,Block Placement Queries,5.0,0.4099,https://leetcode.com/problems/block-placement-queries,"Array, Binary Search, Binary Indexed Tree, Segment Tree, Ordered Set"
MEDIUM,Maximum Compatibility Score Sum,5.0,0.6513,https://leetcode.com/problems/maximum-compatibility-score-sum,"Array, Dynamic Programming, Backtracking, Bit Manipulation, Bitmask, Hungarian Algorithm, Bipartite Graph, Successive Shortest Path Algorithm, Matching (Graph), Perfect Matching, Minimum-Cost Flow, Flow Network"
HARD,Smallest Divisible Digit Product II,5.0,0.4491,https://leetcode.com/problems/smallest-divisible-digit-product-ii,"Math, String, Backtracking, Greedy, Number Theory"
MEDIUM,Maximum Substrings With Distinct Start,5.0,0.9134,https://leetcode.com/problems/maximum-substrings-with-distinct-start,"Hash Table, String"
MEDIUM,Minimum Moves to Spread Stones Over Grid,5.0,0.4611,https://leetcode.com/problems/minimum-moves-to-spread-stones-over-grid,"Array, Dynamic Programming, Backtracking, Bit Manipulation, Matrix, Bitmask"
HARD,Longest Increasing Subsequence II,5.0,0.2660,https://leetcode.com/problems/longest-increasing-subsequence-ii,"Array, Divide and Conquer, Dynamic Programming, Binary Indexed Tree, Segment Tree, Queue, Monotonic Queue"
EASY,Three Divisors,5.0,0.6500,https://leetcode.com/problems/three-divisors,"Math, Enumeration, Number Theory, Prime Factorization, Sieve Theory"
EASY,Odd String Difference,5.0,0.6231,https://leetcode.com/problems/odd-string-difference,"Array, Hash Table, String"
HARD,Maximize Active Section with Trade II,5.0,0.6457,https://leetcode.com/problems/maximize-active-section-with-trade-ii,"Array, String, Binary Search, Segment Tree"
EASY,Lexicographically Smallest Palindrome,5.0,0.8188,https://leetcode.com/problems/lexicographically-smallest-palindrome,"Two Pointers, String, Greedy"
EASY,Sum Multiples,5.0,0.8614,https://leetcode.com/problems/sum-multiples,Math
HARD,Minimum Cost to Convert String III,5.0,0.5527,https://leetcode.com/problems/minimum-cost-to-convert-string-iii,"Array, String, Dynamic Programming"
MEDIUM,Find the Power of K-Size Subarrays I,5.0,0.6188,https://leetcode.com/problems/find-the-power-of-k-size-subarrays-i,"Array, Sliding Window"
MEDIUM,Split Array into Consecutive Subsequences,5.0,0.5256,https://leetcode.com/problems/split-array-into-consecutive-subsequences,"Array, Hash Table, Greedy, Heap (Priority Queue)"
MEDIUM,Range Frequency Queries,5.0,0.4432,https://leetcode.com/problems/range-frequency-queries,"Array, Hash Table, Binary Search, Design, Segment Tree"
EASY,Smallest Divisible Digit Product I,5.0,0.7276,https://leetcode.com/problems/smallest-divisible-digit-product-i,"Math, Enumeration"
EASY,Total Distance Traveled,5.0,0.4204,https://leetcode.com/problems/total-distance-traveled,"Math, Simulation"
EASY,Concatenate Array With Reverse,5.0,0.9077,https://leetcode.com/problems/concatenate-array-with-reverse,"Array, Simulation"
HARD,Minimum Total Cost to Make Arrays Unequal,5.0,0.4163,https://leetcode.com/problems/minimum-total-cost-to-make-arrays-unequal,"Array, Hash Table, Greedy, Counting"
HARD,Count Anagrams,5.0,0.3844,https://leetcode.com/problems/count-anagrams,"Hash Table, Math, String, Combinatorics, Counting, Fermat's Little Theorem"
EASY,Find Missing Elements,5.0,0.8824,https://leetcode.com/problems/find-missing-elements,"Array, Hash Table, Sorting"
MEDIUM,Design Exam Scores Tracker,5.0,0.4396,https://leetcode.com/problems/design-exam-scores-tracker,"Array, Binary Search, Design, Prefix Sum"
MEDIUM,Memoize,5.0,0.6535,https://leetcode.com/problems/memoize,
HARD,Longest Substring of One Repeating Character,5.0,0.6551,https://leetcode.com/problems/longest-substring-of-one-repeating-character,"Array, String, Segment Tree, Ordered Set"
EASY,1-bit and 2-bit Characters,5.0,0.4974,https://leetcode.com/problems/1-bit-and-2-bit-characters,Array
MEDIUM,Number of Unique XOR Triplets I,5.0,0.5754,https://leetcode.com/problems/number-of-unique-xor-triplets-i,"Array, Math, Bit Manipulation"
EASY,Count Prefix and Suffix Pairs I,5.0,0.7769,https://leetcode.com/problems/count-prefix-and-suffix-pairs-i,"Array, String, Trie, Rolling Hash, String Matching, Hash Function"
HARD,Divide Chocolate,5.0,0.6074,https://leetcode.com/problems/divide-chocolate,"Array, Binary Search"
HARD,Second Minimum Time to Reach Destination,5.0,0.6236,https://leetcode.com/problems/second-minimum-time-to-reach-destination,"Breadth-First Search, Graph Theory, Shortest Path, Dijkstra's Algorithm, K Shortest Path"
HARD,Count Different Palindromic Subsequences,5.0,0.4839,https://leetcode.com/problems/count-different-palindromic-subsequences,"String, Dynamic Programming"
MEDIUM,Average Waiting Time,5.0,0.7315,https://leetcode.com/problems/average-waiting-time,"Array, Simulation"
EASY,Count Items Matching a Rule,5.0,0.8548,https://leetcode.com/problems/count-items-matching-a-rule,"Array, String"
HARD,Minimum Cost to Equalize Array,5.0,0.1904,https://leetcode.com/problems/minimum-cost-to-equalize-array,"Array, Greedy, Enumeration"
MEDIUM,Find Longest Special Substring That Occurs Thrice I,5.0,0.6162,https://leetcode.com/problems/find-longest-special-substring-that-occurs-thrice-i,"Hash Table, String, Binary Search, Sliding Window, Counting"
HARD,Pizza With 3n Slices,5.0,0.5446,https://leetcode.com/problems/pizza-with-3n-slices,"Array, Dynamic Programming, Greedy, Heap (Priority Queue)"
EASY,Truncate Sentence,5.0,0.8712,https://leetcode.com/problems/truncate-sentence,"Array, String"
HARD,Reachable Nodes In Subdivided Graph,5.0,0.5294,https://leetcode.com/problems/reachable-nodes-in-subdivided-graph,"Graph Theory, Heap (Priority Queue), Shortest Path, Dijkstra's Algorithm"
MEDIUM,Peeking Iterator,0.0,0.6200,https://leetcode.com/problems/peeking-iterator,"Array, Design, Iterator"
MEDIUM,Knight Probability in Chessboard,0.0,0.5732,https://leetcode.com/problems/knight-probability-in-chessboard,Dynamic Programming
HARD,Self Crossing,0.0,0.3652,https://leetcode.com/problems/self-crossing,"Array, Math, Geometry"
HARD,Count The Repetitions,0.0,0.3619,https://leetcode.com/problems/count-the-repetitions,"Two Pointers, String, Dynamic Programming"
MEDIUM,Max Increase to Keep City Skyline,0.0,0.8645,https://leetcode.com/problems/max-increase-to-keep-city-skyline,"Array, Greedy, Matrix"
MEDIUM,Find the Derangement of An Array,0.0,0.4159,https://leetcode.com/problems/find-the-derangement-of-an-array,"Math, Dynamic Programming, Combinatorics"
MEDIUM,Campus Bikes,0.0,0.5910,https://leetcode.com/problems/campus-bikes,"Array, Sorting, Heap (Priority Queue)"
MEDIUM,Campus Bikes II,0.0,0.5585,https://leetcode.com/problems/campus-bikes-ii,"Array, Dynamic Programming, Backtracking, Bit Manipulation, Bitmask, Hungarian Algorithm, Bipartite Graph, Successive Shortest Path Algorithm, Matching (Graph), Minimum-Cost Flow, Flow Network"
MEDIUM,Linked List Random Node,0.0,0.6524,https://leetcode.com/problems/linked-list-random-node,"Linked List, Math, Reservoir Sampling, Randomized"
MEDIUM,Maximum Binary Tree,0.0,0.8587,https://leetcode.com/problems/maximum-binary-tree,"Array, Divide and Conquer, Stack, Tree, Monotonic Stack, Binary Tree, Cartesian Tree"
EASY,Slowest Key,0.0,0.5982,https://leetcode.com/problems/slowest-key,"Array, String"
MEDIUM,Synonymous Sentences,0.0,0.5755,https://leetcode.com/problems/synonymous-sentences,"Array, Hash Table, String, Backtracking, Sort, Union-Find"
MEDIUM,Cinema Seat Allocation,0.0,0.5698,https://leetcode.com/problems/cinema-seat-allocation,"Array, Hash Table, Greedy, Bit Manipulation"
EASY,Decompress Run-Length Encoded List,0.0,0.8631,https://leetcode.com/problems/decompress-run-length-encoded-list,Array
MEDIUM,Minimum Number of Vertices to Reach All Nodes,0.0,0.8178,https://leetcode.com/problems/minimum-number-of-vertices-to-reach-all-nodes,"Graph Theory, Directed Acyclic Graph"
MEDIUM,Short Encoding of Words,0.0,0.6101,https://leetcode.com/problems/short-encoding-of-words,"Array, Hash Table, String, Trie"
MEDIUM,Total Hamming Distance,0.0,0.5557,https://leetcode.com/problems/total-hamming-distance,"Array, Math, Bit Manipulation"
EASY,Number of Valid Words in a Sentence,0.0,0.3150,https://leetcode.com/problems/number-of-valid-words-in-a-sentence,String
EASY,Longer Contiguous Segments of Ones than Zeros,0.0,0.6275,https://leetcode.com/problems/longer-contiguous-segments-of-ones-than-zeros,String
EASY,Read N Characters Given Read4,0.0,0.4263,https://leetcode.com/problems/read-n-characters-given-read4,"Array, Simulation, Interactive"
EASY,Count Square Sum Triples,0.0,0.7718,https://leetcode.com/problems/count-square-sum-triples,"Math, Enumeration"
EASY,Detect Capital,0.0,0.5707,https://leetcode.com/problems/detect-capital,String
EASY,Average Salary Excluding the Minimum and Maximum Salary,0.0,0.6358,https://leetcode.com/problems/average-salary-excluding-the-minimum-and-maximum-salary,"Array, Sorting"
MEDIUM,Reduce Array Size to The Half,0.0,0.6947,https://leetcode.com/problems/reduce-array-size-to-the-half,"Array, Hash Table, Greedy, Sorting, Heap (Priority Queue)"
MEDIUM,Shortest Word Distance III,0.0,0.5960,https://leetcode.com/problems/shortest-word-distance-iii,"Array, String"
MEDIUM,Brace Expansion,0.0,0.6689,https://leetcode.com/problems/brace-expansion,"String, Backtracking, Stack, Breadth-First Search, Sorting"
MEDIUM,Rearrange Words in a Sentence,0.0,0.6745,https://leetcode.com/problems/rearrange-words-in-a-sentence,"String, Sorting"
MEDIUM,Powerful Integers,0.0,0.4483,https://leetcode.com/problems/powerful-integers,"Hash Table, Math, Enumeration"
HARD,Tag Validator,0.0,0.4172,https://leetcode.com/problems/tag-validator,"String, Stack"
HARD,Frog Position After T Seconds,0.0,0.3885,https://leetcode.com/problems/frog-position-after-t-seconds,"Tree, Depth-First Search, Breadth-First Search, Graph Theory"
MEDIUM,Alphabet Board Path,0.0,0.5203,https://leetcode.com/problems/alphabet-board-path,"Hash Table, String"
EASY,To Lower Case,0.0,0.8520,https://leetcode.com/problems/to-lower-case,String
MEDIUM,Design Phone Directory,0.0,0.5324,https://leetcode.com/problems/design-phone-directory,"Array, Hash Table, Linked List, Design, Queue"
MEDIUM,Array With Elements Not Equal to Average of Neighbors,0.0,0.5090,https://leetcode.com/problems/array-with-elements-not-equal-to-average-of-neighbors,"Array, Greedy, Sorting"
HARD,Redundant Connection II,0.0,0.3668,https://leetcode.com/problems/redundant-connection-ii,"Depth-First Search, Breadth-First Search, Union-Find, Graph Theory"
MEDIUM,Largest BST Subtree,0.0,0.4593,https://leetcode.com/problems/largest-bst-subtree,"Dynamic Programming, Tree, Depth-First Search, Binary Search Tree, Binary Tree, DP on Trees"
MEDIUM,Insert into a Sorted Circular Linked List,0.0,0.3859,https://leetcode.com/problems/insert-into-a-sorted-circular-linked-list,Linked List
MEDIUM,Minimum Cost Tree From Leaf Values,0.0,0.6796,https://leetcode.com/problems/minimum-cost-tree-from-leaf-values,"Array, Dynamic Programming, Stack, Greedy, Monotonic Stack, Cartesian Tree"
HARD,Students Report By Geography,0.0,0.6357,https://leetcode.com/problems/students-report-by-geography,Database
HARD,My Calendar III,0.0,0.7233,https://leetcode.com/problems/my-calendar-iii,"Binary Search, Design, Segment Tree, Prefix Sum, Ordered Set"
MEDIUM,Next Closest Time,0.0,0.4704,https://leetcode.com/problems/next-closest-time,"Hash Table, String, Backtracking, Enumeration"
HARD,String Transforms Into Another String,0.0,0.3463,https://leetcode.com/problems/string-transforms-into-another-string,"Hash Table, String, Graph Theory"
MEDIUM,Camelcase Matching,0.0,0.6605,https://leetcode.com/problems/camelcase-matching,"Array, Two Pointers, String, Trie, String Matching"
EASY,Traffic Light Controlled Intersection,0.0,0.7321,https://leetcode.com/problems/traffic-light-controlled-intersection,Concurrency
EASY,Closest Binary Search Tree Value,0.0,0.4912,https://leetcode.com/problems/closest-binary-search-tree-value,"Binary Search, Tree, Depth-First Search, Binary Search Tree, Binary Tree"
HARD,Basic Calculator IV,0.0,0.4992,https://leetcode.com/problems/basic-calculator-iv,"Hash Table, Math, String, Stack, Recursion"
HARD,Find the Shortest Superstring,0.0,0.4588,https://leetcode.com/problems/find-the-shortest-superstring,"Array, String, Dynamic Programming, Bit Manipulation, Bitmask, Hamiltonian Path"
EASY,Palindrome Permutation,0.0,0.6872,https://leetcode.com/problems/palindrome-permutation,"Hash Table, String, Bit Manipulation"
MEDIUM,Bomb Enemy,0.0,0.5287,https://leetcode.com/problems/bomb-enemy,"Array, Dynamic Programming, Matrix"
MEDIUM,Android Unlock Patterns,0.0,0.5425,https://leetcode.com/problems/android-unlock-patterns,"Dynamic Programming, Backtracking, Bit Manipulation, Bitmask"
MEDIUM,Stepping Numbers,0.0,0.4849,https://leetcode.com/problems/stepping-numbers,"Math, Backtracking, Breadth-First Search"
MEDIUM,Line Reflection,0.0,0.3643,https://leetcode.com/problems/line-reflection,"Array, Hash Table, Math"
MEDIUM,One Edit Distance,0.0,0.3459,https://leetcode.com/problems/one-edit-distance,"Two Pointers, String"
MEDIUM,UTF-8 Validation,0.0,0.4671,https://leetcode.com/problems/utf-8-validation,"Array, Bit Manipulation"
MEDIUM,Word Frequency,0.0,0.3017,https://leetcode.com/problems/word-frequency,Shell
EASY,Missing Ranges,0.0,0.3570,https://leetcode.com/problems/missing-ranges,Array
MEDIUM,Logical OR of Two Binary Grids Represented as Quad-Trees,0.0,0.5370,https://leetcode.com/problems/logical-or-of-two-binary-grids-represented-as-quad-trees,"Divide and Conquer, Tree"
HARD,Minimum Window Subsequence,0.0,0.4388,https://leetcode.com/problems/minimum-window-subsequence,"String, Dynamic Programming, Sliding Window"
HARD,K Empty Slots,0.0,0.3803,https://leetcode.com/problems/k-empty-slots,"Array, Binary Indexed Tree, Segment Tree, Queue, Sliding Window, Heap (Priority Queue), Ordered Set, Monotonic Queue"
MEDIUM,Design Bounded Blocking Queue,0.0,0.7399,https://leetcode.com/problems/design-bounded-blocking-queue,Concurrency
MEDIUM,Number of Boomerangs,0.0,0.5814,https://leetcode.com/problems/number-of-boomerangs,"Array, Hash Table, Math"
HARD,Read N Characters Given read4 II - Call Multiple Times,0.0,0.4337,https://leetcode.com/problems/read-n-characters-given-read4-ii-call-multiple-times,"Array, Simulation, Interactive"
MEDIUM,Path In Zigzag Labelled Binary Tree,0.0,0.7587,https://leetcode.com/problems/path-in-zigzag-labelled-binary-tree,"Math, Tree, Binary Tree"
MEDIUM,Shortest Word Distance II,0.0,0.6308,https://leetcode.com/problems/shortest-word-distance-ii,"Array, Hash Table, Two Pointers, String, Design"
MEDIUM,Subdomain Visit Count,0.0,0.7724,https://leetcode.com/problems/subdomain-visit-count,"Array, Hash Table, String, Counting"
MEDIUM,Minimum Area Rectangle,0.0,0.5557,https://leetcode.com/problems/minimum-area-rectangle,"Array, Hash Table, Math, Geometry, Sorting"
EASY,Design Compressed String Iterator,0.0,0.4051,https://leetcode.com/problems/design-compressed-string-iterator,"Array, String, Design, Iterator"
MEDIUM,Number of Times Binary String Is Prefix-Aligned,0.0,0.6622,https://leetcode.com/problems/number-of-times-binary-string-is-prefix-aligned,Array
MEDIUM,Binary Tree Longest Consecutive Sequence II,0.0,0.5018,https://leetcode.com/problems/binary-tree-longest-consecutive-sequence-ii,"Tree, Depth-First Search, Binary Tree, DP on Trees"
MEDIUM,RLE Iterator,0.0,0.5963,https://leetcode.com/problems/rle-iterator,"Array, Design, Counting, Iterator"
MEDIUM,Check If a String Is a Valid Sequence from Root to Leaves Path in a Binary Tree,0.0,0.4755,https://leetcode.com/problems/check-if-a-string-is-a-valid-sequence-from-root-to-leaves-path-in-a-binary-tree,"Tree, Depth-First Search, Breadth-First Search, Binary Tree"
MEDIUM,Minimum Area Rectangle II,0.0,0.5607,https://leetcode.com/problems/minimum-area-rectangle-ii,"Array, Hash Table, Math, Geometry"
MEDIUM,Web Crawler Multithreaded,0.0,0.5143,https://leetcode.com/problems/web-crawler-multithreaded,"Depth-First Search, Breadth-First Search, Concurrency"
MEDIUM,Search in a Sorted Array of Unknown Size,0.0,0.7317,https://leetcode.com/problems/search-in-a-sorted-array-of-unknown-size,"Array, Binary Search, Interactive"
MEDIUM,Building H2O,0.0,0.5860,https://leetcode.com/problems/building-h2o,Concurrency
MEDIUM,All Paths from Source Lead to Destination,0.0,0.3732,https://leetcode.com/problems/all-paths-from-source-lead-to-destination,"Graph Theory, Topological Sort, Kosaraju's Algorithm, Tarjan's SCC Algorithm"
EASY,Print in Order,0.0,0.7346,https://leetcode.com/problems/print-in-order,Concurrency
HARD,24 Game,0.0,0.5967,https://leetcode.com/problems/24-game,"Array, Math, Backtracking"
MEDIUM,Group Shifted Strings,0.0,0.6785,https://leetcode.com/problems/group-shifted-strings,"Array, Hash Table, String"
MEDIUM,Palindrome Permutation II,0.0,0.4240,https://leetcode.com/problems/palindrome-permutation-ii,"Hash Table, String, Backtracking"
HARD,Valid Permutations for DI Sequence,0.0,0.5674,https://leetcode.com/problems/valid-permutations-for-di-sequence,"String, Dynamic Programming, Prefix Sum"
MEDIUM,Minimum Operations to Convert Number,0.0,0.5260,https://leetcode.com/problems/minimum-operations-to-convert-number,"Array, Breadth-First Search"
MEDIUM,Find Latest Group of Size M,0.0,0.4423,https://leetcode.com/problems/find-latest-group-of-size-m,"Array, Hash Table, Binary Search, Simulation"
MEDIUM,Convert an Array Into a 2D Array With Conditions,0.0,0.8616,https://leetcode.com/problems/convert-an-array-into-a-2d-array-with-conditions,"Array, Hash Table"
HARD,Stone Game V,0.0,0.5901,https://leetcode.com/problems/stone-game-v,"Array, Math, Dynamic Programming, Game Theory"
HARD,Restore The Array,0.0,0.4674,https://leetcode.com/problems/restore-the-array,"String, Dynamic Programming"
MEDIUM,Steps to Make Array Non-decreasing,0.0,0.2538,https://leetcode.com/problems/steps-to-make-array-non-decreasing,"Array, Linked List, Dynamic Programming, Stack, Monotonic Stack, Simulation"
MEDIUM,Maximum Distance Between a Pair of Values,0.0,0.6123,https://leetcode.com/problems/maximum-distance-between-a-pair-of-values,"Array, Two Pointers, Binary Search"
MEDIUM,Find the Minimum Number of Fibonacci Numbers Whose Sum Is K,0.0,0.6481,https://leetcode.com/problems/find-the-minimum-number-of-fibonacci-numbers-whose-sum-is-k,"Math, Greedy"
EASY,Cells in a Range on an Excel Sheet,0.0,0.8415,https://leetcode.com/problems/cells-in-a-range-on-an-excel-sheet,String
MEDIUM,Egg Drop With 2 Eggs and N Floors,0.0,0.7481,https://leetcode.com/problems/egg-drop-with-2-eggs-and-n-floors,"Math, Dynamic Programming"
MEDIUM,Swap Adjacent in LR String,0.0,0.3844,https://leetcode.com/problems/swap-adjacent-in-lr-string,"Two Pointers, String"
MEDIUM,Maximum Area of a Piece of Cake After Horizontal and Vertical Cuts,0.0,0.4155,https://leetcode.com/problems/maximum-area-of-a-piece-of-cake-after-horizontal-and-vertical-cuts,"Array, Greedy, Sorting"
HARD,Maximum Total Beauty of the Gardens,0.0,0.3051,https://leetcode.com/problems/maximum-total-beauty-of-the-gardens,"Array, Two Pointers, Binary Search, Greedy, Sorting, Enumeration, Prefix Sum"
MEDIUM,Maximum Number of Alloys,0.0,0.4109,https://leetcode.com/problems/maximum-number-of-alloys,"Array, Binary Search"
MEDIUM,Find All Good Indices,0.0,0.4131,https://leetcode.com/problems/find-all-good-indices,"Array, Dynamic Programming, Prefix Sum"
HARD,Smallest Sufficient Team,0.0,0.5584,https://leetcode.com/problems/smallest-sufficient-team,"Array, Dynamic Programming, Bit Manipulation, Bitmask"
HARD,Maximum Strictly Increasing Cells in a Matrix,0.0,0.3148,https://leetcode.com/problems/maximum-strictly-increasing-cells-in-a-matrix,"Array, Hash Table, Binary Search, Dynamic Programming, Memoization, Sorting, Matrix, Ordered Set"
MEDIUM,Minimum Adjacent Swaps to Reach the Kth Smallest Number,0.0,0.7192,https://leetcode.com/problems/minimum-adjacent-swaps-to-reach-the-kth-smallest-number,"Two Pointers, String, Greedy"
HARD,Maximum Value of K Coins From Piles,0.0,0.6052,https://leetcode.com/problems/maximum-value-of-k-coins-from-piles,"Array, Dynamic Programming, Prefix Sum"
EASY,Furthest Point From Origin,0.0,0.7728,https://leetcode.com/problems/furthest-point-from-origin,"String, Counting"
MEDIUM,Corporate Flight Bookings,0.0,0.6892,https://leetcode.com/problems/corporate-flight-bookings,"Array, Prefix Sum"
HARD,Poor Pigs,0.0,0.5925,https://leetcode.com/problems/poor-pigs,"Math, Dynamic Programming, Combinatorics"
EASY,Maximum Strong Pair XOR I,0.0,0.7583,https://leetcode.com/problems/maximum-strong-pair-xor-i,"Array, Hash Table, Bit Manipulation, Trie, Sliding Window"
MEDIUM,Replace the Substring for Balanced String,0.0,0.4156,https://leetcode.com/problems/replace-the-substring-for-balanced-string,"String, Sliding Window"
HARD,Count Special Integers,0.0,0.4517,https://leetcode.com/problems/count-special-integers,"Math, Dynamic Programming"
MEDIUM,Largest Time for Given Digits,0.0,0.3618,https://leetcode.com/problems/largest-time-for-given-digits,"Array, String, Backtracking, Enumeration"
EASY,Find First Palindromic String in the Array,0.0,0.8408,https://leetcode.com/problems/find-first-palindromic-string-in-the-array,"Array, Two Pointers, String"
MEDIUM,Reward Top K Students,0.0,0.4774,https://leetcode.com/problems/reward-top-k-students,"Array, Hash Table, String, Sorting, Heap (Priority Queue)"
HARD,Maximize Score After N Operations,0.0,0.5792,https://leetcode.com/problems/maximize-score-after-n-operations,"Array, Math, Dynamic Programming, Backtracking, Bit Manipulation, Number Theory, Bitmask"
MEDIUM,Shortest and Lexicographically Smallest Beautiful String,0.0,0.5998,https://leetcode.com/problems/shortest-and-lexicographically-smallest-beautiful-string,"String, Sliding Window"
EASY,Count the Number of Consistent Strings,0.0,0.8856,https://leetcode.com/problems/count-the-number-of-consistent-strings,"Array, Hash Table, String, Bit Manipulation, Counting"
MEDIUM,Shortest Path to Get Food,0.0,0.5732,https://leetcode.com/problems/shortest-path-to-get-food,"Array, Breadth-First Search, Matrix"
MEDIUM,Partition Array into Disjoint Intervals,0.0,0.4972,https://leetcode.com/problems/partition-array-into-disjoint-intervals,Array
MEDIUM,Where Will the Ball Fall,0.0,0.7243,https://leetcode.com/problems/where-will-the-ball-fall,"Array, Matrix, Simulation"
EASY,Count Asterisks,0.0,0.8358,https://leetcode.com/problems/count-asterisks,String
MEDIUM,Order Two Columns Independently,0.0,0.6196,https://leetcode.com/problems/order-two-columns-independently,Database
MEDIUM,Minimum Cost Homecoming of a Robot in a Grid,0.0,0.5190,https://leetcode.com/problems/minimum-cost-homecoming-of-a-robot-in-a-grid,"Array, Greedy"
HARD,Shortest Impossible Sequence of Rolls,0.0,0.6938,https://leetcode.com/problems/shortest-impossible-sequence-of-rolls,"Array, Hash Table, Greedy"
HARD,Number of Valid Subarrays,0.0,0.7990,https://leetcode.com/problems/number-of-valid-subarrays,"Array, Stack, Monotonic Stack"
MEDIUM,K-Concatenation Maximum Sum,0.0,0.2627,https://leetcode.com/problems/k-concatenation-maximum-sum,"Array, Dynamic Programming"
HARD,Count of Integers,0.0,0.3924,https://leetcode.com/problems/count-of-integers,"Math, String, Dynamic Programming"
MEDIUM,Flip Binary Tree To Match Preorder Traversal,0.0,0.5223,https://leetcode.com/problems/flip-binary-tree-to-match-preorder-traversal,"Tree, Depth-First Search, Binary Tree"
MEDIUM,Find Players With Zero or One Losses,0.0,0.7238,https://leetcode.com/problems/find-players-with-zero-or-one-losses,"Array, Hash Table, Sorting, Counting"
HARD,Minimum Number of Days to Eat N Oranges,0.0,0.3654,https://leetcode.com/problems/minimum-number-of-days-to-eat-n-oranges,"Dynamic Programming, Memoization"
MEDIUM,Active Users,0.0,0.3656,https://leetcode.com/problems/active-users,Database
HARD,Count All Possible Routes,0.0,0.6477,https://leetcode.com/problems/count-all-possible-routes,"Array, Dynamic Programming, Memoization"
HARD,Number of Music Playlists,0.0,0.6012,https://leetcode.com/problems/number-of-music-playlists,"Math, Dynamic Programming, Combinatorics"
MEDIUM,Add One Row to Tree,0.0,0.6421,https://leetcode.com/problems/add-one-row-to-tree,"Tree, Depth-First Search, Breadth-First Search, Binary Tree"
HARD,Distribute Repeating Integers,0.0,0.4119,https://leetcode.com/problems/distribute-repeating-integers,"Array, Hash Table, Dynamic Programming, Backtracking, Bit Manipulation, Counting, Bitmask"
MEDIUM,Validate Binary Tree Nodes,0.0,0.4424,https://leetcode.com/problems/validate-binary-tree-nodes,"Tree, Depth-First Search, Breadth-First Search, Union-Find, Graph Theory, Binary Tree"
MEDIUM,Capital Gain/Loss,0.0,0.8457,https://leetcode.com/problems/capital-gainloss,Database
EASY,Determine the Winner of a Bowling Game,0.0,0.3827,https://leetcode.com/problems/determine-the-winner-of-a-bowling-game,"Array, Simulation"
MEDIUM,Implement Rand10() Using Rand7(),0.0,0.4675,https://leetcode.com/problems/implement-rand10-using-rand7,"Math, Rejection Sampling, Randomized, Probability and Statistics"
MEDIUM,Number of Ways to Reach a Position After Exactly k Steps,0.0,0.3736,https://leetcode.com/problems/number-of-ways-to-reach-a-position-after-exactly-k-steps,"Math, Dynamic Programming, Combinatorics"
HARD,Minimum Operations to Form Subsequence With Target Sum,0.0,0.3258,https://leetcode.com/problems/minimum-operations-to-form-subsequence-with-target-sum,"Array, Greedy, Bit Manipulation"
MEDIUM,Minimum Deletions to Make Array Beautiful,0.0,0.5048,https://leetcode.com/problems/minimum-deletions-to-make-array-beautiful,"Array, Stack, Greedy"
MEDIUM,Minimum Number of Frogs Croaking,0.0,0.5133,https://leetcode.com/problems/minimum-number-of-frogs-croaking,"String, Counting"
MEDIUM,Maximum Length of a Concatenated String with Unique Characters,0.0,0.5494,https://leetcode.com/problems/maximum-length-of-a-concatenated-string-with-unique-characters,"Array, String, Backtracking, Bit Manipulation"
EASY,Number of Unequal Triplets in Array,0.0,0.7365,https://leetcode.com/problems/number-of-unequal-triplets-in-array,"Array, Hash Table, Sorting"
MEDIUM,K Radius Subarray Averages,0.0,0.4653,https://leetcode.com/problems/k-radius-subarray-averages,"Array, Sliding Window"
HARD,Count Vowels Permutation,0.0,0.6136,https://leetcode.com/problems/count-vowels-permutation,Dynamic Programming
MEDIUM,Coloring A Border,0.0,0.5175,https://leetcode.com/problems/coloring-a-border,"Array, Depth-First Search, Breadth-First Search, Matrix"
MEDIUM,Count Words Obtained After Adding a Letter,0.0,0.4425,https://leetcode.com/problems/count-words-obtained-after-adding-a-letter,"Array, Hash Table, String, Bit Manipulation, Sorting"
EASY,Consecutive Available Seats,0.0,0.6489,https://leetcode.com/problems/consecutive-available-seats,Database
EASY,Maximum Number of Pairs in Array,0.0,0.7632,https://leetcode.com/problems/maximum-number-of-pairs-in-array,"Array, Hash Table, Counting"
MEDIUM,Maximum Number of Moves in a Grid,0.0,0.5857,https://leetcode.com/problems/maximum-number-of-moves-in-a-grid,"Array, Dynamic Programming, Matrix"
MEDIUM,Find the Winner of an Array Game,0.0,0.5687,https://leetcode.com/problems/find-the-winner-of-an-array-game,"Array, Simulation"
EASY,Determine if String Halves Are Alike,0.0,0.7890,https://leetcode.com/problems/determine-if-string-halves-are-alike,"String, Counting"
MEDIUM,Binary String With Substrings Representing 1 To N,0.0,0.5875,https://leetcode.com/problems/binary-string-with-substrings-representing-1-to-n,"Hash Table, String, Bit Manipulation, Sliding Window"
MEDIUM,4 Keys Keyboard,0.0,0.5647,https://leetcode.com/problems/4-keys-keyboard,"Math, Dynamic Programming"
MEDIUM,Valid Square,0.0,0.4557,https://leetcode.com/problems/valid-square,"Math, Geometry"
HARD,Find Longest Awesome Substring,0.0,0.4763,https://leetcode.com/problems/find-longest-awesome-substring,"Hash Table, String, Bit Manipulation"
