Difficulty,Title,Frequency,Acceptance Rate,Link,Topics
EASY,Two Sum,100.0,0.5793,https://leetcode.com/problems/two-sum,"Array, Hash Table"
EASY,Best Time to Buy and Sell Stock,87.5,0.5744,https://leetcode.com/problems/best-time-to-buy-and-sell-stock,"Array, Dynamic Programming"
MEDIUM,Number of Islands,87.5,0.6519,https://leetcode.com/problems/number-of-islands,"Array, Depth-First Search, Breadth-First Search, Union-Find, Matrix"
MEDIUM,Insert Delete GetRandom O(1),87.5,0.5554,https://leetcode.com/problems/insert-delete-getrandom-o1,"Array, Hash Table, Math, Design, Randomized"
MEDIUM,Longest Substring Without Repeating Characters,87.5,0.3988,https://leetcode.com/problems/longest-substring-without-repeating-characters,"Hash Table, String, Sliding Window"
MEDIUM,Merge Intervals,87.5,0.5288,https://leetcode.com/problems/merge-intervals,"Array, Sorting, Quicksort"
MEDIUM,Add Two Numbers,87.5,0.4941,https://leetcode.com/problems/add-two-numbers,"Linked List, Math, Recursion"
EASY,Valid Parentheses,87.5,0.4495,https://leetcode.com/problems/valid-parentheses,"String, Stack, Bracket Sequences"
HARD,Trapping Rain Water,80.9,0.6828,https://leetcode.com/problems/trapping-rain-water,"Array, Two Pointers, Dynamic Programming, Stack, Monotonic Stack"
MEDIUM,3Sum,79.6,0.3994,https://leetcode.com/problems/3sum,"Array, Two Pointers, Sorting"
MEDIUM,Longest Palindromic Substring,79.6,0.3873,https://leetcode.com/problems/longest-palindromic-substring,"Two Pointers, String, Dynamic Programming, Manacher"
MEDIUM,Invalid Transactions,78.7,0.3259,https://leetcode.com/problems/invalid-transactions,"Array, Hash Table, String, Sorting"
MEDIUM,Flatten a Multilevel Doubly Linked List,78.5,0.6348,https://leetcode.com/problems/flatten-a-multilevel-doubly-linked-list,"Linked List, Depth-First Search, Doubly-Linked List"
EASY,Longest Common Prefix,78.2,0.4842,https://leetcode.com/problems/longest-common-prefix,"Array, String, Trie"
HARD,Median of Two Sorted Arrays,78.2,0.4768,https://leetcode.com/problems/median-of-two-sorted-arrays,"Array, Binary Search, Divide and Conquer"
MEDIUM,Word Search,77.8,0.4819,https://leetcode.com/problems/word-search,"Array, String, Backtracking, Depth-First Search, Matrix"
MEDIUM,Container With Most Water,76.5,0.6090,https://leetcode.com/problems/container-with-most-water,"Array, Two Pointers, Greedy"
MEDIUM,Decode String,75.9,0.6326,https://leetcode.com/problems/decode-string,"String, Stack, Recursion"
EASY,Valid Anagram,75.2,0.6869,https://leetcode.com/problems/valid-anagram,"Hash Table, String, Sorting"
EASY,Majority Element,75.2,0.6652,https://leetcode.com/problems/majority-element,"Array, Hash Table, Divide and Conquer, Sorting, Counting, Boyer–Moore Majority Vote Algorithm"
MEDIUM,Design Underground System,75.0,0.7470,https://leetcode.com/problems/design-underground-system,"Hash Table, String, Design"
MEDIUM,LRU Cache,75.0,0.4811,https://leetcode.com/problems/lru-cache,"Hash Table, Linked List, Design, Doubly-Linked List"
EASY,Roman to Integer,75.0,0.6722,https://leetcode.com/problems/roman-to-integer,"Hash Table, Math, String"
MEDIUM,Min Stack,75.0,0.5870,https://leetcode.com/problems/min-stack,"Stack, Design"
MEDIUM,Search in Rotated Sorted Array,75.0,0.4569,https://leetcode.com/problems/search-in-rotated-sorted-array,"Array, Binary Search"
EASY,Palindrome Number,75.0,0.6099,https://leetcode.com/problems/palindrome-number,Math
MEDIUM,Maximum Subarray,75.0,0.5390,https://leetcode.com/problems/maximum-subarray,"Array, Divide and Conquer, Dynamic Programming"
EASY,Merge Sorted Array,75.0,0.5578,https://leetcode.com/problems/merge-sorted-array,"Array, Two Pointers, Sorting"
MEDIUM,Subsets,75.0,0.8285,https://leetcode.com/problems/subsets,"Array, Backtracking, Bit Manipulation"
MEDIUM,Subarray Sum Equals K,75.0,0.4823,https://leetcode.com/problems/subarray-sum-equals-k,"Array, Hash Table, Prefix Sum"
EASY,Remove Duplicates from Sorted Array,75.0,0.6384,https://leetcode.com/problems/remove-duplicates-from-sorted-array,"Array, Two Pointers"
EASY,Merge Two Sorted Lists,75.0,0.6892,https://leetcode.com/problems/merge-two-sorted-lists,"Linked List, Recursion"
MEDIUM,Reverse Integer,75.0,0.3257,https://leetcode.com/problems/reverse-integer,Math
MEDIUM,Longest Consecutive Sequence,75.0,0.4725,https://leetcode.com/problems/longest-consecutive-sequence,"Array, Hash Table, Union-Find"
MEDIUM,Next Permutation,75.0,0.4624,https://leetcode.com/problems/next-permutation,"Array, Two Pointers"
MEDIUM,Group Anagrams,75.0,0.7333,https://leetcode.com/problems/group-anagrams,"Array, Hash Table, String, Sorting"
EASY,Move Zeroes,67.2,0.6442,https://leetcode.com/problems/move-zeroes,"Array, Two Pointers"
EASY,Climbing Stairs,67.2,0.5436,https://leetcode.com/problems/climbing-stairs,"Math, Dynamic Programming, Memoization"
EASY,First Unique Character in a String,66.6,0.6640,https://leetcode.com/problems/first-unique-character-in-a-string,"Hash Table, String, Queue, Counting"
MEDIUM,Meeting Rooms II,66.2,0.5282,https://leetcode.com/problems/meeting-rooms-ii,"Array, Two Pointers, Greedy, Sorting, Heap (Priority Queue), Prefix Sum"
MEDIUM,Generate Parentheses,65.9,0.7922,https://leetcode.com/problems/generate-parentheses,"String, Dynamic Programming, Backtracking, Bracket Sequences"
MEDIUM,Rotate Image,65.9,0.8075,https://leetcode.com/problems/rotate-image,"Array, Math, Matrix"
EASY,Reverse Linked List,65.2,0.8109,https://leetcode.com/problems/reverse-linked-list,"Linked List, Recursion"
MEDIUM,Validate Binary Search Tree,64.5,0.3639,https://leetcode.com/problems/validate-binary-search-tree,"Tree, Depth-First Search, Binary Search Tree, Binary Tree"
EASY,Valid Palindrome,64.5,0.5437,https://leetcode.com/problems/valid-palindrome,"Two Pointers, String"
MEDIUM,Rotate Array,64.5,0.4558,https://leetcode.com/problems/rotate-array,"Array, Math, Two Pointers"
HARD,Number of Ships in a Rectangle,64.1,0.6873,https://leetcode.com/problems/number-of-ships-in-a-rectangle,"Array, Divide and Conquer, Interactive"
HARD,Word Break II,63.3,0.5627,https://leetcode.com/problems/word-break-ii,"Array, Hash Table, String, Dynamic Programming, Backtracking, Trie, Memoization"
EASY,Single Number,63.3,0.7835,https://leetcode.com/problems/single-number,"Array, Bit Manipulation"
MEDIUM,Find Peak Element,62.9,0.4722,https://leetcode.com/problems/find-peak-element,"Array, Binary Search"
EASY,Pascal's Triangle,62.9,0.7941,https://leetcode.com/problems/pascals-triangle,"Array, Dynamic Programming"
EASY,Create Hello World Function,62.9,0.8193,https://leetcode.com/problems/create-hello-world-function,
MEDIUM,Remove All Adjacent Duplicates in String II,62.5,0.6194,https://leetcode.com/problems/remove-all-adjacent-duplicates-in-string-ii,"String, Stack"
MEDIUM,Two City Scheduling,62.5,0.6899,https://leetcode.com/problems/two-city-scheduling,"Array, Greedy, Sorting, Hungarian Algorithm, Successive Shortest Path Algorithm"
MEDIUM,Binary Tree Vertical Order Traversal,62.5,0.5790,https://leetcode.com/problems/binary-tree-vertical-order-traversal,"Hash Table, Tree, Depth-First Search, Breadth-First Search, Sorting, Binary Tree"
MEDIUM,"Pow(x, n)",62.5,0.3938,https://leetcode.com/problems/powx-n,"Math, Recursion"
MEDIUM,Minimum Remove to Make Valid Parentheses,62.5,0.7163,https://leetcode.com/problems/minimum-remove-to-make-valid-parentheses,"String, Stack"
MEDIUM,Binary Tree Level Order Traversal,62.5,0.7353,https://leetcode.com/problems/binary-tree-level-order-traversal,"Tree, Breadth-First Search, Binary Tree"
MEDIUM,Word Break,62.5,0.4993,https://leetcode.com/problems/word-break,"Array, Hash Table, String, Dynamic Programming, Trie, Memoization, Brute-Force Search"
MEDIUM,String to Integer (atoi),62.5,0.2180,https://leetcode.com/problems/string-to-integer-atoi,String
MEDIUM,Coin Change,62.5,0.4919,https://leetcode.com/problems/coin-change,"Array, Dynamic Programming, Breadth-First Search, Knapsack Problem, Complete Knapsack"
MEDIUM,Product of Array Except Self,62.5,0.6930,https://leetcode.com/problems/product-of-array-except-self,"Array, Prefix Sum"
EASY,Palindrome Linked List,62.5,0.5884,https://leetcode.com/problems/palindrome-linked-list,"Linked List, Two Pointers, Stack, Recursion"
EASY,Search Insert Position,62.5,0.5232,https://leetcode.com/problems/search-insert-position,"Array, Binary Search"
HARD,Merge k Sorted Lists,62.5,0.6061,https://leetcode.com/problems/merge-k-sorted-lists,"Linked List, Divide and Conquer, Heap (Priority Queue), Merge Sort, Tournament Sort"
EASY,Sqrt(x),62.5,0.4232,https://leetcode.com/problems/sqrtx,"Math, Binary Search, Newton's Method"
MEDIUM,Evaluate Division,62.5,0.6462,https://leetcode.com/problems/evaluate-division,"Array, String, Depth-First Search, Breadth-First Search, Union-Find, Graph Theory, Shortest Path, Bellman–Ford Algorithm, Floyd–Warshall Algorithm"
MEDIUM,House Robber,62.5,0.5362,https://leetcode.com/problems/house-robber,"Array, Dynamic Programming"
MEDIUM,Jump Game,62.5,0.4157,https://leetcode.com/problems/jump-game,"Array, Dynamic Programming, Greedy"
EASY,Contains Duplicate,62.5,0.6473,https://leetcode.com/problems/contains-duplicate,"Array, Hash Table, Sorting"
EASY,Design an Ordered Stream,62.5,0.8274,https://leetcode.com/problems/design-an-ordered-stream,"Array, Hash Table, Design, Data Stream"
MEDIUM,Set Matrix Zeroes,62.5,0.6366,https://leetcode.com/problems/set-matrix-zeroes,"Array, Hash Table, Matrix"
MEDIUM,Sort Integers by The Power Value,62.5,0.7183,https://leetcode.com/problems/sort-integers-by-the-power-value,"Dynamic Programming, Memoization, Sorting"
MEDIUM,All Paths From Source to Target,62.5,0.8381,https://leetcode.com/problems/all-paths-from-source-to-target,"Backtracking, Depth-First Search, Breadth-First Search, Graph Theory, Directed Acyclic Graph"
EASY,Next Greater Element I,62.5,0.7688,https://leetcode.com/problems/next-greater-element-i,"Array, Hash Table, Stack, Monotonic Stack"
MEDIUM,Find First and Last Position of Element in Sorted Array,62.5,0.4970,https://leetcode.com/problems/find-first-and-last-position-of-element-in-sorted-array,"Array, Binary Search"
MEDIUM,Spiral Matrix,62.5,0.5796,https://leetcode.com/problems/spiral-matrix,"Array, Matrix, Simulation"
MEDIUM,Sort Colors,62.5,0.7025,https://leetcode.com/problems/sort-colors,"Array, Two Pointers, Sorting, Quicksort, Bubble Sort"
MEDIUM,Reverse Words in a String,62.5,0.5795,https://leetcode.com/problems/reverse-words-in-a-string,"Two Pointers, String"
EASY,Find the Index of the First Occurrence in a String,62.5,0.4738,https://leetcode.com/problems/find-the-index-of-the-first-occurrence-in-a-string,"Two Pointers, String, String Matching, Z Algorithm, Knuth–Morris–Pratt Algorithm, Boyer–Moore String-Search Algorithm"
MEDIUM,Palindrome Partitioning,62.5,0.7470,https://leetcode.com/problems/palindrome-partitioning,"String, Dynamic Programming, Backtracking"
MEDIUM,Single Element in a Sorted Array,62.5,0.5943,https://leetcode.com/problems/single-element-in-a-sorted-array,"Array, Binary Search"
MEDIUM,4Sum,62.5,0.4176,https://leetcode.com/problems/4sum,"Array, Two Pointers, Sorting"
EASY,Plus One,62.5,0.5066,https://leetcode.com/problems/plus-one,"Array, Math"
MEDIUM,Longest Repeating Character Replacement,62.5,0.6073,https://leetcode.com/problems/longest-repeating-character-replacement,"Hash Table, String, Sliding Window"
EASY,Remove Element,62.5,0.6259,https://leetcode.com/problems/remove-element,"Array, Two Pointers"
MEDIUM,Koko Eating Bananas,62.5,0.5059,https://leetcode.com/problems/koko-eating-bananas,"Array, Binary Search"
EASY,Remove Letter To Equalize Frequency,62.5,0.1964,https://leetcode.com/problems/remove-letter-to-equalize-frequency,"Hash Table, String, Counting"
EASY,Combine Two Tables,62.5,0.8004,https://leetcode.com/problems/combine-two-tables,Database
EASY,Check if Array Is Sorted and Rotated,62.5,0.5775,https://leetcode.com/problems/check-if-array-is-sorted-and-rotated,Array
EASY,Max Consecutive Ones,62.5,0.6619,https://leetcode.com/problems/max-consecutive-ones,Array
MEDIUM,Reorder List,56.8,0.6633,https://leetcode.com/problems/reorder-list,"Linked List, Two Pointers, Stack, Recursion"
MEDIUM,Daily Temperatures,56.8,0.6921,https://leetcode.com/problems/daily-temperatures,"Array, Stack, Monotonic Stack"
MEDIUM,Zigzag Conversion,56.8,0.5520,https://leetcode.com/problems/zigzag-conversion,String
MEDIUM,3Sum Closest,56.2,0.4748,https://leetcode.com/problems/3sum-closest,"Array, Two Pointers, Sorting"
MEDIUM,Rotting Oranges,56.2,0.5949,https://leetcode.com/problems/rotting-oranges,"Array, Breadth-First Search, Matrix"
MEDIUM,Kth Largest Element in an Array,55.6,0.6935,https://leetcode.com/problems/kth-largest-element-in-an-array,"Array, Divide and Conquer, Sorting, Heap (Priority Queue), Quickselect"
MEDIUM,Copy List with Random Pointer,55.6,0.6376,https://leetcode.com/problems/copy-list-with-random-pointer,"Hash Table, Linked List"
MEDIUM,Best Time to Buy and Sell Stock II,55.6,0.7168,https://leetcode.com/problems/best-time-to-buy-and-sell-stock-ii,"Array, Dynamic Programming, Greedy"
EASY,Contains Duplicate II,55.6,0.5198,https://leetcode.com/problems/contains-duplicate-ii,"Array, Hash Table, Sliding Window"
MEDIUM,Gas Station,55.6,0.4878,https://leetcode.com/problems/gas-station,"Array, Greedy"
EASY,Binary Search,55.6,0.6140,https://leetcode.com/problems/binary-search,"Array, Binary Search"
MEDIUM,Valid Triangle Number,55.0,0.5726,https://leetcode.com/problems/valid-triangle-number,"Array, Two Pointers, Binary Search, Greedy, Sorting"
HARD,Largest Rectangle in Histogram,55.0,0.5092,https://leetcode.com/problems/largest-rectangle-in-histogram,"Array, Stack, Monotonic Stack, Range Minimum/Maximum Query"
HARD,Vertical Order Traversal of a Binary Tree,54.4,0.5477,https://leetcode.com/problems/vertical-order-traversal-of-a-binary-tree,"Hash Table, Tree, Depth-First Search, Breadth-First Search, Sorting, Binary Tree"
EASY,Symmetric Tree,54.4,0.6206,https://leetcode.com/problems/symmetric-tree,"Tree, Depth-First Search, Breadth-First Search, Binary Tree"
MEDIUM,Combination Sum,54.4,0.7719,https://leetcode.com/problems/combination-sum,"Array, Backtracking"
MEDIUM,Number of Provinces,54.4,0.7111,https://leetcode.com/problems/number-of-provinces,"Depth-First Search, Breadth-First Search, Union-Find, Graph Theory"
HARD,N-Queens,54.4,0.7653,https://leetcode.com/problems/n-queens,"Array, Backtracking, Algorithm X"
MEDIUM,String Compression,54.4,0.6084,https://leetcode.com/problems/string-compression,"Two Pointers, String"
EASY,Isomorphic Strings,54.4,0.4915,https://leetcode.com/problems/isomorphic-strings,"Hash Table, String"
EASY,Recyclable and Low Fat Products,54.4,0.8866,https://leetcode.com/problems/recyclable-and-low-fat-products,Database
HARD,Candy,54.4,0.4930,https://leetcode.com/problems/candy,"Array, Greedy"
EASY,Merge Strings Alternately,54.4,0.8215,https://leetcode.com/problems/merge-strings-alternately,"Two Pointers, String"
MEDIUM,Letter Combinations of a Phone Number,53.8,0.6690,https://leetcode.com/problems/letter-combinations-of-a-phone-number,"Hash Table, String, Backtracking"
MEDIUM,Unique Paths,53.8,0.6730,https://leetcode.com/problems/unique-paths,"Math, Dynamic Programming, Combinatorics"
MEDIUM,Top K Frequent Elements,53.8,0.6742,https://leetcode.com/problems/top-k-frequent-elements,"Array, Hash Table, Divide and Conquer, Sorting, Heap (Priority Queue), Bucket Sort, Counting, Quickselect"
MEDIUM,Rotate List,53.8,0.4334,https://leetcode.com/problems/rotate-list,"Linked List, Two Pointers"
EASY,Linked List Cycle,53.8,0.5513,https://leetcode.com/problems/linked-list-cycle,"Hash Table, Linked List, Two Pointers, Floyd's Cycle Finding Algorithm"
EASY,Reverse String,53.8,0.8137,https://leetcode.com/problems/reverse-string,"Two Pointers, String"
HARD,Regular Expression Matching,53.1,0.3183,https://leetcode.com/problems/regular-expression-matching,"String, Dynamic Programming, Recursion"
MEDIUM,Maximum Product Subarray,53.1,0.3711,https://leetcode.com/problems/maximum-product-subarray,"Array, Dynamic Programming"
MEDIUM,Permutations,53.1,0.8237,https://leetcode.com/problems/permutations,"Array, Backtracking"
EASY,Missing Number,53.1,0.7273,https://leetcode.com/problems/missing-number,"Array, Hash Table, Math, Binary Search, Bit Manipulation, Sorting"
EASY,Balanced Binary Tree,53.1,0.5926,https://leetcode.com/problems/balanced-binary-tree,"Tree, Depth-First Search, Binary Tree"
MEDIUM,Search a 2D Matrix,52.4,0.5435,https://leetcode.com/problems/search-a-2d-matrix,"Array, Binary Search, Matrix"
EASY,Intersection of Two Arrays,52.4,0.7839,https://leetcode.com/problems/intersection-of-two-arrays,"Array, Hash Table, Two Pointers, Binary Search, Sorting"
MEDIUM,Swap Nodes in Pairs,52.4,0.7031,https://leetcode.com/problems/swap-nodes-in-pairs,"Linked List, Recursion"
HARD,Word Ladder,52.4,0.4664,https://leetcode.com/problems/word-ladder,"Hash Table, String, Breadth-First Search, Bidirectional Search"
EASY,Add Binary,52.4,0.5870,https://leetcode.com/problems/add-binary,"Math, String, Bit Manipulation, Simulation"
MEDIUM,Construct Binary Tree from Preorder and Inorder Traversal,51.7,0.6961,https://leetcode.com/problems/construct-binary-tree-from-preorder-and-inorder-traversal,"Array, Hash Table, Divide and Conquer, Tree, Binary Tree"
MEDIUM,Remove Nth Node From End of List,51.7,0.5272,https://leetcode.com/problems/remove-nth-node-from-end-of-list,"Linked List, Two Pointers"
EASY,Same Tree,51.7,0.6804,https://leetcode.com/problems/same-tree,"Tree, Depth-First Search, Breadth-First Search, Binary Tree"
MEDIUM,Design A Leaderboard,51.7,0.6800,https://leetcode.com/problems/design-a-leaderboard,"Hash Table, Design, Sorting"
MEDIUM,Valid Sudoku,51.7,0.6515,https://leetcode.com/problems/valid-sudoku,"Array, Hash Table, Matrix"
EASY,Length of Last Word,51.7,0.5977,https://leetcode.com/problems/length-of-last-word,String
EASY,Fibonacci Number,51.7,0.7468,https://leetcode.com/problems/fibonacci-number,"Math, Dynamic Programming, Recursion, Memoization"
MEDIUM,Integer to Roman,51.0,0.7172,https://leetcode.com/problems/integer-to-roman,"Hash Table, Math, String"
MEDIUM,Edit Distance,51.0,0.6134,https://leetcode.com/problems/edit-distance,"String, Dynamic Programming"
MEDIUM,Minimum Size Subarray Sum,51.0,0.5300,https://leetcode.com/problems/minimum-size-subarray-sum,"Array, Binary Search, Sliding Window, Prefix Sum"
MEDIUM,Count Unhappy Friends,51.0,0.6270,https://leetcode.com/problems/count-unhappy-friends,"Array, Simulation"
MEDIUM,Jump Game II,51.0,0.4356,https://leetcode.com/problems/jump-game-ii,"Array, Dynamic Programming, Greedy"
MEDIUM,Longest Increasing Subsequence,51.0,0.6001,https://leetcode.com/problems/longest-increasing-subsequence,"Array, Binary Search, Dynamic Programming, Longest Increasing Subsequence"
HARD,Split Array Largest Sum,51.0,0.6149,https://leetcode.com/problems/split-array-largest-sum,"Array, Binary Search, Dynamic Programming, Greedy, Prefix Sum"
MEDIUM,Add Two Numbers II,50.2,0.6306,https://leetcode.com/problems/add-two-numbers-ii,"Linked List, Math, Stack"
MEDIUM,Binary Tree Zigzag Level Order Traversal,50.2,0.6455,https://leetcode.com/problems/binary-tree-zigzag-level-order-traversal,"Tree, Breadth-First Search, Binary Tree"
MEDIUM,Subsets II,50.2,0.6203,https://leetcode.com/problems/subsets-ii,"Array, Backtracking, Bit Manipulation"
EASY,Number of Recent Calls,50.2,0.7909,https://leetcode.com/problems/number-of-recent-calls,"Design, Queue, Data Stream"
MEDIUM,Populating Next Right Pointers in Each Node,50.2,0.6783,https://leetcode.com/problems/populating-next-right-pointers-in-each-node,"Linked List, Tree, Depth-First Search, Breadth-First Search, Binary Tree"
MEDIUM,Unique Paths II,50.2,0.4514,https://leetcode.com/problems/unique-paths-ii,"Array, Dynamic Programming, Matrix"
MEDIUM,Find the Duplicate Number,50.2,0.6493,https://leetcode.com/problems/find-the-duplicate-number,"Array, Two Pointers, Binary Search, Bit Manipulation, Pigeonhole Principle, Floyd's Cycle Finding Algorithm"
MEDIUM,Lexicographical Numbers,50.2,0.7639,https://leetcode.com/problems/lexicographical-numbers,"Depth-First Search, Trie"
MEDIUM,Managers with at Least 5 Direct Reports,50.2,0.4964,https://leetcode.com/problems/managers-with-at-least-5-direct-reports,Database
EASY,Happy Number,50.2,0.6032,https://leetcode.com/problems/happy-number,"Hash Table, Math, Two Pointers, Floyd's Cycle Finding Algorithm"
MEDIUM,Frequency of the Most Frequent Element,50.2,0.4524,https://leetcode.com/problems/frequency-of-the-most-frequent-element,"Array, Binary Search, Greedy, Sliding Window, Sorting, Prefix Sum"
MEDIUM,Course Schedule,50.0,0.5228,https://leetcode.com/problems/course-schedule,"Depth-First Search, Breadth-First Search, Graph Theory, Topological Sort, Directed Acyclic Graph"
MEDIUM,Design Browser History,50.0,0.7854,https://leetcode.com/problems/design-browser-history,"Array, Linked List, Stack, Design, Doubly-Linked List, Data Stream"
MEDIUM,Minimum Number of Steps to Make Two Strings Anagram,50.0,0.8260,https://leetcode.com/problems/minimum-number-of-steps-to-make-two-strings-anagram,"Hash Table, String, Counting"
MEDIUM,Top K Frequent Words,50.0,0.6064,https://leetcode.com/problems/top-k-frequent-words,"Array, Hash Table, String, Trie, Sorting, Heap (Priority Queue), Bucket Sort, Counting"
EASY,Diameter of Binary Tree,50.0,0.6629,https://leetcode.com/problems/diameter-of-binary-tree,"Tree, Depth-First Search, Binary Tree, DP on Trees"
MEDIUM,Peak Index in a Mountain Array,50.0,0.6664,https://leetcode.com/problems/peak-index-in-a-mountain-array,"Array, Binary Search, Ternary Search"
HARD,Sliding Window Maximum,50.0,0.4928,https://leetcode.com/problems/sliding-window-maximum,"Array, Queue, Sliding Window, Heap (Priority Queue), Monotonic Queue, Range Minimum/Maximum Query"
EASY,Maximum Depth of Binary Tree,50.0,0.7865,https://leetcode.com/problems/maximum-depth-of-binary-tree,"Tree, Depth-First Search, Breadth-First Search, Binary Tree"
MEDIUM,Divide Two Integers,50.0,0.2036,https://leetcode.com/problems/divide-two-integers,"Math, Bit Manipulation"
MEDIUM,Sort an Array,50.0,0.5560,https://leetcode.com/problems/sort-an-array,"Array, Divide and Conquer, Sorting, Heap (Priority Queue), Merge Sort, Bucket Sort, Radix Sort, Counting Sort"
EASY,Maximum Nesting Depth of the Parentheses,50.0,0.8511,https://leetcode.com/problems/maximum-nesting-depth-of-the-parentheses,"String, Stack, Bracket Sequences"
MEDIUM,Find the Winner of the Circular Game,50.0,0.8235,https://leetcode.com/problems/find-the-winner-of-the-circular-game,"Array, Math, Recursion, Queue, Simulation"
EASY,Remove Duplicates from Sorted List,50.0,0.5758,https://leetcode.com/problems/remove-duplicates-from-sorted-list,Linked List
EASY,Reverse Vowels of a String,50.0,0.6243,https://leetcode.com/problems/reverse-vowels-of-a-string,"Two Pointers, String"
HARD,Reverse Nodes in k-Group,50.0,0.6732,https://leetcode.com/problems/reverse-nodes-in-k-group,"Linked List, Recursion"
MEDIUM,Online Stock Span,50.0,0.6984,https://leetcode.com/problems/online-stock-span,"Stack, Design, Monotonic Stack, Data Stream"
MEDIUM,Max Consecutive Ones III,50.0,0.6850,https://leetcode.com/problems/max-consecutive-ones-iii,"Array, Binary Search, Sliding Window, Prefix Sum"
MEDIUM,Populating Next Right Pointers in Each Node II,50.0,0.5827,https://leetcode.com/problems/populating-next-right-pointers-in-each-node-ii,"Linked List, Tree, Depth-First Search, Breadth-First Search, Binary Tree"
MEDIUM,Next Greater Element II,50.0,0.6922,https://leetcode.com/problems/next-greater-element-ii,"Array, Stack, Monotonic Stack"
EASY,Big Countries,50.0,0.6890,https://leetcode.com/problems/big-countries,Database
MEDIUM,Lowest Common Ancestor of a Binary Tree,50.0,0.7017,https://leetcode.com/problems/lowest-common-ancestor-of-a-binary-tree,"Tree, Depth-First Search, Binary Tree, Binary Lifting, Lowest Common Ancestor"
EASY,Intersection of Two Linked Lists,50.0,0.6476,https://leetcode.com/problems/intersection-of-two-linked-lists,"Hash Table, Linked List, Two Pointers"
MEDIUM,Lowest Common Ancestor of a Binary Search Tree,50.0,0.7142,https://leetcode.com/problems/lowest-common-ancestor-of-a-binary-search-tree,"Tree, Depth-First Search, Binary Search Tree, Binary Tree, Binary Lifting, Lowest Common Ancestor"
MEDIUM,Odd Even Linked List,50.0,0.6280,https://leetcode.com/problems/odd-even-linked-list,Linked List
HARD,Wildcard Matching,50.0,0.3291,https://leetcode.com/problems/wildcard-matching,"String, Dynamic Programming, Greedy, Recursion"
MEDIUM,Kth Smallest Element in a BST,50.0,0.7736,https://leetcode.com/problems/kth-smallest-element-in-a-bst,"Tree, Depth-First Search, Binary Search Tree, Binary Tree"
MEDIUM,Implement Trie (Prefix Tree),50.0,0.7008,https://leetcode.com/problems/implement-trie-prefix-tree,"Hash Table, String, Design, Trie"
MEDIUM,Triangle,50.0,0.5994,https://leetcode.com/problems/triangle,"Array, Dynamic Programming"
MEDIUM,Delete Node in a Linked List,50.0,0.8445,https://leetcode.com/problems/delete-node-in-a-linked-list,Linked List
MEDIUM,Search in Rotated Sorted Array II,50.0,0.4062,https://leetcode.com/problems/search-in-rotated-sorted-array-ii,"Array, Binary Search"
HARD,Serialize and Deserialize Binary Tree,50.0,0.6118,https://leetcode.com/problems/serialize-and-deserialize-binary-tree,"String, Tree, Depth-First Search, Breadth-First Search, Design, Binary Tree"
MEDIUM,Two Sum II - Input Array Is Sorted,50.0,0.6592,https://leetcode.com/problems/two-sum-ii-input-array-is-sorted,"Array, Two Pointers, Binary Search"
MEDIUM,Second Highest Salary,50.0,0.4850,https://leetcode.com/problems/second-highest-salary,Database
MEDIUM,H-Index,50.0,0.4192,https://leetcode.com/problems/h-index,"Array, Sorting, Counting Sort"
MEDIUM,Factorial Trailing Zeroes,50.0,0.4747,https://leetcode.com/problems/factorial-trailing-zeroes,Math
MEDIUM,Capacity To Ship Packages Within D Days,50.0,0.7472,https://leetcode.com/problems/capacity-to-ship-packages-within-d-days,"Array, Binary Search"
EASY,Rising Temperature,50.0,0.5226,https://leetcode.com/problems/rising-temperature,Database
EASY,Average Time of Process per Machine,50.0,0.6704,https://leetcode.com/problems/average-time-of-process-per-machine,Database
EASY,Article Views I,50.0,0.7692,https://leetcode.com/problems/article-views-i,Database
EASY,Rotate String,50.0,0.6652,https://leetcode.com/problems/rotate-string,"String, String Matching"
MEDIUM,Evaluate Reverse Polish Notation,50.0,0.5881,https://leetcode.com/problems/evaluate-reverse-polish-notation,"Array, Math, Stack"
MEDIUM,Partition Equal Subset Sum,50.0,0.5003,https://leetcode.com/problems/partition-equal-subset-sum,"Array, Dynamic Programming, Knapsack Problem, 0-1 Knapsack"
HARD,Sudoku Solver,50.0,0.6555,https://leetcode.com/problems/sudoku-solver,"Array, Hash Table, Backtracking, Matrix, Algorithm X, Dancing Links"
EASY,Power of Two,50.0,0.5056,https://leetcode.com/problems/power-of-two,"Math, Bit Manipulation, Recursion"
EASY,Students and Examinations,50.0,0.6211,https://leetcode.com/problems/students-and-examinations,Database
EASY,Concatenation of Array,48.6,0.8999,https://leetcode.com/problems/concatenation-of-array,"Array, Simulation"
EASY,Squares of a Sorted Array,47.7,0.7418,https://leetcode.com/problems/squares-of-a-sorted-array,"Array, Two Pointers, Sorting"
EASY,Maximum Average Subarray I,46.8,0.4926,https://leetcode.com/problems/maximum-average-subarray-i,"Array, Sliding Window"
MEDIUM,Minimum Number of Days to Make m Bouquets,45.8,0.5723,https://leetcode.com/problems/minimum-number-of-days-to-make-m-bouquets,"Array, Binary Search"
EASY,Find Missing and Repeated Values,45.8,0.8302,https://leetcode.com/problems/find-missing-and-repeated-values,"Array, Hash Table, Math, Matrix"
MEDIUM,Fruit Into Baskets,45.8,0.5259,https://leetcode.com/problems/fruit-into-baskets,"Array, Hash Table, Sliding Window"
MEDIUM,Search a 2D Matrix II,44.8,0.5815,https://leetcode.com/problems/search-a-2d-matrix-ii,"Array, Binary Search, Divide and Conquer, Matrix"
HARD,Binary Tree Maximum Path Sum,44.8,0.4281,https://leetcode.com/problems/binary-tree-maximum-path-sum,"Dynamic Programming, Tree, Depth-First Search, Binary Tree, DP on Trees"
MEDIUM,Implement Magic Dictionary,44.8,0.5824,https://leetcode.com/problems/implement-magic-dictionary,"Hash Table, String, Depth-First Search, Design, Trie"
EASY,Implement Queue using Stacks,43.7,0.7031,https://leetcode.com/problems/implement-queue-using-stacks,"Stack, Design, Queue"
HARD,Longest Valid Parentheses,43.7,0.3983,https://leetcode.com/problems/longest-valid-parentheses,"String, Dynamic Programming, Stack, Bracket Sequences"
HARD,Basic Calculator,43.7,0.4723,https://leetcode.com/problems/basic-calculator,"Math, String, Stack, Recursion"
EASY,Employees Earning More Than Their Managers,43.7,0.7388,https://leetcode.com/problems/employees-earning-more-than-their-managers,Database
MEDIUM,Monthly Transactions I,43.7,0.5999,https://leetcode.com/problems/monthly-transactions-i,Database
MEDIUM,Rearrange Array Elements by Sign,43.7,0.8483,https://leetcode.com/problems/rearrange-array-elements-by-sign,"Array, Two Pointers, Simulation"
MEDIUM,Binary Tree Right Side View,42.6,0.7128,https://leetcode.com/problems/binary-tree-right-side-view,"Tree, Depth-First Search, Breadth-First Search, Binary Tree"
MEDIUM,Remove K Digits,42.6,0.3773,https://leetcode.com/problems/remove-k-digits,"String, Stack, Greedy, Monotonic Stack"
MEDIUM,Find All Anagrams in a String,42.6,0.5459,https://leetcode.com/problems/find-all-anagrams-in-a-string,"Hash Table, String, Sliding Window"
MEDIUM,Sort Characters By Frequency,42.6,0.7584,https://leetcode.com/problems/sort-characters-by-frequency,"Hash Table, String, Sorting, Heap (Priority Queue), Bucket Sort, Counting"
MEDIUM,Permutation in String,42.6,0.4980,https://leetcode.com/problems/permutation-in-string,"Hash Table, Two Pointers, String, Sliding Window"
EASY,Add Digits,42.6,0.6931,https://leetcode.com/problems/add-digits,"Math, Simulation, Number Theory"
HARD,First Missing Positive,42.6,0.4382,https://leetcode.com/problems/first-missing-positive,"Array, Hash Table"
HARD,Minimum Window Substring,42.6,0.4855,https://leetcode.com/problems/minimum-window-substring,"Hash Table, String, Sliding Window"
MEDIUM,Count Primes,42.6,0.3594,https://leetcode.com/problems/count-primes,"Array, Math, Enumeration, Number Theory, Primality Test, Sieve Theory, Prime Number Sieve"
HARD,Reverse Pairs,42.6,0.3525,https://leetcode.com/problems/reverse-pairs,"Array, Binary Search, Divide and Conquer, Binary Indexed Tree, Segment Tree, Merge Sort, Ordered Set, Treap"
MEDIUM,Largest Number,42.6,0.4385,https://leetcode.com/problems/largest-number,"Array, String, Greedy, Sorting"
EASY,Minimum Absolute Difference,42.6,0.7517,https://leetcode.com/problems/minimum-absolute-difference,"Array, Sorting"
MEDIUM,Sort List,42.6,0.6546,https://leetcode.com/problems/sort-list,"Linked List, Two Pointers, Divide and Conquer, Sorting, Merge Sort"
EASY,Kth Missing Positive Number,42.6,0.6396,https://leetcode.com/problems/kth-missing-positive-number,"Array, Binary Search"
MEDIUM,Majority Element II,41.4,0.5683,https://leetcode.com/problems/majority-element-ii,"Array, Hash Table, Sorting, Counting, Boyer–Moore Majority Vote Algorithm"
MEDIUM,Surrounded Regions,41.4,0.4635,https://leetcode.com/problems/surrounded-regions,"Array, Depth-First Search, Breadth-First Search, Union-Find, Matrix"
EASY,Binary Tree Inorder Traversal,41.4,0.8067,https://leetcode.com/problems/binary-tree-inorder-traversal,"Stack, Tree, Depth-First Search, Binary Tree"
HARD,Maximal Rectangle,41.4,0.5993,https://leetcode.com/problems/maximal-rectangle,"Array, Dynamic Programming, Stack, Matrix, Monotonic Stack"
EASY,Fizz Buzz,41.4,0.7593,https://leetcode.com/problems/fizz-buzz,"Math, String, Simulation"
EASY,Remove Linked List Elements,41.4,0.5554,https://leetcode.com/problems/remove-linked-list-elements,"Linked List, Recursion"
MEDIUM,Simplify Path,41.4,0.5152,https://leetcode.com/problems/simplify-path,"String, Stack"
MEDIUM,Accounts Merge,41.4,0.6209,https://leetcode.com/problems/accounts-merge,"Array, Hash Table, String, Depth-First Search, Breadth-First Search, Union-Find, Sorting"
MEDIUM,Course Schedule II,41.4,0.5631,https://leetcode.com/problems/course-schedule-ii,"Depth-First Search, Breadth-First Search, Graph Theory, Topological Sort"
EASY,Arranging Coins,41.4,0.4865,https://leetcode.com/problems/arranging-coins,"Math, Binary Search"
MEDIUM,Remove Duplicates from Sorted Array II,41.4,0.6533,https://leetcode.com/problems/remove-duplicates-from-sorted-array-ii,"Array, Two Pointers"
EASY,Middle of the Linked List,41.4,0.8243,https://leetcode.com/problems/middle-of-the-linked-list,"Linked List, Two Pointers"
MEDIUM,Binary Subarrays With Sum,41.4,0.6993,https://leetcode.com/problems/binary-subarrays-with-sum,"Array, Hash Table, Sliding Window, Prefix Sum"
EASY,Average Selling Price,41.4,0.3795,https://leetcode.com/problems/average-selling-price,Database
MEDIUM,House Robber II,41.4,0.4559,https://leetcode.com/problems/house-robber-ii,"Array, Dynamic Programming"
HARD,Shortest Palindrome,40.1,0.4319,https://leetcode.com/problems/shortest-palindrome,"String, Rolling Hash, String Matching, Hash Function, Manacher, Z Algorithm, Knuth–Morris–Pratt Algorithm"
MEDIUM,Longest Common Subsequence,40.1,0.5960,https://leetcode.com/problems/longest-common-subsequence,"String, Dynamic Programming, Longest Common Subsequence"
HARD,Find Median from Data Stream,40.1,0.5504,https://leetcode.com/problems/find-median-from-data-stream,"Two Pointers, Design, Sorting, Heap (Priority Queue), Data Stream"
MEDIUM,Next Greater Element III,40.1,0.3565,https://leetcode.com/problems/next-greater-element-iii,"Math, Two Pointers, String"
MEDIUM,Flatten Binary Tree to Linked List,40.1,0.7156,https://leetcode.com/problems/flatten-binary-tree-to-linked-list,"Linked List, Stack, Tree, Depth-First Search, Binary Tree"
EASY,Sort Array by Increasing Frequency,40.1,0.8108,https://leetcode.com/problems/sort-array-by-increasing-frequency,"Array, Hash Table, Sorting"
MEDIUM,Diagonal Traverse,40.1,0.6748,https://leetcode.com/problems/diagonal-traverse,"Array, Matrix, Simulation"
MEDIUM,Linked List Cycle II,40.1,0.5927,https://leetcode.com/problems/linked-list-cycle-ii,"Hash Table, Linked List, Two Pointers, Floyd's Cycle Finding Algorithm"
MEDIUM,Combination Sum II,38.7,0.6022,https://leetcode.com/problems/combination-sum-ii,"Array, Backtracking"
MEDIUM,Design Hit Counter,38.7,0.6975,https://leetcode.com/problems/design-hit-counter,"Array, Binary Search, Design, Queue, Data Stream"
MEDIUM,Reverse Linked List II,38.7,0.5247,https://leetcode.com/problems/reverse-linked-list-ii,Linked List
EASY,Implement Stack using Queues,38.7,0.7052,https://leetcode.com/problems/implement-stack-using-queues,"Stack, Design, Queue"
MEDIUM,Non-overlapping Intervals,38.7,0.5777,https://leetcode.com/problems/non-overlapping-intervals,"Array, Dynamic Programming, Greedy, Sorting"
MEDIUM,Count and Say,38.7,0.6392,https://leetcode.com/problems/count-and-say,String
MEDIUM,Sum of Subarray Minimums,38.7,0.3901,https://leetcode.com/problems/sum-of-subarray-minimums,"Array, Dynamic Programming, Stack, Monotonic Stack"
EASY,Add Two Integers,38.7,0.8808,https://leetcode.com/problems/add-two-integers,Math
EASY,Customers Who Never Order,38.7,0.7248,https://leetcode.com/problems/customers-who-never-order,Database
MEDIUM,Asteroid Collision,38.7,0.4914,https://leetcode.com/problems/asteroid-collision,"Array, Stack, Simulation"
EASY,Ransom Note,38.7,0.6648,https://leetcode.com/problems/ransom-note,"Hash Table, String, Counting"
MEDIUM,Contiguous Array,38.7,0.5243,https://leetcode.com/problems/contiguous-array,"Array, Hash Table, Prefix Sum"
MEDIUM,Shortest Path in Binary Matrix,38.7,0.5221,https://leetcode.com/problems/shortest-path-in-binary-matrix,"Array, Breadth-First Search, Matrix"
EASY,Reverse String II,38.7,0.5464,https://leetcode.com/problems/reverse-string-ii,"Two Pointers, String"
EASY,Unique Number of Occurrences,37.5,0.7890,https://leetcode.com/problems/unique-number-of-occurrences,"Array, Hash Table"
MEDIUM,Maximum Width of Binary Tree,37.5,0.4612,https://leetcode.com/problems/maximum-width-of-binary-tree,"Tree, Depth-First Search, Breadth-First Search, Binary Tree"
EASY,Invert Binary Tree,37.5,0.8048,https://leetcode.com/problems/invert-binary-tree,"Tree, Depth-First Search, Breadth-First Search, Binary Tree"
MEDIUM,Interleaving String,37.5,0.4485,https://leetcode.com/problems/interleaving-string,"String, Dynamic Programming"
MEDIUM,Different Ways to Add Parentheses,37.5,0.7369,https://leetcode.com/problems/different-ways-to-add-parentheses,"Math, String, Dynamic Programming, Recursion, Memoization, Bracket Sequences"
EASY,Minimum Depth of Binary Tree,37.5,0.5385,https://leetcode.com/problems/minimum-depth-of-binary-tree,"Tree, Depth-First Search, Breadth-First Search, Binary Tree"
MEDIUM,Target Sum,37.5,0.5293,https://leetcode.com/problems/target-sum,"Array, Dynamic Programming, Backtracking, Knapsack Problem, 0-1 Knapsack"
MEDIUM,Dot Product of Two Sparse Vectors,37.5,0.8987,https://leetcode.com/problems/dot-product-of-two-sparse-vectors,"Array, Hash Table, Two Pointers, Design, Linear Algebra"
MEDIUM,Boats to Save People,37.5,0.6254,https://leetcode.com/problems/boats-to-save-people,"Array, Two Pointers, Greedy, Sorting, Timsort"
MEDIUM,Even Odd Tree,37.5,0.6734,https://leetcode.com/problems/even-odd-tree,"Tree, Breadth-First Search, Binary Tree"
EASY,Truncate Sentence,37.5,0.8712,https://leetcode.com/problems/truncate-sentence,"Array, String"
EASY,Check if All the Integers in a Range Are Covered,37.5,0.5143,https://leetcode.com/problems/check-if-all-the-integers-in-a-range-are-covered,"Array, Hash Table, Prefix Sum"
EASY,Is Subsequence,37.5,0.4945,https://leetcode.com/problems/is-subsequence,"Two Pointers, String, Dynamic Programming"
EASY,Flood Fill,37.5,0.6896,https://leetcode.com/problems/flood-fill,"Array, Depth-First Search, Breadth-First Search, Matrix"
HARD,Contain Virus,37.5,0.5617,https://leetcode.com/problems/contain-virus,"Array, Depth-First Search, Breadth-First Search, Matrix, Simulation"
MEDIUM,Path In Zigzag Labelled Binary Tree,37.5,0.7587,https://leetcode.com/problems/path-in-zigzag-labelled-binary-tree,"Math, Tree, Binary Tree"
HARD,Allocate Mailboxes,37.5,0.5708,https://leetcode.com/problems/allocate-mailboxes,"Array, Math, Dynamic Programming, Sorting"
MEDIUM,Kill Process,37.5,0.7077,https://leetcode.com/problems/kill-process,"Array, Hash Table, Tree, Depth-First Search, Breadth-First Search"
MEDIUM,Sparse Matrix Multiplication,37.5,0.6938,https://leetcode.com/problems/sparse-matrix-multiplication,"Array, Hash Table, Matrix, Linear Algebra"
MEDIUM,Minimum Path Sum,37.5,0.6894,https://leetcode.com/problems/minimum-path-sum,"Array, Dynamic Programming, Matrix"
MEDIUM,Find Minimum in Rotated Sorted Array,37.5,0.5537,https://leetcode.com/problems/find-minimum-in-rotated-sorted-array,"Array, Binary Search"
MEDIUM,Valid Parenthesis String,37.5,0.4054,https://leetcode.com/problems/valid-parenthesis-string,"String, Dynamic Programming, Stack, Greedy, Bracket Sequences"
EASY,Summary Ranges,37.5,0.5478,https://leetcode.com/problems/summary-ranges,Array
MEDIUM,Remove Duplicates from Sorted List II,37.5,0.5260,https://leetcode.com/problems/remove-duplicates-from-sorted-list-ii,"Linked List, Two Pointers"
HARD,Design Search Autocomplete System,37.5,0.5009,https://leetcode.com/problems/design-search-autocomplete-system,"String, Depth-First Search, Design, Trie, Sorting, Heap (Priority Queue), Data Stream"
EASY,Range Sum Query - Immutable,37.5,0.7355,https://leetcode.com/problems/range-sum-query-immutable,"Array, Design, Prefix Sum"
MEDIUM,Delete Node in a BST,37.5,0.5545,https://leetcode.com/problems/delete-node-in-a-bst,"Tree, Binary Search Tree, Binary Tree"
MEDIUM,Permutations II,37.5,0.6426,https://leetcode.com/problems/permutations-ii,"Array, Backtracking, Sorting"
HARD,Substring with Concatenation of All Words,37.5,0.3533,https://leetcode.com/problems/substring-with-concatenation-of-all-words,"Hash Table, String, Sliding Window"
EASY,Find Pivot Index,37.5,0.6394,https://leetcode.com/problems/find-pivot-index,"Array, Prefix Sum"
MEDIUM,Best Time to Buy and Sell Stock with Transaction Fee,37.5,0.7263,https://leetcode.com/problems/best-time-to-buy-and-sell-stock-with-transaction-fee,"Array, Dynamic Programming, Greedy"
EASY,Cousins in Binary Tree,37.5,0.5985,https://leetcode.com/problems/cousins-in-binary-tree,"Tree, Depth-First Search, Breadth-First Search, Binary Tree"
MEDIUM,Increasing Triplet Subsequence,37.5,0.3965,https://leetcode.com/problems/increasing-triplet-subsequence,"Array, Greedy, Longest Increasing Subsequence"
MEDIUM,Path Sum II,37.5,0.6299,https://leetcode.com/problems/path-sum-ii,"Backtracking, Tree, Depth-First Search, Binary Tree"
EASY,First Bad Version,37.5,0.4770,https://leetcode.com/problems/first-bad-version,"Binary Search, Interactive"
EASY,Running Sum of 1d Array,37.5,0.8710,https://leetcode.com/problems/running-sum-of-1d-array,"Array, Prefix Sum"
MEDIUM,Trim a Binary Search Tree,37.5,0.6687,https://leetcode.com/problems/trim-a-binary-search-tree,"Tree, Depth-First Search, Binary Search Tree, Binary Tree"
MEDIUM,Shortest Path to Get Food,37.5,0.5732,https://leetcode.com/problems/shortest-path-to-get-food,"Array, Breadth-First Search, Matrix"
HARD,Find in Mountain Array,37.5,0.4205,https://leetcode.com/problems/find-in-mountain-array,"Array, Binary Search, Interactive, Ternary Search"
HARD,Partition Array Into Two Arrays to Minimize Sum Difference,37.5,0.2465,https://leetcode.com/problems/partition-array-into-two-arrays-to-minimize-sum-difference,"Array, Two Pointers, Binary Search, Dynamic Programming, Bit Manipulation, Meet in the Middle, Sorting, Ordered Set, Bitmask"
MEDIUM,Combinations,37.5,0.7523,https://leetcode.com/problems/combinations,Backtracking
MEDIUM,Partition List,37.5,0.6217,https://leetcode.com/problems/partition-list,"Linked List, Two Pointers"
HARD,Read N Characters Given read4 II - Call Multiple Times,37.5,0.4337,https://leetcode.com/problems/read-n-characters-given-read4-ii-call-multiple-times,"Array, Simulation, Interactive"
EASY,Palindrome Permutation,37.5,0.6872,https://leetcode.com/problems/palindrome-permutation,"Hash Table, String, Bit Manipulation"
MEDIUM,Exchange Seats,37.5,0.7494,https://leetcode.com/problems/exchange-seats,Database
MEDIUM,Maximum Number of Accepted Invitations,37.5,0.5275,https://leetcode.com/problems/maximum-number-of-accepted-invitations,"Array, Depth-First Search, Graph Theory, Matrix, Maximum Flow, Maximum Matching, Bipartite Graph, Edmonds–Karp Algorithm, MPM Algorithm, Push-Relabel Algorithm, Matching (Graph), Flow Network, Dinic's Algorithm"
EASY,Shortest Distance to Target String in a Circular Array,37.5,0.6504,https://leetcode.com/problems/shortest-distance-to-target-string-in-a-circular-array,"Array, String"
MEDIUM,Nth Highest Salary,37.5,0.4029,https://leetcode.com/problems/nth-highest-salary,Database
HARD,Maximum Profit in Job Scheduling,37.5,0.5484,https://leetcode.com/problems/maximum-profit-in-job-scheduling,"Array, Binary Search, Dynamic Programming, Sorting"
MEDIUM,Perfect Squares,37.5,0.5692,https://leetcode.com/problems/perfect-squares,"Math, Dynamic Programming, Breadth-First Search, Knapsack Problem, Complete Knapsack"
HARD,Number of Digit One,37.5,0.3993,https://leetcode.com/problems/number-of-digit-one,"Math, Dynamic Programming, Recursion"
MEDIUM,Single Number II,37.5,0.6792,https://leetcode.com/problems/single-number-ii,"Array, Bit Manipulation"
EASY,Employee Bonus,37.5,0.7818,https://leetcode.com/problems/employee-bonus,Database
MEDIUM,Subarray Sums Divisible by K,37.5,0.5679,https://leetcode.com/problems/subarray-sums-divisible-by-k,"Array, Hash Table, Prefix Sum"
MEDIUM,Immediate Food Delivery II,37.5,0.5710,https://leetcode.com/problems/immediate-food-delivery-ii,Database
MEDIUM,Maximum Sum of Distinct Subarrays With Length K,37.5,0.4354,https://leetcode.com/problems/maximum-sum-of-distinct-subarrays-with-length-k,"Array, Hash Table, Sliding Window"
MEDIUM,Reordered Power of 2,37.5,0.6587,https://leetcode.com/problems/reordered-power-of-2,"Hash Table, Math, Sorting, Counting, Enumeration"
MEDIUM,Consecutive Numbers,37.5,0.4948,https://leetcode.com/problems/consecutive-numbers,Database
EASY,Assign Cookies,37.5,0.5554,https://leetcode.com/problems/assign-cookies,"Array, Two Pointers, Greedy, Sorting, Quicksort"
EASY,Find Customer Referee,37.5,0.7360,https://leetcode.com/problems/find-customer-referee,Database
EASY,Remove Outermost Parentheses,37.5,0.8749,https://leetcode.com/problems/remove-outermost-parentheses,"String, Stack, Bracket Sequences"
EASY,Queries Quality and Percentage,37.5,0.5507,https://leetcode.com/problems/queries-quality-and-percentage,Database
EASY,Replace Employee ID With The Unique Identifier,37.5,0.8388,https://leetcode.com/problems/replace-employee-id-with-the-unique-identifier,Database
MEDIUM,Count Good Numbers,37.5,0.5814,https://leetcode.com/problems/count-good-numbers,"Math, Recursion"
MEDIUM,Confirmation Rate,37.5,0.6286,https://leetcode.com/problems/confirmation-rate,Database
MEDIUM,Product Price at a Given Date,37.5,0.5867,https://leetcode.com/problems/product-price-at-a-given-date,Database
MEDIUM,Maximum Swap,37.5,0.5211,https://leetcode.com/problems/maximum-swap,"Math, Greedy"
MEDIUM,Repeated DNA Sequences,37.5,0.5410,https://leetcode.com/problems/repeated-dna-sequences,"Hash Table, String, Bit Manipulation, Sliding Window, Rolling Hash, Hash Function, Z Algorithm, Boyer–Moore String-Search Algorithm"
MEDIUM,Basic Calculator II,37.5,0.4721,https://leetcode.com/problems/basic-calculator-ii,"Math, String, Stack"
EASY,Find the Difference,37.5,0.6074,https://leetcode.com/problems/find-the-difference,"Hash Table, String, Bit Manipulation, Sorting"
MEDIUM,Redundant Connection,37.5,0.6826,https://leetcode.com/problems/redundant-connection,"Depth-First Search, Breadth-First Search, Union-Find, Graph Theory"
EASY,Lemonade Change,37.5,0.5949,https://leetcode.com/problems/lemonade-change,"Array, Greedy"
EASY,Build Array from Permutation,37.5,0.9111,https://leetcode.com/problems/build-array-from-permutation,"Array, Simulation"
EASY,Power of Three,37.5,0.5168,https://leetcode.com/problems/power-of-three,"Math, Recursion"
MEDIUM,Multiply Strings,37.5,0.4477,https://leetcode.com/problems/multiply-strings,"Math, String, Simulation"
MEDIUM,Remove Duplicate Letters,37.5,0.5453,https://leetcode.com/problems/remove-duplicate-letters,"String, Stack, Greedy, Monotonic Stack"
MEDIUM,Sum of Two Integers,37.5,0.5578,https://leetcode.com/problems/sum-of-two-integers,"Math, Bit Manipulation"
MEDIUM,132 Pattern,37.5,0.3514,https://leetcode.com/problems/132-pattern,"Array, Binary Search, Stack, Monotonic Stack, Ordered Set"
MEDIUM,Continuous Subarray Sum,37.5,0.3169,https://leetcode.com/problems/continuous-subarray-sum,"Array, Hash Table, Math, Prefix Sum, Pigeonhole Principle"
EASY,Set Mismatch,37.5,0.4326,https://leetcode.com/problems/set-mismatch,"Array, Hash Table, Bit Manipulation, Sorting"
EASY,Greatest Common Divisor of Strings,37.5,0.5447,https://leetcode.com/problems/greatest-common-divisor-of-strings,"Math, String, Euclidean Algorithm, Greatest Common Divisor"
MEDIUM,Number of Substrings Containing All Three Characters,37.5,0.7444,https://leetcode.com/problems/number-of-substrings-containing-all-three-characters,"Hash Table, String, Sliding Window"
EASY,Find if Path Exists in Graph,37.5,0.5587,https://leetcode.com/problems/find-if-path-exists-in-graph,"Depth-First Search, Breadth-First Search, Union-Find, Graph Theory"
EASY,How Many Numbers Are Smaller Than the Current Number,37.5,0.8747,https://leetcode.com/problems/how-many-numbers-are-smaller-than-the-current-number,"Array, Hash Table, Sorting, Counting Sort"
MEDIUM,Letter Tile Possibilities,37.5,0.8353,https://leetcode.com/problems/letter-tile-possibilities,"Hash Table, String, Backtracking, Counting"
MEDIUM,Partition Array According to Given Pivot,37.5,0.9075,https://leetcode.com/problems/partition-array-according-to-given-pivot,"Array, Two Pointers, Simulation"
HARD,Permutation Sequence,37.5,0.5441,https://leetcode.com/problems/permutation-sequence,"Math, Recursion"
EASY,Jewels and Stones,37.5,0.8968,https://leetcode.com/problems/jewels-and-stones,"Hash Table, String"
EASY,Duplicate Emails,37.5,0.7446,https://leetcode.com/problems/duplicate-emails,Database
MEDIUM,Product Sales Analysis III,37.5,0.4667,https://leetcode.com/problems/product-sales-analysis-iii,Database
EASY,Excel Sheet Column Title,33.8,0.4770,https://leetcode.com/problems/excel-sheet-column-title,"Math, String"
EASY,Maximum Product of Three Numbers,31.9,0.4828,https://leetcode.com/problems/maximum-product-of-three-numbers,"Array, Math, Sorting"
EASY,Remove All Adjacent Duplicates In String,31.9,0.7413,https://leetcode.com/problems/remove-all-adjacent-duplicates-in-string,"String, Stack"
MEDIUM,Task Scheduler,31.9,0.6390,https://leetcode.com/problems/task-scheduler,"Array, Hash Table, Greedy, Sorting, Heap (Priority Queue), Counting"
MEDIUM,Find Eventual Safe States,31.9,0.7161,https://leetcode.com/problems/find-eventual-safe-states,"Depth-First Search, Breadth-First Search, Graph Theory, Topological Sort, Kosaraju's Algorithm, Tarjan's SCC Algorithm"
HARD,Subarrays with K Different Integers,31.9,0.6909,https://leetcode.com/problems/subarrays-with-k-different-integers,"Array, Hash Table, Sliding Window, Counting"
MEDIUM,Insert Interval,31.9,0.4607,https://leetcode.com/problems/insert-interval,Array
MEDIUM,Palindromic Substrings,31.9,0.7327,https://leetcode.com/problems/palindromic-substrings,"Two Pointers, String, Dynamic Programming"
MEDIUM,Subarray Product Less Than K,31.9,0.5490,https://leetcode.com/problems/subarray-product-less-than-k,"Array, Binary Search, Sliding Window, Prefix Sum"
EASY,Shuffle the Array,31.9,0.8866,https://leetcode.com/problems/shuffle-the-array,Array
MEDIUM,Heaters,31.9,0.4268,https://leetcode.com/problems/heaters,"Array, Two Pointers, Binary Search, Sorting"
MEDIUM,Minimum Add to Make Parentheses Valid,31.9,0.7423,https://leetcode.com/problems/minimum-add-to-make-parentheses-valid,"String, Stack, Greedy, Bracket Sequences"
EASY,Rank Transform of an Array,31.9,0.7399,https://leetcode.com/problems/rank-transform-of-an-array,"Array, Hash Table, Sorting"
MEDIUM,Elimination Game,29.7,0.4689,https://leetcode.com/problems/elimination-game,"Math, Recursion"
EASY,Can Place Flowers,29.7,0.2931,https://leetcode.com/problems/can-place-flowers,"Array, Greedy"
MEDIUM,Sum of Square Numbers,29.7,0.3705,https://leetcode.com/problems/sum-of-square-numbers,"Math, Two Pointers, Binary Search"
EASY,Valid Palindrome II,29.7,0.4480,https://leetcode.com/problems/valid-palindrome-ii,"Two Pointers, String, Greedy"
MEDIUM,Cheapest Flights Within K Stops,29.7,0.4262,https://leetcode.com/problems/cheapest-flights-within-k-stops,"Dynamic Programming, Depth-First Search, Breadth-First Search, Graph Theory, Heap (Priority Queue), Shortest Path"
MEDIUM,Max Area of Island,29.7,0.7427,https://leetcode.com/problems/max-area-of-island,"Array, Depth-First Search, Breadth-First Search, Union-Find, Matrix"
MEDIUM,Find All Duplicates in an Array,29.7,0.7718,https://leetcode.com/problems/find-all-duplicates-in-an-array,"Array, Hash Table, Sorting"
HARD,Count of Smaller Numbers After Self,29.7,0.4410,https://leetcode.com/problems/count-of-smaller-numbers-after-self,"Array, Binary Search, Divide and Conquer, Binary Indexed Tree, Segment Tree, Merge Sort, Ordered Set, Treap"
EASY,Third Maximum Number,29.7,0.4045,https://leetcode.com/problems/third-maximum-number,"Array, Sorting"
EASY,Find All Numbers Disappeared in an Array,29.7,0.6468,https://leetcode.com/problems/find-all-numbers-disappeared-in-an-array,"Array, Hash Table"
EASY,Ugly Number,29.7,0.4424,https://leetcode.com/problems/ugly-number,Math
MEDIUM,Largest Divisible Subset,29.7,0.5012,https://leetcode.com/problems/largest-divisible-subset,"Array, Math, Dynamic Programming, Sorting"
HARD,Serialize and Deserialize N-ary Tree,29.7,0.6900,https://leetcode.com/problems/serialize-and-deserialize-n-ary-tree,"String, Tree, Depth-First Search, Breadth-First Search"
MEDIUM,Reorganize String,29.7,0.5761,https://leetcode.com/problems/reorganize-string,"Hash Table, String, Greedy, Sorting, Heap (Priority Queue), Counting"
EASY,Complement of Base 10 Integer,29.7,0.6340,https://leetcode.com/problems/complement-of-base-10-integer,Bit Manipulation
EASY,Number of Good Pairs,29.7,0.8994,https://leetcode.com/problems/number-of-good-pairs,"Array, Hash Table, Math, Counting"
EASY,Customer Who Visited but Did Not Make Any Transactions,29.7,0.6870,https://leetcode.com/problems/customer-who-visited-but-did-not-make-any-transactions,Database
EASY,Number of Students Unable to Eat Lunch,29.7,0.8004,https://leetcode.com/problems/number-of-students-unable-to-eat-lunch,"Array, Stack, Queue, Simulation"
MEDIUM,Friend Requests II: Who Has the Most Friends,29.7,0.6378,https://leetcode.com/problems/friend-requests-ii-who-has-the-most-friends,Database
EASY,Find Numbers with Even Number of Digits,29.7,0.8002,https://leetcode.com/problems/find-numbers-with-even-number-of-digits,"Array, Math"
MEDIUM,Restaurant Growth,29.7,0.5996,https://leetcode.com/problems/restaurant-growth,Database
HARD,Text Justification,29.7,0.5226,https://leetcode.com/problems/text-justification,"Array, String, Simulation"
EASY,Check if the Sentence Is Pangram,29.7,0.8435,https://leetcode.com/problems/check-if-the-sentence-is-pangram,"Hash Table, String"
EASY,Delete Duplicate Emails,29.7,0.6694,https://leetcode.com/problems/delete-duplicate-emails,Database
MEDIUM,Rank Scores,29.7,0.6892,https://leetcode.com/problems/rank-scores,Database
MEDIUM,Last Person to Fit in the Bus,29.7,0.7007,https://leetcode.com/problems/last-person-to-fit-in-the-bus,Database
MEDIUM,Sum of Beauty of All Substrings,29.7,0.7491,https://leetcode.com/problems/sum-of-beauty-of-all-substrings,"Hash Table, String, Counting"
MEDIUM,Candy Crush,27.3,0.7768,https://leetcode.com/problems/candy-crush,"Array, Two Pointers, Matrix, Simulation"
MEDIUM,Decode Ways,27.3,0.3866,https://leetcode.com/problems/decode-ways,"String, Dynamic Programming"
MEDIUM,Find K Closest Elements,27.3,0.5013,https://leetcode.com/problems/find-k-closest-elements,"Array, Two Pointers, Binary Search, Sliding Window, Sorting, Heap (Priority Queue)"
MEDIUM,Recover Binary Search Tree,27.3,0.6112,https://leetcode.com/problems/recover-binary-search-tree,"Tree, Depth-First Search, Binary Search Tree, Binary Tree"
EASY,Min Cost Climbing Stairs,27.3,0.6877,https://leetcode.com/problems/min-cost-climbing-stairs,"Array, Dynamic Programming"
MEDIUM,Clone Graph,27.3,0.6626,https://leetcode.com/problems/clone-graph,"Hash Table, Depth-First Search, Breadth-First Search, Graph Theory"
MEDIUM,01 Matrix,27.3,0.5498,https://leetcode.com/problems/01-matrix,"Array, Dynamic Programming, Breadth-First Search, Matrix"
EASY,Island Perimeter,27.3,0.7442,https://leetcode.com/problems/island-perimeter,"Array, Depth-First Search, Breadth-First Search, Matrix"
HARD,Word Ladder II,27.3,0.2813,https://leetcode.com/problems/word-ladder-ii,"Hash Table, String, Backtracking, Breadth-First Search, Bidirectional Search"
HARD,Best Time to Buy and Sell Stock III,27.3,0.5481,https://leetcode.com/problems/best-time-to-buy-and-sell-stock-iii,"Array, Dynamic Programming"
EASY,Path Sum,27.3,0.5577,https://leetcode.com/problems/path-sum,"Tree, Depth-First Search, Breadth-First Search, Binary Tree"
EASY,Sort Array By Parity,27.3,0.7669,https://leetcode.com/problems/sort-array-by-parity,"Array, Two Pointers, Sorting"
EASY,Word Pattern,27.3,0.4471,https://leetcode.com/problems/word-pattern,"Hash Table, String"
MEDIUM,Single Number III,27.3,0.7011,https://leetcode.com/problems/single-number-iii,"Array, Bit Manipulation"
EASY,The Number of Employees Which Report to Each Employee,27.3,0.5396,https://leetcode.com/problems/the-number-of-employees-which-report-to-each-employee,Database
EASY,Largest Odd Number in String,27.3,0.6817,https://leetcode.com/problems/largest-odd-number-in-string,"Math, String, Greedy"
EASY,Counter,27.3,0.8244,https://leetcode.com/problems/counter,
HARD,Insert Delete GetRandom O(1) - Duplicates allowed,27.3,0.3705,https://leetcode.com/problems/insert-delete-getrandom-o1-duplicates-allowed,"Array, Hash Table, Math, Design, Randomized"
EASY,Finding 3-Digit Even Numbers,27.3,0.7882,https://leetcode.com/problems/finding-3-digit-even-numbers,"Array, Hash Table, Recursion, Sorting, Enumeration"
EASY,Perfect Number,27.3,0.5030,https://leetcode.com/problems/perfect-number,Math
HARD,N-Queens II,27.3,0.7938,https://leetcode.com/problems/n-queens-ii,"Backtracking, Algorithm X"
EASY,Valid Perfect Square,27.3,0.4512,https://leetcode.com/problems/valid-perfect-square,"Math, Binary Search"
MEDIUM,Time Based Key-Value Store,27.3,0.5022,https://leetcode.com/problems/time-based-key-value-store,"Hash Table, String, Binary Search, Design"
EASY,Kids With the Greatest Number of Candies,27.3,0.8799,https://leetcode.com/problems/kids-with-the-greatest-number-of-candies,Array
MEDIUM,Remove All Occurrences of a Substring,27.3,0.7870,https://leetcode.com/problems/remove-all-occurrences-of-a-substring,"String, Stack, Simulation"
EASY,Can Make Arithmetic Progression From Sequence,27.3,0.6868,https://leetcode.com/problems/can-make-arithmetic-progression-from-sequence,"Array, Sorting"
EASY,Count Binary Substrings,27.3,0.7060,https://leetcode.com/problems/count-binary-substrings,"Two Pointers, String"
EASY,Transpose Matrix,27.3,0.7730,https://leetcode.com/problems/transpose-matrix,"Array, Matrix, Simulation"
EASY,Counting Bits,25.0,0.8077,https://leetcode.com/problems/counting-bits,"Dynamic Programming, Bit Manipulation"
MEDIUM,Binary Search Tree Iterator,25.0,0.7703,https://leetcode.com/problems/binary-search-tree-iterator,"Stack, Tree, Design, Binary Search Tree, Binary Tree, Iterator"
MEDIUM,Coin Change II,25.0,0.5914,https://leetcode.com/problems/coin-change-ii,"Array, Dynamic Programming, Knapsack Problem, Complete Knapsack"
EASY,Intersection of Two Arrays II,25.0,0.6038,https://leetcode.com/problems/intersection-of-two-arrays-ii,"Array, Hash Table, Two Pointers, Binary Search, Sorting"
MEDIUM,Longest Palindromic Subsequence,25.0,0.6593,https://leetcode.com/problems/longest-palindromic-subsequence,"String, Dynamic Programming"
MEDIUM,Car Pooling,25.0,0.5654,https://leetcode.com/problems/car-pooling,"Array, Sorting, Heap (Priority Queue), Simulation, Prefix Sum"
EASY,Guess Number Higher or Lower,25.0,0.5838,https://leetcode.com/problems/guess-number-higher-or-lower,"Binary Search, Interactive"
HARD,Couples Holding Hands,25.0,0.5980,https://leetcode.com/problems/couples-holding-hands,"Greedy, Depth-First Search, Breadth-First Search, Union-Find, Graph Theory"
MEDIUM,Next Greater Node In Linked List,25.0,0.6487,https://leetcode.com/problems/next-greater-node-in-linked-list,"Array, Linked List, Stack, Monotonic Stack"
EASY,Backspace String Compare,25.0,0.5027,https://leetcode.com/problems/backspace-string-compare,"Two Pointers, String, Stack, Simulation"
EASY,Minimum Cost to Move Chips to The Same Position,25.0,0.7328,https://leetcode.com/problems/minimum-cost-to-move-chips-to-the-same-position,"Array, Math, Greedy"
MEDIUM,Maximum XOR of Two Numbers in an Array,25.0,0.5378,https://leetcode.com/problems/maximum-xor-of-two-numbers-in-an-array,"Array, Hash Table, Bit Manipulation, Trie"
MEDIUM,Number of Longest Increasing Subsequence,25.0,0.5277,https://leetcode.com/problems/number-of-longest-increasing-subsequence,"Array, Dynamic Programming, Binary Indexed Tree, Segment Tree, Longest Increasing Subsequence"
MEDIUM,Sum Root to Leaf Numbers,25.0,0.7042,https://leetcode.com/problems/sum-root-to-leaf-numbers,"Tree, Depth-First Search, Binary Tree"
HARD,Reconstruct Itinerary,25.0,0.4505,https://leetcode.com/problems/reconstruct-itinerary,"Array, String, Depth-First Search, Graph Theory, Sorting, Heap (Priority Queue), Eulerian Circuit, Eulerian Path, Semi-Eulerian Graph"
EASY,Subtree of Another Tree,25.0,0.5224,https://leetcode.com/problems/subtree-of-another-tree,"Tree, Depth-First Search, String Matching, Binary Tree, Hash Function"
EASY,Convert Sorted Array to Binary Search Tree,25.0,0.7615,https://leetcode.com/problems/convert-sorted-array-to-binary-search-tree,"Array, Divide and Conquer, Tree, Binary Search Tree, Binary Tree"
HARD,Max Points on a Line,25.0,0.3151,https://leetcode.com/problems/max-points-on-a-line,"Array, Hash Table, Math, Geometry, Euclidean Algorithm, Greatest Common Divisor"
MEDIUM,Count Complete Tree Nodes,25.0,0.7240,https://leetcode.com/problems/count-complete-tree-nodes,"Binary Search, Bit Manipulation, Tree, Binary Tree"
EASY,Binary Tree Preorder Traversal,25.0,0.7674,https://leetcode.com/problems/binary-tree-preorder-traversal,"Stack, Tree, Depth-First Search, Binary Tree"
EASY,Find Common Characters,25.0,0.7486,https://leetcode.com/problems/find-common-characters,"Array, Hash Table, String"
MEDIUM,All Nodes Distance K in Binary Tree,25.0,0.6813,https://leetcode.com/problems/all-nodes-distance-k-in-binary-tree,"Hash Table, Tree, Depth-First Search, Breadth-First Search, Binary Tree"
HARD,Making A Large Island,25.0,0.5725,https://leetcode.com/problems/making-a-large-island,"Array, Depth-First Search, Breadth-First Search, Union-Find, Matrix"
HARD,Critical Connections in a Network,25.0,0.6062,https://leetcode.com/problems/critical-connections-in-a-network,"Depth-First Search, Graph Theory, Biconnected Component, Bridge (Graph)"
EASY,User Activity for the Past 30 Days I,25.0,0.5171,https://leetcode.com/problems/user-activity-for-the-past-30-days-i,Database
HARD,Trips and Users,25.0,0.3926,https://leetcode.com/problems/trips-and-users,Database
MEDIUM,Design Add and Search Words Data Structure,25.0,0.4907,https://leetcode.com/problems/design-add-and-search-words-data-structure,"String, Depth-First Search, Design, Trie"
MEDIUM,Car Fleet,25.0,0.5573,https://leetcode.com/problems/car-fleet,"Array, Stack, Sorting, Monotonic Stack"
HARD,Smallest Range Covering Elements from K Lists,25.0,0.7039,https://leetcode.com/problems/smallest-range-covering-elements-from-k-lists,"Array, Hash Table, Greedy, Sliding Window, Sorting, Heap (Priority Queue)"
MEDIUM,Find Root of N-Ary Tree,25.0,0.7858,https://leetcode.com/problems/find-root-of-n-ary-tree,"Hash Table, Bit Manipulation, Tree, Depth-First Search"
EASY,Minimum Time Visiting All Points,25.0,0.8486,https://leetcode.com/problems/minimum-time-visiting-all-points,"Array, Math, Geometry"
MEDIUM,Maximum Width Ramp,25.0,0.5595,https://leetcode.com/problems/maximum-width-ramp,"Array, Two Pointers, Stack, Monotonic Stack"
EASY,Longest Strictly Increasing or Strictly Decreasing Subarray,25.0,0.6480,https://leetcode.com/problems/longest-strictly-increasing-or-strictly-decreasing-subarray,Array
MEDIUM,Reverse Substrings Between Each Pair of Parentheses,25.0,0.7212,https://leetcode.com/problems/reverse-substrings-between-each-pair-of-parentheses,"String, Stack, Bracket Sequences"
EASY,Primary Department for Each Employee,25.0,0.7556,https://leetcode.com/problems/primary-department-for-each-employee,Database
MEDIUM,Tuple with Same Product,25.0,0.7006,https://leetcode.com/problems/tuple-with-same-product,"Array, Hash Table, Counting"
MEDIUM,Max Sum of a Pair With Equal Sum of Digits,25.0,0.6592,https://leetcode.com/problems/max-sum-of-a-pair-with-equal-sum-of-digits,"Array, Hash Table, Sorting, Heap (Priority Queue)"
HARD,Distinct Subsequences,25.0,0.5430,https://leetcode.com/problems/distinct-subsequences,"String, Dynamic Programming"
MEDIUM,Ugly Number II,25.0,0.4983,https://leetcode.com/problems/ugly-number-ii,"Hash Table, Math, Dynamic Programming, Heap (Priority Queue)"
EASY,Longest Palindrome,25.0,0.5627,https://leetcode.com/problems/longest-palindrome,"Hash Table, String, Greedy"
EASY,Repeated Substring Pattern,25.0,0.4884,https://leetcode.com/problems/repeated-substring-pattern,"String, String Matching, Z Algorithm, Knuth–Morris–Pratt Algorithm"
EASY,Array Partition,25.0,0.8222,https://leetcode.com/problems/array-partition,"Array, Greedy, Sorting, Counting Sort"
EASY,Not Boring Movies,25.0,0.7523,https://leetcode.com/problems/not-boring-movies,Database
EASY,Defanging an IP Address,25.0,0.9017,https://leetcode.com/problems/defanging-an-ip-address,String
EASY,Check If N and Its Double Exist,25.0,0.4207,https://leetcode.com/problems/check-if-n-and-its-double-exist,"Array, Hash Table, Two Pointers, Binary Search, Sorting"
MEDIUM,Number of Subsequences That Satisfy the Given Sum Condition,25.0,0.4896,https://leetcode.com/problems/number-of-subsequences-that-satisfy-the-given-sum-condition,"Array, Two Pointers, Binary Search, Sorting"
MEDIUM,House Robber IV,25.0,0.6450,https://leetcode.com/problems/house-robber-iv,"Array, Binary Search, Dynamic Programming, Greedy"
EASY,Create a DataFrame from List,25.0,0.8082,https://leetcode.com/problems/create-a-dataframe-from-list,
EASY,Score of a String,25.0,0.9122,https://leetcode.com/problems/score-of-a-string,String
EASY,Employees Whose Manager Left the Company,25.0,0.4895,https://leetcode.com/problems/employees-whose-manager-left-the-company,Database
HARD,Find K-th Smallest Pair Distance,25.0,0.4685,https://leetcode.com/problems/find-k-th-smallest-pair-distance,"Array, Two Pointers, Binary Search, Sorting"
MEDIUM,Movie Rating,25.0,0.4458,https://leetcode.com/problems/movie-rating,Database
EASY,Array Prototype Last,25.0,0.7468,https://leetcode.com/problems/array-prototype-last,
MEDIUM,Most Stones Removed with Same Row or Column,25.0,0.6350,https://leetcode.com/problems/most-stones-removed-with-same-row-or-column,"Hash Table, Depth-First Search, Union-Find, Graph Theory, Bipartite Graph"
EASY,Add to Array-Form of Integer,25.0,0.4571,https://leetcode.com/problems/add-to-array-form-of-integer,"Array, Math"
EASY,Find Closest Number to Zero,25.0,0.4819,https://leetcode.com/problems/find-closest-number-to-zero,Array
EASY,Reverse Bits,25.0,0.6944,https://leetcode.com/problems/reverse-bits,"Divide and Conquer, Bit Manipulation"
MEDIUM,Minimum Limit of Balls in a Bag,25.0,0.6587,https://leetcode.com/problems/minimum-limit-of-balls-in-a-bag,"Array, Binary Search"
EASY,Defuse the Bomb,25.0,0.7952,https://leetcode.com/problems/defuse-the-bomb,"Array, Sliding Window"
EASY,Two Sum IV - Input is a BST,25.0,0.6373,https://leetcode.com/problems/two-sum-iv-input-is-a-bst,"Hash Table, Two Pointers, Tree, Depth-First Search, Breadth-First Search, Binary Search Tree, Binary Tree"
EASY,Check if All Characters Have Equal Number of Occurrences,25.0,0.7974,https://leetcode.com/problems/check-if-all-characters-have-equal-number-of-occurrences,"Hash Table, String, Counting"
MEDIUM,Best Sightseeing Pair,25.0,0.6272,https://leetcode.com/problems/best-sightseeing-pair,"Array, Dynamic Programming"
HARD,Count the Number of Arrays with K Matching Adjacent Elements,25.0,0.5785,https://leetcode.com/problems/count-the-number-of-arrays-with-k-matching-adjacent-elements,"Math, Combinatorics, Fermat's Little Theorem"
MEDIUM,Unique Length-3 Palindromic Subsequences,25.0,0.7376,https://leetcode.com/problems/unique-length-3-palindromic-subsequences,"Hash Table, String, Bit Manipulation, Prefix Sum"
EASY,Clear Digits,25.0,0.8275,https://leetcode.com/problems/clear-digits,"String, Stack, Simulation"
MEDIUM,Find the Punishment Number of an Integer,25.0,0.8157,https://leetcode.com/problems/find-the-punishment-number-of-an-integer,"Math, Backtracking"
MEDIUM,Rabbits in Forest,25.0,0.5802,https://leetcode.com/problems/rabbits-in-forest,"Array, Hash Table, Math, Greedy"
MEDIUM,Angle Between Hands of a Clock,25.0,0.6992,https://leetcode.com/problems/angle-between-hands-of-a-clock,Math
HARD,Kth Smallest Product of Two Sorted Arrays,25.0,0.4871,https://leetcode.com/problems/kth-smallest-product-of-two-sorted-arrays,"Array, Binary Search"
MEDIUM,Maximum Number of Events That Can Be Attended,25.0,0.3910,https://leetcode.com/problems/maximum-number-of-events-that-can-be-attended,"Array, Greedy, Sorting, Heap (Priority Queue)"
EASY,Valid Word,25.0,0.5086,https://leetcode.com/problems/valid-word,String
EASY,Find Winner on a Tic Tac Toe Game,25.0,0.5471,https://leetcode.com/problems/find-winner-on-a-tic-tac-toe-game,"Array, Hash Table, Matrix, Simulation"
MEDIUM,Next Greater Numerically Balanced Number,25.0,0.6308,https://leetcode.com/problems/next-greater-numerically-balanced-number,"Hash Table, Math, Backtracking, Counting, Enumeration"
HARD,Bus Routes,25.0,0.4756,https://leetcode.com/problems/bus-routes,"Array, Hash Table, Breadth-First Search"
EASY,Sum of Root To Leaf Binary Numbers,25.0,0.7671,https://leetcode.com/problems/sum-of-root-to-leaf-binary-numbers,"Tree, Depth-First Search, Binary Tree"
EASY,Binary Tree Postorder Traversal,25.0,0.7908,https://leetcode.com/problems/binary-tree-postorder-traversal,"Stack, Tree, Depth-First Search, Binary Tree"
HARD,Department Top Three Salaries,25.0,0.6191,https://leetcode.com/problems/department-top-three-salaries,Database
MEDIUM,Range Sum Query 2D - Mutable,25.0,0.4596,https://leetcode.com/problems/range-sum-query-2d-mutable,"Array, Design, Binary Indexed Tree, Segment Tree, Matrix, Sqrt Decomposition"
EASY,Convert a Number to Hexadecimal,25.0,0.5501,https://leetcode.com/problems/convert-a-number-to-hexadecimal,"Math, String, Bit Manipulation"
HARD,IPO,25.0,0.5386,https://leetcode.com/problems/ipo,"Array, Greedy, Sorting, Heap (Priority Queue)"
EASY,Relative Ranks,25.0,0.7526,https://leetcode.com/problems/relative-ranks,"Array, Sorting, Heap (Priority Queue)"
MEDIUM,Find Largest Value in Each Tree Row,25.0,0.6640,https://leetcode.com/problems/find-largest-value-in-each-tree-row,"Tree, Depth-First Search, Breadth-First Search, Binary Tree"
MEDIUM,Minimum Time Difference,25.0,0.6272,https://leetcode.com/problems/minimum-time-difference,"Array, Math, String, Sorting"
EASY,Triangle Judgement,25.0,0.7531,https://leetcode.com/problems/triangle-judgement,Database
MEDIUM,Snakes and Ladders,25.0,0.4828,https://leetcode.com/problems/snakes-and-ladders,"Array, Breadth-First Search, Matrix"
MEDIUM,Number of Enclaves,25.0,0.7228,https://leetcode.com/problems/number-of-enclaves,"Array, Depth-First Search, Breadth-First Search, Union-Find, Matrix"
MEDIUM,Count Number of Nice Subarrays,25.0,0.7578,https://leetcode.com/problems/count-number-of-nice-subarrays,"Array, Hash Table, Math, Sliding Window, Prefix Sum"
MEDIUM,Find the Smallest Divisor Given a Threshold,25.0,0.6682,https://leetcode.com/problems/find-the-smallest-divisor-given-a-threshold,"Array, Binary Search"
EASY,Count Negative Numbers in a Sorted Matrix,25.0,0.7977,https://leetcode.com/problems/count-negative-numbers-in-a-sorted-matrix,"Array, Binary Search, Matrix"
HARD,Minimum Cost to Cut a Stick,25.0,0.6346,https://leetcode.com/problems/minimum-cost-to-cut-a-stick,"Array, Dynamic Programming, Sorting"
MEDIUM,Max Number of K-Sum Pairs,25.0,0.5742,https://leetcode.com/problems/max-number-of-k-sum-pairs,"Array, Hash Table, Two Pointers, Sorting"
EASY,Find the Highest Altitude,25.0,0.8464,https://leetcode.com/problems/find-the-highest-altitude,"Array, Prefix Sum"
MEDIUM,Find a Peak Element II,25.0,0.5568,https://leetcode.com/problems/find-a-peak-element-ii,"Array, Binary Search, Matrix"
EASY,Find the Maximum Achievable Number,25.0,0.9174,https://leetcode.com/problems/find-the-maximum-achievable-number,Math
EASY,Find N Unique Integers Sum up to Zero,25.0,0.7846,https://leetcode.com/problems/find-n-unique-integers-sum-up-to-zero,"Array, Math"
MEDIUM,Sum of Subarray Ranges,25.0,0.6199,https://leetcode.com/problems/sum-of-subarray-ranges,"Array, Stack, Monotonic Stack"
MEDIUM,Game Play Analysis IV,25.0,0.4255,https://leetcode.com/problems/game-play-analysis-iv,Database
MEDIUM,Customers Who Bought All Products,25.0,0.6460,https://leetcode.com/problems/customers-who-bought-all-products,Database
EASY,Invalid Tweets,25.0,0.8528,https://leetcode.com/problems/invalid-tweets,Database
EASY,Longest Harmonious Subsequence,25.0,0.6516,https://leetcode.com/problems/longest-harmonious-subsequence,"Array, Hash Table, Sliding Window, Sorting, Counting"
MEDIUM,Maximum Points You Can Obtain from Cards,25.0,0.5844,https://leetcode.com/problems/maximum-points-you-can-obtain-from-cards,"Array, Sliding Window, Prefix Sum"
MEDIUM,Count the Number of Fair Pairs,25.0,0.5256,https://leetcode.com/problems/count-the-number-of-fair-pairs,"Array, Two Pointers, Binary Search, Sorting"
MEDIUM,Shortest Subarray to be Removed to Make Array Sorted,25.0,0.5135,https://leetcode.com/problems/shortest-subarray-to-be-removed-to-make-array-sorted,"Array, Two Pointers, Binary Search, Stack, Monotonic Stack"
HARD,Expression Add Operators,25.0,0.4386,https://leetcode.com/problems/expression-add-operators,"Math, String, Backtracking"
MEDIUM,Maximum Subarray Sum With Length Divisible by K,25.0,0.4956,https://leetcode.com/problems/maximum-subarray-sum-with-length-divisible-by-k,"Array, Hash Table, Prefix Sum"
EASY,Filter Elements from Array,25.0,0.8551,https://leetcode.com/problems/filter-elements-from-array,
MEDIUM,Minimum Cost For Tickets,25.0,0.6749,https://leetcode.com/problems/minimum-cost-for-tickets,"Array, Dynamic Programming"
MEDIUM,Find the Prefix Common Array of Two Arrays,25.0,0.8828,https://leetcode.com/problems/find-the-prefix-common-array-of-two-arrays,"Array, Hash Table, Bit Manipulation"
MEDIUM,The k-th Lexicographical String of All Happy Strings of Length n,25.0,0.8708,https://leetcode.com/problems/the-k-th-lexicographical-string-of-all-happy-strings-of-length-n,"String, Backtracking"
HARD,Valid Number,25.0,0.2368,https://leetcode.com/problems/valid-number,String
MEDIUM,Maximum Candies Allocated to K Children,25.0,0.4989,https://leetcode.com/problems/maximum-candies-allocated-to-k-children,"Array, Binary Search"
MEDIUM,Longest Nice Subarray,25.0,0.6483,https://leetcode.com/problems/longest-nice-subarray,"Array, Bit Manipulation, Sliding Window"
HARD,Minimum Number of Refueling Stops,25.0,0.4194,https://leetcode.com/problems/minimum-number-of-refueling-stops,"Array, Dynamic Programming, Greedy, Heap (Priority Queue)"
EASY,Detect Capital,25.0,0.5707,https://leetcode.com/problems/detect-capital,String
EASY,  Count Symmetric Integers,25.0,0.8318,https://leetcode.com/problems/count-symmetric-integers,"Math, Enumeration"
MEDIUM,Count the Hidden Sequences,25.0,0.5667,https://leetcode.com/problems/count-the-hidden-sequences,"Array, Prefix Sum"
EASY,Find the K-th Character in String Game I,25.0,0.8163,https://leetcode.com/problems/find-the-k-th-character-in-string-game-i,"Math, Bit Manipulation, Recursion, Simulation"
EASY,Type of Triangle,25.0,0.4398,https://leetcode.com/problems/type-of-triangle,"Array, Math, Sorting, Polygons"
MEDIUM,Zero Array Transformation I,25.0,0.5456,https://leetcode.com/problems/zero-array-transformation-i,"Array, Prefix Sum"
EASY,Find All K-Distant Indices in an Array,25.0,0.7722,https://leetcode.com/problems/find-all-k-distant-indices-in-an-array,"Array, Two Pointers"
MEDIUM,Number of Matching Subsequences,25.0,0.5057,https://leetcode.com/problems/number-of-matching-subsequences,"Array, Hash Table, String, Binary Search, Dynamic Programming, Trie, Sorting"
MEDIUM,Longest Binary Subsequence Less Than or Equal to K,25.0,0.5273,https://leetcode.com/problems/longest-binary-subsequence-less-than-or-equal-to-k,"String, Dynamic Programming, Greedy, Memoization"
EASY,Find Subsequence of Length K With the Largest Sum,25.0,0.5730,https://leetcode.com/problems/find-subsequence-of-length-k-with-the-largest-sum,"Array, Hash Table, Sorting, Heap (Priority Queue)"
MEDIUM,K Closest Points to Origin,25.0,0.6942,https://leetcode.com/problems/k-closest-points-to-origin,"Array, Math, Divide and Conquer, Geometry, Sorting, Heap (Priority Queue), Quickselect, K-D Tree"
EASY,Consecutive Characters,25.0,0.6047,https://leetcode.com/problems/consecutive-characters,String
MEDIUM,Bitwise ORs of Subarrays,25.0,0.5702,https://leetcode.com/problems/bitwise-ors-of-subarrays,"Array, Dynamic Programming, Bit Manipulation"
MEDIUM,Ways to Express an Integer as Sum of Powers,25.0,0.4980,https://leetcode.com/problems/ways-to-express-an-integer-as-sum-of-powers,Dynamic Programming
EASY,Robot Return to Origin,25.0,0.7821,https://leetcode.com/problems/robot-return-to-origin,"String, Simulation"
MEDIUM,Count Submatrices With All Ones,25.0,0.7101,https://leetcode.com/problems/count-submatrices-with-all-ones,"Array, Dynamic Programming, Stack, Matrix, Monotonic Stack"
MEDIUM,Best Time to Buy and Sell Stock with Cooldown,25.0,0.6280,https://leetcode.com/problems/best-time-to-buy-and-sell-stock-with-cooldown,"Array, Dynamic Programming"
MEDIUM,Find the Minimum Area to Cover All Ones I,25.0,0.7801,https://leetcode.com/problems/find-the-minimum-area-to-cover-all-ones-i,"Array, Matrix"
EASY,Largest Triangle Area,25.0,0.7225,https://leetcode.com/problems/largest-triangle-area,"Array, Math, Geometry, Polygons"
MEDIUM,Longest Balanced Subarray I,25.0,0.6544,https://leetcode.com/problems/longest-balanced-subarray-i,"Array, Hash Table, Divide and Conquer, Segment Tree, Prefix Sum"
MEDIUM,Delete Nodes From Linked List Present in Array,25.0,0.6919,https://leetcode.com/problems/delete-nodes-from-linked-list-present-in-array,"Array, Hash Table, Linked List"
EASY,Baseball Game,25.0,0.8117,https://leetcode.com/problems/baseball-game,"Array, Stack, Simulation"
EASY,Divide an Array Into Subarrays With Minimum Cost I,25.0,0.8030,https://leetcode.com/problems/divide-an-array-into-subarrays-with-minimum-cost-i,"Array, Sorting, Enumeration"
EASY,Furthest Point From Origin,25.0,0.7728,https://leetcode.com/problems/furthest-point-from-origin,"String, Counting"
MEDIUM,Minimum Number of Arrows to Burst Balloons,25.0,0.6194,https://leetcode.com/problems/minimum-number-of-arrows-to-burst-balloons,"Array, Greedy, Sorting"
MEDIUM,Network Delay Time,25.0,0.6166,https://leetcode.com/problems/network-delay-time,"Depth-First Search, Breadth-First Search, Graph Theory, Heap (Priority Queue), Shortest Path, Dijkstra's Algorithm"
MEDIUM,Partition Array for Maximum Sum,25.0,0.7758,https://leetcode.com/problems/partition-array-for-maximum-sum,"Array, Dynamic Programming"
MEDIUM,Investments in 2016,25.0,0.5196,https://leetcode.com/problems/investments-in-2016,Database
MEDIUM,Number of People Aware of a Secret,25.0,0.6063,https://leetcode.com/problems/number-of-people-aware-of-a-secret,"Dynamic Programming, Queue, Simulation"
EASY,Last Stone Weight,25.0,0.6680,https://leetcode.com/problems/last-stone-weight,"Array, Heap (Priority Queue)"
HARD,Guess the Word,21.4,0.3657,https://leetcode.com/problems/guess-the-word,"Array, Math, String, Minimax, Interactive, Game Theory"
MEDIUM,Path With Minimum Effort,21.4,0.6408,https://leetcode.com/problems/path-with-minimum-effort,"Array, Binary Search, Depth-First Search, Breadth-First Search, Union-Find, Heap (Priority Queue), Matrix, Dijkstra's Algorithm"
MEDIUM,Unique Binary Search Trees II,21.4,0.6342,https://leetcode.com/problems/unique-binary-search-trees-ii,"Dynamic Programming, Backtracking, Tree, Binary Search Tree, Binary Tree"
EASY,Number of 1 Bits,21.4,0.7761,https://leetcode.com/problems/number-of-1-bits,"Divide and Conquer, Bit Manipulation"
MEDIUM,Delete the Middle Node of a Linked List,21.4,0.6089,https://leetcode.com/problems/delete-the-middle-node-of-a-linked-list,"Linked List, Two Pointers"
MEDIUM,Design a Todo List,21.4,0.5989,https://leetcode.com/problems/design-a-todo-list,"Array, Hash Table, String, Design, Sorting"
HARD,Maximum Score Words Formed by Letters,21.4,0.8150,https://leetcode.com/problems/maximum-score-words-formed-by-letters,"Array, Hash Table, String, Dynamic Programming, Backtracking, Bit Manipulation, Counting, Bitmask"
MEDIUM,Maximum Number of Vowels in a Substring of Given Length,21.4,0.6300,https://leetcode.com/problems/maximum-number-of-vowels-in-a-substring-of-given-length,"String, Sliding Window"
MEDIUM,New 21 Game,21.4,0.5195,https://leetcode.com/problems/new-21-game,"Math, Dynamic Programming, Sliding Window, Probability and Statistics"
EASY,Count Elements With Maximum Frequency,21.4,0.7970,https://leetcode.com/problems/count-elements-with-maximum-frequency,"Array, Hash Table, Counting"
MEDIUM,Rank Teams by Votes,21.4,0.6006,https://leetcode.com/problems/rank-teams-by-votes,"Array, Hash Table, String, Sorting, Counting"
MEDIUM,Rotate Function,21.4,0.5406,https://leetcode.com/problems/rotate-function,"Array, Math, Dynamic Programming"
EASY,Find Greatest Common Divisor of Array,21.4,0.8347,https://leetcode.com/problems/find-greatest-common-divisor-of-array,"Array, Math, Number Theory, Euclidean Algorithm, Greatest Common Divisor"
MEDIUM,Stone Game,21.4,0.7709,https://leetcode.com/problems/stone-game,"Array, Math, Dynamic Programming, Minimax, Game Theory, Zero-Sum Game"
MEDIUM,Find the Lexicographically Smallest Valid Sequence,21.4,0.5738,https://leetcode.com/problems/find-the-lexicographically-smallest-valid-sequence,"Two Pointers, String, Dynamic Programming, Greedy"
MEDIUM,Using a Robot to Print the Lexicographically Smallest String,21.4,0.6221,https://leetcode.com/problems/using-a-robot-to-print-the-lexicographically-smallest-string,"Hash Table, String, Stack, Greedy"
MEDIUM,Game of Life,17.7,0.7308,https://leetcode.com/problems/game-of-life,"Array, Matrix, Simulation"
EASY,Add Strings,17.7,0.5225,https://leetcode.com/problems/add-strings,"Math, String, Simulation"
MEDIUM,Brick Wall,17.7,0.5602,https://leetcode.com/problems/brick-wall,"Array, Hash Table"
EASY,Shortest Distance to a Character,17.7,0.7303,https://leetcode.com/problems/shortest-distance-to-a-character,"Array, Two Pointers, String"
MEDIUM,K-diff Pairs in an Array,17.7,0.4639,https://leetcode.com/problems/k-diff-pairs-in-an-array,"Array, Hash Table, Two Pointers, Binary Search, Sorting"
HARD,Burst Balloons,17.7,0.6444,https://leetcode.com/problems/burst-balloons,"Array, Dynamic Programming"
MEDIUM,Push Dominoes,17.7,0.6308,https://leetcode.com/problems/push-dominoes,"Two Pointers, String, Dynamic Programming"
EASY,Find Smallest Letter Greater Than Target,17.7,0.5971,https://leetcode.com/problems/find-smallest-letter-greater-than-target,"Array, Binary Search"
MEDIUM,Construct Binary Search Tree from Preorder Traversal,17.7,0.8465,https://leetcode.com/problems/construct-binary-search-tree-from-preorder-traversal,"Array, Stack, Tree, Binary Search Tree, Monotonic Stack, Binary Tree"
EASY,String Matching in an Array,17.7,0.6986,https://leetcode.com/problems/string-matching-in-an-array,"Array, String, String Matching"
EASY,Maximum Population Year,17.7,0.6473,https://leetcode.com/problems/maximum-population-year,"Array, Counting, Prefix Sum"
MEDIUM,Sum of Mutated Array Closest to Target,17.7,0.4673,https://leetcode.com/problems/sum-of-mutated-array-closest-to-target,"Array, Binary Search, Sorting"
MEDIUM,Number of Ways to Arrive at Destination,17.7,0.3777,https://leetcode.com/problems/number-of-ways-to-arrive-at-destination,"Dynamic Programming, Graph Theory, Topological Sort, Shortest Path, Dijkstra's Algorithm"
HARD,Integer to English Words,17.7,0.3525,https://leetcode.com/problems/integer-to-english-words,"Math, String, Recursion"
EASY,Excel Sheet Column Number,17.7,0.6849,https://leetcode.com/problems/excel-sheet-column-number,"Math, String"
MEDIUM,Find Bottom Left Tree Value,17.7,0.7264,https://leetcode.com/problems/find-bottom-left-tree-value,"Tree, Depth-First Search, Breadth-First Search, Binary Tree"
HARD,Longest Increasing Path in a Matrix,17.7,0.5709,https://leetcode.com/problems/longest-increasing-path-in-a-matrix,"Array, Dynamic Programming, Depth-First Search, Breadth-First Search, Graph Theory, Topological Sort, Memoization, Matrix, Directed Acyclic Graph"
HARD,All O`one Data Structure,17.7,0.4457,https://leetcode.com/problems/all-oone-data-structure,"Hash Table, Linked List, Design, Doubly-Linked List"
MEDIUM,Hand of Straights,17.7,0.5843,https://leetcode.com/problems/hand-of-straights,"Array, Hash Table, Greedy, Sorting"
MEDIUM,Open the Lock,17.7,0.6158,https://leetcode.com/problems/open-the-lock,"Array, Hash Table, String, Breadth-First Search, Bidirectional Search"
EASY,Kth Largest Element in a Stream,17.7,0.6162,https://leetcode.com/problems/kth-largest-element-in-a-stream,"Tree, Design, Binary Search Tree, Heap (Priority Queue), Binary Tree, Data Stream"
MEDIUM,Combination Sum III,17.7,0.7379,https://leetcode.com/problems/combination-sum-iii,"Array, Backtracking"
HARD,Word Search II,17.7,0.3894,https://leetcode.com/problems/word-search-ii,"Array, String, Backtracking, Trie, Matrix"
MEDIUM,Minimum Height Trees,17.7,0.4285,https://leetcode.com/problems/minimum-height-trees,"Depth-First Search, Breadth-First Search, Graph Theory, Topological Sort"
MEDIUM,Integer Break,17.7,0.6277,https://leetcode.com/problems/integer-break,"Math, Dynamic Programming"
MEDIUM,Minimum Genetic Mutation,17.7,0.5721,https://leetcode.com/problems/minimum-genetic-mutation,"Hash Table, String, Breadth-First Search, Bidirectional Search"
EASY,Sales Person,17.7,0.6649,https://leetcode.com/problems/sales-person,Database
EASY,Left and Right Sum Differences,17.7,0.8971,https://leetcode.com/problems/left-and-right-sum-differences,"Array, Prefix Sum"
HARD,Minimum Total Distance Traveled,17.7,0.6318,https://leetcode.com/problems/minimum-total-distance-traveled,"Array, Dynamic Programming, Sorting"
MEDIUM,K-th Symbol in Grammar,17.7,0.4876,https://leetcode.com/problems/k-th-symbol-in-grammar,"Math, Bit Manipulation, Recursion"
MEDIUM,Amount of Time for Binary Tree to Be Infected,17.7,0.6605,https://leetcode.com/problems/amount-of-time-for-binary-tree-to-be-infected,"Hash Table, Tree, Depth-First Search, Breadth-First Search, Binary Tree"
MEDIUM,Minimum Number of Operations to Move All Balls to Each Box,17.7,0.9015,https://leetcode.com/problems/minimum-number-of-operations-to-move-all-balls-to-each-box,"Array, String, Prefix Sum"
EASY,Pascal's Triangle II,17.7,0.6808,https://leetcode.com/problems/pascals-triangle-ii,"Array, Dynamic Programming"
MEDIUM,Range Sum Query 2D - Immutable,17.7,0.5908,https://leetcode.com/problems/range-sum-query-2d-immutable,"Array, Design, Matrix, Prefix Sum"
MEDIUM,Maximum Length of Repeated Subarray,17.7,0.5159,https://leetcode.com/problems/maximum-length-of-repeated-subarray,"Array, Binary Search, Dynamic Programming, Sliding Window, Rolling Hash, Hash Function"
MEDIUM,Delete and Earn,17.7,0.5758,https://leetcode.com/problems/delete-and-earn,"Array, Hash Table, Dynamic Programming"
MEDIUM,Partition Labels,17.7,0.8206,https://leetcode.com/problems/partition-labels,"Hash Table, Two Pointers, String, Greedy"
EASY,Find the Town Judge,17.7,0.5112,https://leetcode.com/problems/find-the-town-judge,"Array, Hash Table, Graph Theory"
MEDIUM,Longest String Chain,17.7,0.6352,https://leetcode.com/problems/longest-string-chain,"Array, Hash Table, Two Pointers, String, Dynamic Programming, Sorting"
EASY,Project Employees I,17.7,0.6742,https://leetcode.com/problems/project-employees-i,Database
EASY,N-th Tribonacci Number,17.7,0.6304,https://leetcode.com/problems/n-th-tribonacci-number,"Math, Dynamic Programming, Memoization"
EASY,Find Users With Valid E-Mails,17.7,0.3523,https://leetcode.com/problems/find-users-with-valid-e-mails,Database
EASY,Special Array With X Elements Greater Than or Equal X,17.7,0.6707,https://leetcode.com/problems/special-array-with-x-elements-greater-than-or-equal-x,"Array, Binary Search, Sorting"
EASY,Richest Customer Wealth,17.7,0.8886,https://leetcode.com/problems/richest-customer-wealth,"Array, Matrix"
MEDIUM,Maximum Twin Sum of a Linked List,17.7,0.8325,https://leetcode.com/problems/maximum-twin-sum-of-a-linked-list,"Linked List, Two Pointers, Stack"
EASY,To Be Or Not To Be,17.7,0.6346,https://leetcode.com/problems/to-be-or-not-to-be,
EASY,Return Length of Arguments Passed,17.7,0.9444,https://leetcode.com/problems/return-length-of-arguments-passed,
HARD,Strange Printer,17.7,0.6102,https://leetcode.com/problems/strange-printer,"String, Dynamic Programming"
HARD,Trapping Rain Water II,17.7,0.6425,https://leetcode.com/problems/trapping-rain-water-ii,"Array, Breadth-First Search, Heap (Priority Queue), Matrix"
MEDIUM,Search Suggestions System,17.7,0.6524,https://leetcode.com/problems/search-suggestions-system,"Array, String, Binary Search, Trie, Sorting, Heap (Priority Queue)"
HARD,Create Maximum Number,17.7,0.3719,https://leetcode.com/problems/create-maximum-number,"Array, Two Pointers, Stack, Greedy, Monotonic Stack"
MEDIUM,Continuous Subarrays,17.7,0.5800,https://leetcode.com/problems/continuous-subarrays,"Array, Queue, Sliding Window, Heap (Priority Queue), Ordered Set, Monotonic Queue"
MEDIUM,Max Chunks To Make Sorted,17.7,0.6431,https://leetcode.com/problems/max-chunks-to-make-sorted,"Array, Stack, Greedy, Sorting, Monotonic Stack"
EASY,Product Sales Analysis I,17.7,0.8627,https://leetcode.com/problems/product-sales-analysis-i,Database
MEDIUM,Random Pick with Weight,17.7,0.4927,https://leetcode.com/problems/random-pick-with-weight,"Array, Math, Binary Search, Prefix Sum, Randomized"
MEDIUM,Restore IP Addresses,17.7,0.5717,https://leetcode.com/problems/restore-ip-addresses,"String, Backtracking"
MEDIUM,Remove Zero Sum Consecutive Nodes from Linked List,17.7,0.5334,https://leetcode.com/problems/remove-zero-sum-consecutive-nodes-from-linked-list,"Hash Table, Linked List"
MEDIUM,Count Salary Categories,17.7,0.6550,https://leetcode.com/problems/count-salary-categories,Database
EASY,Distribute Candies,17.7,0.7169,https://leetcode.com/problems/distribute-candies,"Array, Hash Table"
MEDIUM,Check if Number is a Sum of Powers of Three,17.7,0.7941,https://leetcode.com/problems/check-if-number-is-a-sum-of-powers-of-three,Math
MEDIUM,Zero Array Transformation II,17.7,0.4352,https://leetcode.com/problems/zero-array-transformation-ii,"Array, Two Pointers, Binary Search, Prefix Sum"
EASY,Divide Array Into Equal Pairs,17.7,0.7924,https://leetcode.com/problems/divide-array-into-equal-pairs,"Array, Hash Table, Bit Manipulation, Counting"
MEDIUM,Check if Grid can be Cut into Sections,17.7,0.6805,https://leetcode.com/problems/check-if-grid-can-be-cut-into-sections,"Array, Sorting"
MEDIUM,Maximum Value of an Ordered Triplet II,17.7,0.5623,https://leetcode.com/problems/maximum-value-of-an-ordered-triplet-ii,"Array, Prefix Sum"
EASY,Minimum Number of Operations to Make Elements in Array Distinct,17.7,0.7106,https://leetcode.com/problems/minimum-number-of-operations-to-make-elements-in-array-distinct,"Array, Hash Table"
MEDIUM,Count Subarrays Where Max Element Appears at Least K Times,17.7,0.6232,https://leetcode.com/problems/count-subarrays-where-max-element-appears-at-least-k-times,"Array, Sliding Window"
MEDIUM,Zero Array Transformation III,17.7,0.5441,https://leetcode.com/problems/zero-array-transformation-iii,"Array, Two Pointers, Greedy, Sorting, Heap (Priority Queue), Prefix Sum"
EASY,Count the Number of Consistent Strings,17.7,0.8856,https://leetcode.com/problems/count-the-number-of-consistent-strings,"Array, Hash Table, String, Bit Manipulation, Counting"
EASY,Biggest Single Number,17.7,0.7228,https://leetcode.com/problems/biggest-single-number,Database
EASY,Make The String Great,17.7,0.6875,https://leetcode.com/problems/make-the-string-great,"String, Stack"
EASY,Apply Operations to an Array,17.7,0.7474,https://leetcode.com/problems/apply-operations-to-an-array,"Array, Two Pointers, Simulation"
EASY,Row With Maximum Ones,17.7,0.7415,https://leetcode.com/problems/row-with-maximum-ones,"Array, Matrix"
MEDIUM,Maximum Manhattan Distance After K Changes,17.7,0.5399,https://leetcode.com/problems/maximum-manhattan-distance-after-k-changes,"Hash Table, Math, String, Counting"
MEDIUM,Taking Maximum Energy From the Mystic Dungeon,17.7,0.6089,https://leetcode.com/problems/taking-maximum-energy-from-the-mystic-dungeon,"Array, Dynamic Programming, Prefix Sum"
HARD,Maximum Number of Events That Can Be Attended II,17.7,0.6337,https://leetcode.com/problems/maximum-number-of-events-that-can-be-attended-ii,"Array, Binary Search, Dynamic Programming, Sorting"
HARD,Binary Tree Cameras,17.7,0.4818,https://leetcode.com/problems/binary-tree-cameras,"Dynamic Programming, Tree, Depth-First Search, Binary Tree, DP on Trees"
MEDIUM,Find the Maximum Length of Valid Subsequence II,17.7,0.5687,https://leetcode.com/problems/find-the-maximum-length-of-valid-subsequence-ii,"Array, Dynamic Programming"
MEDIUM,Successful Pairs of Spells and Potions,17.7,0.4989,https://leetcode.com/problems/successful-pairs-of-spells-and-potions,"Array, Two Pointers, Binary Search, Sorting"
EASY,Count Hills and Valleys in an Array,17.7,0.6912,https://leetcode.com/problems/count-hills-and-valleys-in-an-array,Array
MEDIUM,Smallest Subarrays With Maximum Bitwise OR,17.7,0.6192,https://leetcode.com/problems/smallest-subarrays-with-maximum-bitwise-or,"Array, Binary Search, Bit Manipulation, Sliding Window"
EASY,Largest 3-Same-Digit Number in String,17.7,0.7267,https://leetcode.com/problems/largest-3-same-digit-number-in-string,String
EASY,Power of Four,17.7,0.5266,https://leetcode.com/problems/power-of-four,"Math, Bit Manipulation, Recursion"
MEDIUM,Minimum Operations to Make the Integer Zero,17.7,0.5803,https://leetcode.com/problems/minimum-operations-to-make-the-integer-zero,"Bit Manipulation, Brainteaser, Enumeration"
MEDIUM,Vowel Spellchecker,17.7,0.6146,https://leetcode.com/problems/vowel-spellchecker,"Array, Hash Table, String"
MEDIUM,Design Task Manager,17.7,0.4871,https://leetcode.com/problems/design-task-manager,"Hash Table, Design, Heap (Priority Queue), Ordered Set"
HARD,Contains Duplicate III,17.7,0.2526,https://leetcode.com/problems/contains-duplicate-iii,"Array, Sliding Window, Sorting, Bucket Sort, Ordered Set"
EASY,Binary Watch,17.7,0.6625,https://leetcode.com/problems/binary-watch,"Backtracking, Bit Manipulation"
MEDIUM,Find the Minimum Amount of Time to Brew Potions,17.7,0.6235,https://leetcode.com/problems/find-the-minimum-amount-of-time-to-brew-potions,"Array, Simulation, Prefix Sum"
MEDIUM,Minimum Operations to Convert All Elements to Zero,17.7,0.5283,https://leetcode.com/problems/minimum-operations-to-convert-all-elements-to-zero,"Array, Hash Table, Stack, Greedy, Monotonic Stack"
MEDIUM,Ones and Zeroes,17.7,0.5384,https://leetcode.com/problems/ones-and-zeroes,"Array, String, Dynamic Programming, Knapsack Problem, 0-1 Knapsack"
MEDIUM,Count Special Triplets,17.7,0.4707,https://leetcode.com/problems/count-special-triplets,"Array, Hash Table, Counting"
MEDIUM,Magic Squares In Grid,17.7,0.5523,https://leetcode.com/problems/magic-squares-in-grid,"Array, Hash Table, Math, Matrix"
HARD,Number of Ways to Paint N × 3 Grid,17.7,0.8059,https://leetcode.com/problems/number-of-ways-to-paint-n-3-grid,"Dynamic Programming, Graph Coloring"
MEDIUM,Four Divisors,17.7,0.5653,https://leetcode.com/problems/four-divisors,"Array, Math, Prime Factorization, Sieve Theory"
MEDIUM,Find the Length of the Longest Common Prefix,17.7,0.6229,https://leetcode.com/problems/find-the-length-of-the-longest-common-prefix,"Array, Hash Table, String, Trie"
MEDIUM,Design Linked List,17.7,0.3089,https://leetcode.com/problems/design-linked-list,"Linked List, Design"
EASY,Minimum Pair Removal to Sort Array I,17.7,0.6507,https://leetcode.com/problems/minimum-pair-removal-to-sort-array-i,"Array, Hash Table, Linked List, Heap (Priority Queue), Simulation, Doubly-Linked List, Ordered Set"
MEDIUM,Minimum Swaps to Arrange a Binary Grid,17.7,0.7025,https://leetcode.com/problems/minimum-swaps-to-arrange-a-binary-grid,"Array, Greedy, Matrix"
MEDIUM,Jump Game VII,17.7,0.3568,https://leetcode.com/problems/jump-game-vii,"String, Dynamic Programming, Sliding Window, Prefix Sum"
HARD,Total Waviness of Numbers in Range II,17.7,0.5618,https://leetcode.com/problems/total-waviness-of-numbers-in-range-ii,"Math, Dynamic Programming"
MEDIUM,Create Binary Tree From Descriptions,17.7,0.8391,https://leetcode.com/problems/create-binary-tree-from-descriptions,"Array, Hash Table, Tree, Binary Tree"
HARD,Maximum Building Height,17.7,0.6691,https://leetcode.com/problems/maximum-building-height,"Array, Math, Sorting"
MEDIUM,Gray Code,17.7,0.6619,https://leetcode.com/problems/gray-code,"Math, Backtracking, Bit Manipulation"
MEDIUM,Design Twitter,17.7,0.4560,https://leetcode.com/problems/design-twitter,"Hash Table, Linked List, Design, Heap (Priority Queue)"
MEDIUM,Predict the Winner,17.7,0.5999,https://leetcode.com/problems/predict-the-winner,"Array, Math, Dynamic Programming, Recursion, Minimax, Game Theory, Zero-Sum Game"
EASY,Search in a Binary Search Tree,17.7,0.8318,https://leetcode.com/problems/search-in-a-binary-search-tree,"Tree, Binary Search Tree, Binary Tree"
EASY,DI String Match,17.7,0.8138,https://leetcode.com/problems/di-string-match,"Array, Two Pointers, String, Greedy"
MEDIUM,Maximum Absolute Sum of Any Subarray,17.7,0.7061,https://leetcode.com/problems/maximum-absolute-sum-of-any-subarray,"Array, Dynamic Programming"
MEDIUM,Maximum Sum Circular Subarray,17.7,0.5156,https://leetcode.com/problems/maximum-sum-circular-subarray,"Array, Divide and Conquer, Dynamic Programming, Queue, Monotonic Queue"
MEDIUM,Domino and Tromino Tiling,17.7,0.5121,https://leetcode.com/problems/domino-and-tromino-tiling,Dynamic Programming
MEDIUM,Number of Operations to Make Network Connected,17.7,0.6732,https://leetcode.com/problems/number-of-operations-to-make-network-connected,"Depth-First Search, Breadth-First Search, Union-Find, Graph Theory"
EASY,Hamming Distance,17.7,0.7711,https://leetcode.com/problems/hamming-distance,Bit Manipulation
MEDIUM,Minimum Score of a Path Between Two Cities,17.7,0.6626,https://leetcode.com/problems/minimum-score-of-a-path-between-two-cities,"Depth-First Search, Breadth-First Search, Union-Find, Graph Theory"
MEDIUM,Design Circular Queue,17.7,0.5551,https://leetcode.com/problems/design-circular-queue,"Array, Linked List, Design, Queue"
EASY,Maximum Product of Two Elements in an Array,17.7,0.8496,https://leetcode.com/problems/maximum-product-of-two-elements-in-an-array,"Array, Sorting, Heap (Priority Queue)"
HARD,Stone Game IV,17.7,0.6520,https://leetcode.com/problems/stone-game-iv,"Math, Dynamic Programming, Minimax, Game Theory, Nim Game, Sprague–Grundy Theorem, Zero-Sum Game"
MEDIUM,Sequential Digits,17.7,0.6863,https://leetcode.com/problems/sequential-digits,Enumeration
MEDIUM,Smallest Palindromic Rearrangement I,17.7,0.7432,https://leetcode.com/problems/smallest-palindromic-rearrangement-i,"String, Sorting, Counting Sort"
EASY,Minimum Number of Pushes to Type Word I,17.7,0.7744,https://leetcode.com/problems/minimum-number-of-pushes-to-type-word-i,"Math, String, Greedy"
MEDIUM,Minimum Number of Swaps to Make the String Balanced,13.6,0.7806,https://leetcode.com/problems/minimum-number-of-swaps-to-make-the-string-balanced,"Two Pointers, String, Stack, Greedy, Bracket Sequences"
HARD,Alien Dictionary,13.4,0.3733,https://leetcode.com/problems/alien-dictionary,"Array, String, Depth-First Search, Breadth-First Search, Graph Theory, Topological Sort, Directed Acyclic Graph"
MEDIUM,Number of Distinct Islands,13.4,0.6301,https://leetcode.com/problems/number-of-distinct-islands,"Array, Hash Table, Depth-First Search, Breadth-First Search, Union-Find, Sorting, Matrix, Hash Function"
MEDIUM,Walls and Gates,13.4,0.6419,https://leetcode.com/problems/walls-and-gates,"Array, Breadth-First Search, Matrix"
MEDIUM,Find Duplicate Subtrees,13.4,0.6089,https://leetcode.com/problems/find-duplicate-subtrees,"Hash Table, Tree, Depth-First Search, Binary Tree"
MEDIUM,Kth Smallest Element in a Sorted Matrix,13.4,0.6511,https://leetcode.com/problems/kth-smallest-element-in-a-sorted-matrix,"Array, Binary Search, Sorting, Heap (Priority Queue), Matrix"
MEDIUM,Interval List Intersections,13.4,0.7321,https://leetcode.com/problems/interval-list-intersections,"Array, Two Pointers, Sweep Line"
MEDIUM,Knight Dialer,13.4,0.6220,https://leetcode.com/problems/knight-dialer,Dynamic Programming
EASY,Binary Tree Paths,13.4,0.6941,https://leetcode.com/problems/binary-tree-paths,"String, Backtracking, Tree, Depth-First Search, Binary Tree"
EASY,Sum of Left Leaves,13.4,0.6316,https://leetcode.com/problems/sum-of-left-leaves,"Tree, Depth-First Search, Breadth-First Search, Binary Tree"
EASY,Shift 2D Grid,13.4,0.7454,https://leetcode.com/problems/shift-2d-grid,"Array, Matrix, Simulation"
EASY,Moving Average from Data Stream,13.4,0.8024,https://leetcode.com/problems/moving-average-from-data-stream,"Array, Design, Queue, Data Stream"
HARD,LFU Cache,13.4,0.5033,https://leetcode.com/problems/lfu-cache,"Hash Table, Linked List, Design, Doubly-Linked List"
MEDIUM,Maximal Square,13.4,0.5093,https://leetcode.com/problems/maximal-square,"Array, Dynamic Programming, Matrix"
EASY,Meeting Rooms,13.4,0.5958,https://leetcode.com/problems/meeting-rooms,"Array, Sorting, Quicksort"
MEDIUM,Construct Binary Tree from Preorder and Postorder Traversal,13.4,0.7811,https://leetcode.com/problems/construct-binary-tree-from-preorder-and-postorder-traversal,"Array, Hash Table, Divide and Conquer, Tree, Binary Tree"
MEDIUM,Pacific Atlantic Water Flow,13.4,0.6153,https://leetcode.com/problems/pacific-atlantic-water-flow,"Array, Depth-First Search, Breadth-First Search, Matrix"
MEDIUM,Convert Sorted List to Binary Search Tree,13.4,0.6746,https://leetcode.com/problems/convert-sorted-list-to-binary-search-tree,"Linked List, Divide and Conquer, Tree, Binary Search Tree, Binary Tree"
MEDIUM,Unique Binary Search Trees,13.4,0.6427,https://leetcode.com/problems/unique-binary-search-trees,"Math, Dynamic Programming, Tree, Binary Search Tree, Binary Tree"
MEDIUM,Longest Substring with At Least K Repeating Characters,13.4,0.4676,https://leetcode.com/problems/longest-substring-with-at-least-k-repeating-characters,"Hash Table, String, Divide and Conquer, Sliding Window"
MEDIUM,Path Sum III,13.4,0.4667,https://leetcode.com/problems/path-sum-iii,"Tree, Depth-First Search, Binary Tree"
HARD,Maximum Frequency Stack,13.4,0.6712,https://leetcode.com/problems/maximum-frequency-stack,"Hash Table, Stack, Design, Ordered Set"
EASY,Nim Game,13.4,0.6056,https://leetcode.com/problems/nim-game,"Math, Brainteaser, Minimax, Game Theory, Nim Game, Impartial Game"
MEDIUM,2 Keys Keyboard,13.4,0.5951,https://leetcode.com/problems/2-keys-keyboard,"Math, Dynamic Programming"
MEDIUM,Lowest Common Ancestor of Deepest Leaves,13.4,0.7956,https://leetcode.com/problems/lowest-common-ancestor-of-deepest-leaves,"Hash Table, Tree, Depth-First Search, Breadth-First Search, Binary Tree, Binary Lifting, Lowest Common Ancestor, DP on Trees"
MEDIUM,Shortest Unsorted Continuous Subarray,13.4,0.3863,https://leetcode.com/problems/shortest-unsorted-continuous-subarray,"Array, Two Pointers, Stack, Greedy, Sorting, Monotonic Stack"
EASY,Merge Two Binary Trees,13.4,0.7919,https://leetcode.com/problems/merge-two-binary-trees,"Tree, Depth-First Search, Breadth-First Search, Binary Tree"
MEDIUM,Construct Binary Tree from Inorder and Postorder Traversal,13.4,0.6967,https://leetcode.com/problems/construct-binary-tree-from-inorder-and-postorder-traversal,"Array, Hash Table, Divide and Conquer, Tree, Binary Tree"
EASY,Final Value of Variable After Performing Operations,13.4,0.9061,https://leetcode.com/problems/final-value-of-variable-after-performing-operations,"Array, String, Simulation"
EASY,Game Play Analysis I,13.4,0.7674,https://leetcode.com/problems/game-play-analysis-i,Database
MEDIUM,Kth Largest Sum in a Binary Tree,13.4,0.5892,https://leetcode.com/problems/kth-largest-sum-in-a-binary-tree,"Tree, Breadth-First Search, Sorting, Binary Tree"
HARD,Shortest Path in a Grid with Obstacles Elimination,13.4,0.4674,https://leetcode.com/problems/shortest-path-in-a-grid-with-obstacles-elimination,"Array, Breadth-First Search, Matrix"
EASY,Calculate Amount Paid in Taxes,13.4,0.6962,https://leetcode.com/problems/calculate-amount-paid-in-taxes,"Array, Simulation"
MEDIUM,Combination Sum IV,13.4,0.5533,https://leetcode.com/problems/combination-sum-iv,"Array, Dynamic Programming"
HARD,Frog Jump,13.4,0.4767,https://leetcode.com/problems/frog-jump,"Array, Dynamic Programming"
MEDIUM,Spiral Matrix III,13.4,0.8461,https://leetcode.com/problems/spiral-matrix-iii,"Array, Matrix, Simulation"
MEDIUM,Balance a Binary Search Tree,13.4,0.8628,https://leetcode.com/problems/balance-a-binary-search-tree,"Divide and Conquer, Greedy, Tree, Depth-First Search, Binary Search Tree, Binary Tree"
MEDIUM,Minimum Deletions to Make String Balanced,13.4,0.6815,https://leetcode.com/problems/minimum-deletions-to-make-string-balanced,"String, Dynamic Programming, Stack"
EASY,Find Common Elements Between Two Arrays,13.4,0.8473,https://leetcode.com/problems/find-common-elements-between-two-arrays,"Array, Hash Table"
MEDIUM,Find the Longest Substring Containing Vowels in Even Counts,13.4,0.7559,https://leetcode.com/problems/find-the-longest-substring-containing-vowels-in-even-counts,"Hash Table, String, Bit Manipulation, Prefix Sum"
MEDIUM,Count Servers that Communicate,13.4,0.7360,https://leetcode.com/problems/count-servers-that-communicate,"Array, Depth-First Search, Breadth-First Search, Union-Find, Matrix, Counting"
HARD,Maximum Sum of 3 Non-Overlapping Subarrays,13.4,0.6005,https://leetcode.com/problems/maximum-sum-of-3-non-overlapping-subarrays,"Array, Dynamic Programming, Sliding Window, Prefix Sum"
EASY,Swap Sex of Employees,13.4,0.8500,https://leetcode.com/problems/swap-sex-of-employees,Database
HARD,Shortest Distance from All Buildings,13.4,0.4501,https://leetcode.com/problems/shortest-distance-from-all-buildings,"Array, Breadth-First Search, Matrix"
MEDIUM,Find the Number of Distinct Colors Among the Balls,13.4,0.5409,https://leetcode.com/problems/find-the-number-of-distinct-colors-among-the-balls,"Array, Hash Table, Simulation"
MEDIUM,Maximum Product of Splitted Binary Tree,13.4,0.5578,https://leetcode.com/problems/maximum-product-of-splitted-binary-tree,"Tree, Depth-First Search, Binary Tree"
MEDIUM,Range Sum Query - Mutable,13.4,0.4383,https://leetcode.com/problems/range-sum-query-mutable,"Array, Divide and Conquer, Design, Binary Indexed Tree, Segment Tree, Sqrt Decomposition"
MEDIUM,Custom Sort String,13.4,0.7232,https://leetcode.com/problems/custom-sort-string,"Hash Table, String, Sorting"
EASY,Design HashSet,13.4,0.6840,https://leetcode.com/problems/design-hashset,"Array, Hash Table, Linked List, Design, Hash Function"
EASY,Fair Candy Swap,13.4,0.6572,https://leetcode.com/problems/fair-candy-swap,"Array, Hash Table, Binary Search, Sorting"
MEDIUM,Minimum Falling Path Sum,13.4,0.6085,https://leetcode.com/problems/minimum-falling-path-sum,"Array, Dynamic Programming, Matrix"
MEDIUM,Reveal Cards In Increasing Order,13.4,0.8382,https://leetcode.com/problems/reveal-cards-in-increasing-order,"Array, Queue, Sorting, Simulation"
HARD,Unique Paths III,13.4,0.8299,https://leetcode.com/problems/unique-paths-iii,"Array, Backtracking, Bit Manipulation, Matrix, Hamiltonian Path"
EASY,Duplicate Zeros,13.4,0.5407,https://leetcode.com/problems/duplicate-zeros,"Array, Two Pointers"
EASY,Relative Sort Array,13.4,0.7547,https://leetcode.com/problems/relative-sort-array,"Array, Hash Table, Sorting, Counting Sort, Quicksort, Bubble Sort"
EASY,Three Consecutive Odds,13.4,0.6931,https://leetcode.com/problems/three-consecutive-odds,Array
EASY,Percentage of Users Attended a Contest,13.4,0.6132,https://leetcode.com/problems/percentage-of-users-attended-a-contest,Database
MEDIUM,Maximum Score From Removing Substrings,13.4,0.6641,https://leetcode.com/problems/maximum-score-from-removing-substrings,"String, Stack, Greedy"
EASY,Fix Names in a Table,13.4,0.6074,https://leetcode.com/problems/fix-names-in-a-table,Database
MEDIUM,Repeated String Match,13.4,0.3988,https://leetcode.com/problems/repeated-string-match,"String, String Matching, Z Algorithm, Knuth–Morris–Pratt Algorithm, Boyer–Moore String-Search Algorithm"
EASY,N-ary Tree Postorder Traversal,13.4,0.8124,https://leetcode.com/problems/n-ary-tree-postorder-traversal,"Stack, Tree, Depth-First Search"
MEDIUM,Find the Power of K-Size Subarrays I,13.4,0.6188,https://leetcode.com/problems/find-the-power-of-k-size-subarrays-i,"Array, Sliding Window"
MEDIUM,Longest Subarray With Maximum Bitwise AND,13.4,0.6535,https://leetcode.com/problems/longest-subarray-with-maximum-bitwise-and,"Array, Bit Manipulation, Brainteaser"
MEDIUM,My Calendar I,13.4,0.5841,https://leetcode.com/problems/my-calendar-i,"Array, Binary Search, Design, Segment Tree, Ordered Set"
MEDIUM,Find K Pairs with Smallest Sums,13.4,0.4243,https://leetcode.com/problems/find-k-pairs-with-smallest-sums,"Array, Heap (Priority Queue)"
MEDIUM,Longest Happy String,13.4,0.6557,https://leetcode.com/problems/longest-happy-string,"String, Greedy, Heap (Priority Queue)"
MEDIUM,Find Kth Bit in Nth Binary String,13.4,0.7372,https://leetcode.com/problems/find-kth-bit-in-nth-binary-string,"String, Recursion, Simulation"
HARD,Parsing A Boolean Expression,13.4,0.6981,https://leetcode.com/problems/parsing-a-boolean-expression,"String, Stack, Recursion"
EASY,Final Prices With a Special Discount in a Shop,13.4,0.8436,https://leetcode.com/problems/final-prices-with-a-special-discount-in-a-shop,"Array, Stack, Monotonic Stack"
HARD,Minimum Number of Removals to Make Mountain Array,13.4,0.5476,https://leetcode.com/problems/minimum-number-of-removals-to-make-mountain-array,"Array, Binary Search, Dynamic Programming, Greedy"
EASY,Minimum Index Sum of Two Lists,13.4,0.6061,https://leetcode.com/problems/minimum-index-sum-of-two-lists,"Array, Hash Table, String"
EASY,Count Good Triplets,13.4,0.8557,https://leetcode.com/problems/count-good-triplets,"Array, Enumeration"
MEDIUM,Minimum Array End,13.4,0.5534,https://leetcode.com/problems/minimum-array-end,Bit Manipulation
EASY,Delete Characters to Make Fancy String,13.4,0.7400,https://leetcode.com/problems/delete-characters-to-make-fancy-string,String
EASY,Smallest Even Multiple,13.4,0.8860,https://leetcode.com/problems/smallest-even-multiple,"Math, Number Theory"
EASY,Count Vowel Substrings of a String,13.4,0.7365,https://leetcode.com/problems/count-vowel-substrings-of-a-string,"Hash Table, String"
MEDIUM,Find Score of an Array After Marking All Elements,13.4,0.6426,https://leetcode.com/problems/find-score-of-an-array-after-marking-all-elements,"Array, Hash Table, Sorting, Heap (Priority Queue), Simulation"
MEDIUM,Maximum Average Pass Ratio,13.4,0.7409,https://leetcode.com/problems/maximum-average-pass-ratio,"Array, Greedy, Heap (Priority Queue)"
EASY,Make Array Elements Equal to Zero,13.4,0.6814,https://leetcode.com/problems/make-array-elements-equal-to-zero,"Array, Simulation, Prefix Sum"
MEDIUM,Count Beautiful Splits in an Array,13.4,0.1929,https://leetcode.com/problems/count-beautiful-splits-in-an-array,"Array, Dynamic Programming"
EASY,Find Center of Star Graph,13.4,0.8660,https://leetcode.com/problems/find-center-of-star-graph,Graph Theory
EASY,Count Prefix and Suffix Pairs I,13.4,0.7769,https://leetcode.com/problems/count-prefix-and-suffix-pairs-i,"Array, String, Trie, Rolling Hash, String Matching, Hash Function"
EASY,Counting Words With a Given Prefix,13.4,0.8440,https://leetcode.com/problems/counting-words-with-a-given-prefix,"Array, String, String Matching"
MEDIUM,Check if a Parentheses String Can Be Valid,13.4,0.4528,https://leetcode.com/problems/check-if-a-parentheses-string-can-be-valid,"String, Stack, Greedy, Bracket Sequences"
EASY,Longest Nice Substring,13.4,0.6481,https://leetcode.com/problems/longest-nice-substring,"Hash Table, String, Divide and Conquer, Bit Manipulation, Sliding Window"
MEDIUM,Product of the Last K Numbers,13.4,0.6306,https://leetcode.com/problems/product-of-the-last-k-numbers,"Array, Math, Design, Data Stream, Prefix Sum"
HARD,Recover a Tree From Preorder Traversal,13.4,0.8323,https://leetcode.com/problems/recover-a-tree-from-preorder-traversal,"String, Tree, Depth-First Search, Binary Tree"
MEDIUM,Length of Longest Fibonacci Subsequence,13.4,0.5755,https://leetcode.com/problems/length-of-longest-fibonacci-subsequence,"Array, Hash Table, Dynamic Programming"
MEDIUM,Closest Prime Numbers in Range,13.4,0.5203,https://leetcode.com/problems/closest-prime-numbers-in-range,"Math, Number Theory, Primality Test, Sieve Theory, Prime Number Sieve"
MEDIUM,Alternating Groups II,13.4,0.5999,https://leetcode.com/problems/alternating-groups-ii,"Array, Sliding Window"
MEDIUM,Count of Substrings Containing Every Vowel and K Consonants II,13.4,0.4068,https://leetcode.com/problems/count-of-substrings-containing-every-vowel-and-k-consonants-ii,"Hash Table, String, Sliding Window"
MEDIUM,Separate Squares I,13.4,0.5770,https://leetcode.com/problems/separate-squares-i,"Array, Binary Search"
EASY,Minimum Operations to Make Array Values Equal to K,13.4,0.7292,https://leetcode.com/problems/minimum-operations-to-make-array-values-equal-to-k,"Array, Hash Table"
EASY,Count Largest Group,13.4,0.7466,https://leetcode.com/problems/count-largest-group,"Hash Table, Math, Counting"
EASY,Flipping an Image,13.4,0.8404,https://leetcode.com/problems/flipping-an-image,"Array, Two Pointers, Bit Manipulation, Matrix, Simulation"
EASY,Most Frequent Even Element,13.4,0.5429,https://leetcode.com/problems/most-frequent-even-element,"Array, Hash Table, Counting"
MEDIUM,Find Minimum Time to Reach Last Room I,13.4,0.5531,https://leetcode.com/problems/find-minimum-time-to-reach-last-room-i,"Array, Graph Theory, Heap (Priority Queue), Matrix, Shortest Path"
HARD,Dungeon Game,13.4,0.4236,https://leetcode.com/problems/dungeon-game,"Array, Dynamic Programming, Matrix"
HARD,Painting a Grid With Three Different Colors,13.4,0.7687,https://leetcode.com/problems/painting-a-grid-with-three-different-colors,"Dynamic Programming, Graph Coloring"
EASY,Divisible and Non-divisible Sums Difference,13.4,0.9100,https://leetcode.com/problems/divisible-and-non-divisible-sums-difference,Math
MEDIUM,Longest Palindrome by Concatenating Two Letter Words,13.4,0.5343,https://leetcode.com/problems/longest-palindrome-by-concatenating-two-letter-words,"Array, Hash Table, String, Greedy, Counting"
MEDIUM,Insert into a Binary Search Tree,13.4,0.7365,https://leetcode.com/problems/insert-into-a-binary-search-tree,"Tree, Binary Search Tree, Binary Tree"
HARD,Shortest Subarray with Sum at Least K,13.4,0.3317,https://leetcode.com/problems/shortest-subarray-with-sum-at-least-k,"Array, Binary Search, Queue, Sliding Window, Heap (Priority Queue), Prefix Sum, Monotonic Queue"
EASY,Reverse Prefix of Word,13.4,0.8653,https://leetcode.com/problems/reverse-prefix-of-word,"Two Pointers, String, Stack"
EASY,Maximum Difference Between Increasing Elements,13.4,0.6668,https://leetcode.com/problems/maximum-difference-between-increasing-elements,Array
MEDIUM,Max Difference You Can Get From Changing an Integer,13.4,0.4860,https://leetcode.com/problems/max-difference-you-can-get-from-changing-an-integer,"Math, Greedy"
MEDIUM,Divide Array Into Arrays With Max Difference,13.4,0.7906,https://leetcode.com/problems/divide-array-into-arrays-with-max-difference,"Array, Greedy, Sorting"
EASY,Divide a String Into Groups of Size k,13.4,0.7694,https://leetcode.com/problems/divide-a-string-into-groups-of-size-k,"String, Simulation"
MEDIUM,Minimum Deletions to Make String K-Special,13.4,0.6690,https://leetcode.com/problems/minimum-deletions-to-make-string-k-special,"Hash Table, String, Greedy, Sorting, Counting"
MEDIUM,Nearest Exit from Entrance in Maze,13.4,0.4920,https://leetcode.com/problems/nearest-exit-from-entrance-in-maze,"Array, Breadth-First Search, Matrix"
EASY,Find the Original Typed String I,13.4,0.7192,https://leetcode.com/problems/find-the-original-typed-string-i,String
EASY,Height Checker,13.4,0.8207,https://leetcode.com/problems/height-checker,"Array, Sorting, Counting Sort, Bubble Sort"
EASY,Find the Middle Index in Array,13.4,0.7066,https://leetcode.com/problems/find-the-middle-index-in-array,"Array, Prefix Sum"
HARD,Find the K-th Character in String Game II,13.4,0.4823,https://leetcode.com/problems/find-the-k-th-character-in-string-game-ii,"Math, Bit Manipulation, Recursion"
EASY,Special Array I,13.4,0.8143,https://leetcode.com/problems/special-array-i,Array
EASY,Find Lucky Integer in an Array,13.4,0.7565,https://leetcode.com/problems/find-lucky-integer-in-an-array,"Array, Hash Table, Counting"
MEDIUM,Finding Pairs With a Certain Sum,13.4,0.6153,https://leetcode.com/problems/finding-pairs-with-a-certain-sum,"Array, Hash Table, Design"
MEDIUM,Reschedule Meetings for Maximum Free Time II,13.4,0.6006,https://leetcode.com/problems/reschedule-meetings-for-maximum-free-time-ii,"Array, Greedy, Enumeration"
EASY,Longest Continuous Increasing Subsequence,13.4,0.5246,https://leetcode.com/problems/longest-continuous-increasing-subsequence,Array
MEDIUM,Maximum Erasure Value,13.4,0.6449,https://leetcode.com/problems/maximum-erasure-value,"Array, Hash Table, Sliding Window"
MEDIUM,Minimum Penalty for a Shop,13.4,0.7125,https://leetcode.com/problems/minimum-penalty-for-a-shop,"String, Prefix Sum"
EASY,Maximum Unique Subarray Sum After Deletion,13.4,0.4049,https://leetcode.com/problems/maximum-unique-subarray-sum-after-deletion,"Array, Hash Table, Greedy"
MEDIUM,Market Analysis I,13.4,0.5792,https://leetcode.com/problems/market-analysis-i,Database
EASY,Verifying an Alien Dictionary,13.4,0.5615,https://leetcode.com/problems/verifying-an-alien-dictionary,"Array, Hash Table, String"
MEDIUM,Fruits Into Baskets III,13.4,0.3940,https://leetcode.com/problems/fruits-into-baskets-iii,"Array, Binary Search, Segment Tree, Ordered Set"
HARD,Find the Maximum Number of Fruits Collected,13.4,0.6463,https://leetcode.com/problems/find-the-maximum-number-of-fruits-collected,"Array, Dynamic Programming, Matrix"
HARD,Max Sum of Rectangle No Larger Than K,13.4,0.4611,https://leetcode.com/problems/max-sum-of-rectangle-no-larger-than-k,"Array, Binary Search, Matrix, Prefix Sum, Ordered Set"
EASY,Maximum 69 Number,13.4,0.8462,https://leetcode.com/problems/maximum-69-number,"Math, Greedy"
HARD,24 Game,13.4,0.5967,https://leetcode.com/problems/24-game,"Array, Math, Backtracking"
MEDIUM,Longest Subarray of 1's After Deleting One Element,13.4,0.7160,https://leetcode.com/problems/longest-subarray-of-1s-after-deleting-one-element,"Array, Dynamic Programming, Sliding Window"
EASY,Number of Steps to Reduce a Number to Zero,13.4,0.8596,https://leetcode.com/problems/number-of-steps-to-reduce-a-number-to-zero,"Math, Bit Manipulation"
HARD,Minimum Operations to Make Array Elements Zero,13.4,0.6007,https://leetcode.com/problems/minimum-operations-to-make-array-elements-zero,"Array, Math, Bit Manipulation"
EASY,Maximum Repeating Substring,13.4,0.4245,https://leetcode.com/problems/maximum-repeating-substring,"String, Dynamic Programming, String Matching"
EASY,Largest Perimeter Triangle,13.4,0.6255,https://leetcode.com/problems/largest-perimeter-triangle,"Array, Math, Greedy, Sorting, Quicksort, Polygons"
HARD,Super Egg Drop,13.4,0.3088,https://leetcode.com/problems/super-egg-drop,"Math, Binary Search, Dynamic Programming"
MEDIUM,Maximum Tastiness of Candy Basket,13.4,0.6881,https://leetcode.com/problems/maximum-tastiness-of-candy-basket,"Array, Binary Search, Greedy, Sorting"
MEDIUM,Avoid Flood in The City,13.4,0.3894,https://leetcode.com/problems/avoid-flood-in-the-city,"Array, Hash Table, Binary Search, Greedy, Heap (Priority Queue)"
MEDIUM,Remove K-Balanced Substrings,13.4,0.3274,https://leetcode.com/problems/remove-k-balanced-substrings,"String, Stack, Simulation"
EASY,Find the Distance Value Between Two Arrays,13.4,0.7236,https://leetcode.com/problems/find-the-distance-value-between-two-arrays,"Array, Two Pointers, Binary Search, Sorting"
MEDIUM,Longest Balanced Substring I,13.4,0.6969,https://leetcode.com/problems/longest-balanced-substring-i,"Hash Table, String, Counting, Enumeration"
MEDIUM,Simple Bank System,13.4,0.6950,https://leetcode.com/problems/simple-bank-system,"Array, Hash Table, Design, Simulation"
EASY,Range Sum of BST,13.4,0.8764,https://leetcode.com/problems/range-sum-of-bst,"Tree, Depth-First Search, Binary Search Tree, Binary Tree"
EASY,Find X-Sum of All K-Long Subarrays I,13.4,0.7575,https://leetcode.com/problems/find-x-sum-of-all-k-long-subarrays-i,"Array, Hash Table, Sliding Window, Heap (Priority Queue)"
MEDIUM,Determine if Two Strings Are Close,13.4,0.5444,https://leetcode.com/problems/determine-if-two-strings-are-close,"Hash Table, String, Sorting, Counting"
EASY,Reshape Data: Melt,13.4,0.8600,https://leetcode.com/problems/reshape-data-melt,
MEDIUM,Map of Highest Peak,13.4,0.7628,https://leetcode.com/problems/map-of-highest-peak,"Array, Breadth-First Search, Matrix"
MEDIUM,Maximum Matrix Sum,13.4,0.6750,https://leetcode.com/problems/maximum-matrix-sum,"Array, Greedy, Matrix"
MEDIUM,Online Election,13.4,0.5321,https://leetcode.com/problems/online-election,"Array, Hash Table, Binary Search, Design"
MEDIUM,Wiggle Sort II,13.4,0.3841,https://leetcode.com/problems/wiggle-sort-ii,"Array, Divide and Conquer, Greedy, Sorting, Quickselect"
MEDIUM,Smallest Subtree with all the Deepest Nodes,13.4,0.7773,https://leetcode.com/problems/smallest-subtree-with-all-the-deepest-nodes,"Hash Table, Tree, Depth-First Search, Breadth-First Search, Binary Tree, Binary Lifting, Lowest Common Ancestor, DP on Trees"
MEDIUM,Maximum Square Area by Removing Fences From a Field,13.4,0.4941,https://leetcode.com/problems/maximum-square-area-by-removing-fences-from-a-field,"Array, Hash Table, Enumeration"
MEDIUM,Find the Largest Area of Square Inside Two Rectangles,13.4,0.6679,https://leetcode.com/problems/find-the-largest-area-of-square-inside-two-rectangles,"Array, Math, Geometry"
EASY,N-Repeated Element in Size 2N Array,13.4,0.8003,https://leetcode.com/problems/n-repeated-element-in-size-2n-array,"Array, Hash Table, Pigeonhole Principle"
MEDIUM,Take K of Each Character From Left and Right,13.4,0.5151,https://leetcode.com/problems/take-k-of-each-character-from-left-and-right,"Hash Table, String, Sliding Window"
MEDIUM,Exclusive Time of Functions,13.4,0.6626,https://leetcode.com/problems/exclusive-time-of-functions,"Array, Stack"
EASY,Subtract the Product and Sum of Digits of an Integer,13.4,0.8664,https://leetcode.com/problems/subtract-the-product-and-sum-of-digits-of-an-integer,Math
MEDIUM,House Robber III,13.4,0.5639,https://leetcode.com/problems/house-robber-iii,"Dynamic Programming, Tree, Depth-First Search, Binary Tree, DP on Trees"
MEDIUM,Longest Balanced Substring II,13.4,0.4166,https://leetcode.com/problems/longest-balanced-substring-ii,"Hash Table, String, Prefix Sum"
MEDIUM,Champagne Tower,13.4,0.6392,https://leetcode.com/problems/champagne-tower,Dynamic Programming
HARD,Special Binary String,13.4,0.7939,https://leetcode.com/problems/special-binary-string,"String, Divide and Conquer, Sorting"
MEDIUM,Concatenation of Consecutive Binary Numbers,13.4,0.6671,https://leetcode.com/problems/concatenation-of-consecutive-binary-numbers,"Math, Bit Manipulation, Simulation"
MEDIUM,Largest Submatrix With Rearrangements,13.4,0.8016,https://leetcode.com/problems/largest-submatrix-with-rearrangements,"Array, Greedy, Sorting, Matrix"
MEDIUM,Maximum Amount of Money Robot Can Earn,13.4,0.4788,https://leetcode.com/problems/maximum-amount-of-money-robot-can-earn,"Array, Dynamic Programming, Matrix"
MEDIUM,Closest Equal Element Queries,13.4,0.5137,https://leetcode.com/problems/closest-equal-element-queries,"Array, Hash Table, Binary Search"
EASY,Mirror Distance of an Integer,13.4,0.9098,https://leetcode.com/problems/mirror-distance-of-an-integer,Math
EASY,Two Furthest Houses With Different Colors,13.4,0.7165,https://leetcode.com/problems/two-furthest-houses-with-different-colors,"Array, Greedy"
MEDIUM,Words Within Two Edits of Dictionary,13.4,0.7336,https://leetcode.com/problems/words-within-two-edits-of-dictionary,"Array, String, Trie"
MEDIUM,Guess Number Higher or Lower II,13.4,0.5357,https://leetcode.com/problems/guess-number-higher-or-lower-ii,"Math, Dynamic Programming, Minimax, Game Theory"
EASY,Valid Mountain Array,13.4,0.3584,https://leetcode.com/problems/valid-mountain-array,Array
MEDIUM,Total Cost to Hire K Workers,13.4,0.4393,https://leetcode.com/problems/total-cost-to-hire-k-workers,"Array, Two Pointers, Heap (Priority Queue), Simulation"
MEDIUM,Nth Digit,13.4,0.3903,https://leetcode.com/problems/nth-digit,"Math, Binary Search"
EASY,Minimum Cost of Buying Candies With Discount,13.4,0.7162,https://leetcode.com/problems/minimum-cost-of-buying-candies-with-discount,"Array, Greedy, Sorting"
MEDIUM,Bulls and Cows,13.4,0.5304,https://leetcode.com/problems/bulls-and-cows,"Hash Table, String, Counting"
EASY,Earliest Finish Time for Land and Water Rides I,13.4,0.7261,https://leetcode.com/problems/earliest-finish-time-for-land-and-water-rides-i,"Array, Two Pointers, Binary Search, Greedy, Sorting"
HARD,Number of Ways to Assign Edge Weights II,13.4,0.7180,https://leetcode.com/problems/number-of-ways-to-assign-edge-weights-ii,"Array, Math, Dynamic Programming, Bit Manipulation, Tree, Depth-First Search"
MEDIUM,Process String with Special Operations I,13.4,0.7124,https://leetcode.com/problems/process-string-with-special-operations-i,"String, Simulation"
HARD,Number of ZigZag Arrays II,13.4,0.6719,https://leetcode.com/problems/number-of-zigzag-arrays-ii,"Math, Dynamic Programming"
HARD,Palindrome Partitioning II,13.4,0.3804,https://leetcode.com/problems/palindrome-partitioning-ii,"String, Dynamic Programming"
MEDIUM,Is Graph Bipartite?,13.4,0.5994,https://leetcode.com/problems/is-graph-bipartite,"Depth-First Search, Breadth-First Search, Union-Find, Graph Theory, Graph Coloring, Bipartite Graph"
EASY,Time Needed to Buy Tickets,13.4,0.7334,https://leetcode.com/problems/time-needed-to-buy-tickets,"Array, Queue, Simulation"
MEDIUM,Make Sum Divisible by P,13.4,0.4260,https://leetcode.com/problems/make-sum-divisible-by-p,"Array, Hash Table, Prefix Sum"
MEDIUM,Find a Safe Walk Through a Grid,13.4,0.5540,https://leetcode.com/problems/find-a-safe-walk-through-a-grid,"Array, Breadth-First Search, Graph Theory, Heap (Priority Queue), Matrix, Shortest Path"
EASY,Degree of an Array,13.4,0.5870,https://leetcode.com/problems/degree-of-an-array,"Array, Hash Table"
MEDIUM,Construct Quad Tree,13.4,0.7871,https://leetcode.com/problems/construct-quad-tree,"Array, Divide and Conquer, Tree, Matrix"
MEDIUM,Count Total Number of Colored Cells,13.4,0.6620,https://leetcode.com/problems/count-total-number-of-colored-cells,Math
MEDIUM,Remove Methods From Project,13.4,0.6994,https://leetcode.com/problems/remove-methods-from-project,"Depth-First Search, Breadth-First Search, Graph Theory"
MEDIUM,Furthest Building You Can Reach,13.4,0.5117,https://leetcode.com/problems/furthest-building-you-can-reach,"Array, Greedy, Heap (Priority Queue)"
MEDIUM,Range Product Queries of Powers,13.4,0.6120,https://leetcode.com/problems/range-product-queries-of-powers,"Array, Bit Manipulation, Prefix Sum"
MEDIUM,Reverse Nodes in Even Length Groups,13.4,0.6535,https://leetcode.com/problems/reverse-nodes-in-even-length-groups,Linked List
MEDIUM,Maximum Palindromes After Operations,13.4,0.4736,https://leetcode.com/problems/maximum-palindromes-after-operations,"Array, Hash Table, String, Greedy, Sorting, Counting"
HARD,The Skyline Problem,13.4,0.4601,https://leetcode.com/problems/the-skyline-problem,"Array, Divide and Conquer, Binary Indexed Tree, Segment Tree, Sweep Line, Sorting, Heap (Priority Queue), Ordered Set"
MEDIUM,Soup Servings,13.4,0.5954,https://leetcode.com/problems/soup-servings,"Math, Dynamic Programming, Probability and Statistics"
EASY,Long Pressed Name,13.4,0.3318,https://leetcode.com/problems/long-pressed-name,"Two Pointers, String"
EASY,Find Missing Elements,13.4,0.8824,https://leetcode.com/problems/find-missing-elements,"Array, Hash Table, Sorting"
EASY,Find Words That Can Be Formed by Characters,13.4,0.7177,https://leetcode.com/problems/find-words-that-can-be-formed-by-characters,"Array, Hash Table, String, Counting"
MEDIUM,Binary Tree Level Order Traversal II,13.4,0.6915,https://leetcode.com/problems/binary-tree-level-order-traversal-ii,"Tree, Breadth-First Search, Binary Tree"
MEDIUM,Beautiful Array,13.4,0.7066,https://leetcode.com/problems/beautiful-array,"Array, Math, Divide and Conquer"
MEDIUM,Minimum Operations to Reduce an Integer to 0,13.4,0.6341,https://leetcode.com/problems/minimum-operations-to-reduce-an-integer-to-0,"Dynamic Programming, Greedy, Bit Manipulation"
MEDIUM,Get Equal Substrings Within Budget,13.4,0.6023,https://leetcode.com/problems/get-equal-substrings-within-budget,"String, Binary Search, Sliding Window, Prefix Sum"
MEDIUM,Find the Maximum Number of Elements in Subset,13.4,0.4228,https://leetcode.com/problems/find-the-maximum-number-of-elements-in-subset,"Array, Hash Table, Enumeration"
HARD,Number of Paths with Max Score,13.4,0.6313,https://leetcode.com/problems/number-of-paths-with-max-score,"Array, Dynamic Programming, Matrix"
MEDIUM,Remove Covered Intervals,13.4,0.6023,https://leetcode.com/problems/remove-covered-intervals,"Array, Sorting"
MEDIUM,Path Existence Queries in a Graph I,13.4,0.7015,https://leetcode.com/problems/path-existence-queries-in-a-graph-i,"Array, Hash Table, Binary Search, Union-Find, Graph Theory"
HARD,Find the Number of Subsequences With Equal GCD,13.4,0.6629,https://leetcode.com/problems/find-the-number-of-subsequences-with-equal-gcd,"Array, Math, Dynamic Programming, Number Theory, Euclidean Algorithm, Greatest Common Divisor"
EASY,Smallest Divisible Digit Product I,13.4,0.7276,https://leetcode.com/problems/smallest-divisible-digit-product-i,"Math, Enumeration"
EASY,Smallest Missing Integer Greater Than Sequential Prefix Sum,13.4,0.5011,https://leetcode.com/problems/smallest-missing-integer-greater-than-sequential-prefix-sum,"Array, Hash Table, Sorting"
EASY,Maximum Length Substring With Two Occurrences,13.4,0.7776,https://leetcode.com/problems/maximum-length-substring-with-two-occurrences,"Hash Table, String, Sliding Window"
EASY,Maximum Product of Two Digits,13.4,0.7537,https://leetcode.com/problems/maximum-product-of-two-digits,"Math, Sorting"
MEDIUM,Smallest Subsequence of Distinct Characters,13.4,0.7064,https://leetcode.com/problems/smallest-subsequence-of-distinct-characters,"String, Stack, Greedy, Monotonic Stack"
MEDIUM,Score of Parentheses,12.5,0.6347,https://leetcode.com/problems/score-of-parentheses,"String, Stack, Bracket Sequences"
EASY,Divisor Game,12.5,0.7269,https://leetcode.com/problems/divisor-game,"Math, Dynamic Programming, Brainteaser, Game Theory, Impartial Game"
MEDIUM,Group the People Given the Group Size They Belong To,12.5,0.8754,https://leetcode.com/problems/group-the-people-given-the-group-size-they-belong-to,"Array, Hash Table, Greedy"
MEDIUM,Count Numbers with Unique Digits,12.5,0.5629,https://leetcode.com/problems/count-numbers-with-unique-digits,"Math, Dynamic Programming, Backtracking"
MEDIUM,Swapping Nodes in a Linked List,12.5,0.6983,https://leetcode.com/problems/swapping-nodes-in-a-linked-list,"Linked List, Two Pointers"
MEDIUM,Count Square Submatrices with All Ones,12.5,0.8086,https://leetcode.com/problems/count-square-submatrices-with-all-ones,"Array, Dynamic Programming, Matrix"
MEDIUM,Design Bounded Blocking Queue,12.5,0.7399,https://leetcode.com/problems/design-bounded-blocking-queue,Concurrency
EASY,Reverse Words in a String III,12.5,0.8418,https://leetcode.com/problems/reverse-words-in-a-string-iii,"Two Pointers, String"
HARD,Remove Invalid Parentheses,12.5,0.5018,https://leetcode.com/problems/remove-invalid-parentheses,"String, Backtracking, Breadth-First Search"
HARD,Employee Free Time,12.5,0.7302,https://leetcode.com/problems/employee-free-time,"Array, Sweep Line, Sorting, Heap (Priority Queue)"
MEDIUM,Design Snake Game,12.5,0.4011,https://leetcode.com/problems/design-snake-game,"Array, Hash Table, Design, Queue, Simulation"
EASY,Base 7,12.5,0.5541,https://leetcode.com/problems/base-7,"Math, String"
MEDIUM,Design Tic-Tac-Toe,12.5,0.5876,https://leetcode.com/problems/design-tic-tac-toe,"Array, Hash Table, Design, Matrix, Simulation"
MEDIUM,Flatten Nested List Iterator,12.5,0.6590,https://leetcode.com/problems/flatten-nested-list-iterator,"Stack, Tree, Depth-First Search, Design, Queue, Iterator"
MEDIUM,Broken Calculator,12.5,0.5651,https://leetcode.com/problems/broken-calculator,"Math, Greedy"
MEDIUM,Letter Case Permutation,12.5,0.7612,https://leetcode.com/problems/letter-case-permutation,"String, Backtracking, Bit Manipulation"
EASY,Closest Binary Search Tree Value,12.5,0.4912,https://leetcode.com/problems/closest-binary-search-tree-value,"Binary Search, Tree, Depth-First Search, Binary Search Tree, Binary Tree"
MEDIUM,Insertion Sort List,12.5,0.6036,https://leetcode.com/problems/insertion-sort-list,"Linked List, Sorting"
MEDIUM,Number of Distinct Substrings in a String,12.5,0.6448,https://leetcode.com/problems/number-of-distinct-substrings-in-a-string,"String, Trie, Rolling Hash, Suffix Array, Hash Function"
MEDIUM,Robot Bounded In Circle,12.5,0.5665,https://leetcode.com/problems/robot-bounded-in-circle,"Math, String, Simulation"
HARD,Max Chunks To Make Sorted II,12.5,0.5513,https://leetcode.com/problems/max-chunks-to-make-sorted-ii,"Array, Stack, Greedy, Sorting, Monotonic Stack"
MEDIUM,Numbers With Same Consecutive Differences,12.5,0.5937,https://leetcode.com/problems/numbers-with-same-consecutive-differences,"Backtracking, Breadth-First Search"
HARD,Shortest Common Supersequence ,12.5,0.6232,https://leetcode.com/problems/shortest-common-supersequence,"String, Dynamic Programming, Longest Common Subsequence"
MEDIUM,Filling Bookcase Shelves,12.5,0.6867,https://leetcode.com/problems/filling-bookcase-shelves,"Array, Dynamic Programming"
MEDIUM,Range Sum of Sorted Subarray Sums,12.5,0.6300,https://leetcode.com/problems/range-sum-of-sorted-subarray-sums,"Array, Two Pointers, Binary Search, Sorting, Prefix Sum"
EASY,Minimum Bit Flips to Convert Number,12.5,0.8799,https://leetcode.com/problems/minimum-bit-flips-to-convert-number,Bit Manipulation
MEDIUM,Spiral Matrix II,12.5,0.7590,https://leetcode.com/problems/spiral-matrix-ii,"Array, Matrix, Simulation"
EASY,Create Target Array in the Given Order,12.5,0.8664,https://leetcode.com/problems/create-target-array-in-the-given-order,"Array, Simulation"
MEDIUM,Maximum Total Damage With Spell Casting,12.5,0.4501,https://leetcode.com/problems/maximum-total-damage-with-spell-casting,"Array, Hash Table, Two Pointers, Binary Search, Dynamic Programming, Sorting, Counting"
MEDIUM,The Number of the Smallest Unoccupied Chair,12.5,0.6033,https://leetcode.com/problems/the-number-of-the-smallest-unoccupied-chair,"Array, Hash Table, Heap (Priority Queue)"
EASY,Sort By,12.5,0.8304,https://leetcode.com/problems/sort-by,
MEDIUM,Minimum Number of Changes to Make Binary String Beautiful,12.5,0.7625,https://leetcode.com/problems/minimum-number-of-changes-to-make-binary-string-beautiful,String
MEDIUM,Number of Ways to Split Array,12.5,0.5575,https://leetcode.com/problems/number-of-ways-to-split-array,"Array, Prefix Sum"
MEDIUM,Construct K Palindrome Strings,12.5,0.6850,https://leetcode.com/problems/construct-k-palindrome-strings,"Hash Table, String, Greedy, Counting"
MEDIUM,Maximum Distance in Arrays,12.5,0.4563,https://leetcode.com/problems/maximum-distance-in-arrays,"Array, Greedy"
EASY,Find the Difference of Two Arrays,12.5,0.8167,https://leetcode.com/problems/find-the-difference-of-two-arrays,"Array, Hash Table"
EASY,Sort the People,12.5,0.8481,https://leetcode.com/problems/sort-the-people,"Array, Hash Table, String, Sorting"
MEDIUM,Minimum Operations to Make Binary Array Elements Equal to One I,12.5,0.8027,https://leetcode.com/problems/minimum-operations-to-make-binary-array-elements-equal-to-one-i,"Array, Bit Manipulation, Queue, Sliding Window, Prefix Sum"
EASY,Sales Analysis III,12.5,0.4844,https://leetcode.com/problems/sales-analysis-iii,Database
EASY,Remove Digit From Number to Maximize Result,12.5,0.4887,https://leetcode.com/problems/remove-digit-from-number-to-maximize-result,"String, Greedy, Enumeration"
EASY,Find Followers Count,12.5,0.6959,https://leetcode.com/problems/find-followers-count,Database
MEDIUM,Maximum Gap,12.5,0.5319,https://leetcode.com/problems/maximum-gap,"Array, Sorting, Bucket Sort, Radix Sort, Pigeonhole Principle"
MEDIUM,Bulb Switcher,12.5,0.5656,https://leetcode.com/problems/bulb-switcher,"Math, Brainteaser"
MEDIUM,Find Right Interval,12.5,0.5663,https://leetcode.com/problems/find-right-interval,"Array, Binary Search, Sorting"
EASY,Find Mode in Binary Search Tree,12.5,0.5943,https://leetcode.com/problems/find-mode-in-binary-search-tree,"Tree, Depth-First Search, Binary Search Tree, Binary Tree"
MEDIUM,Out of Boundary Paths,12.5,0.4858,https://leetcode.com/problems/out-of-boundary-paths,Dynamic Programming
MEDIUM,Distribute Coins in Binary Tree,12.5,0.7739,https://leetcode.com/problems/distribute-coins-in-binary-tree,"Tree, Depth-First Search, Binary Tree, DP on Trees"
MEDIUM,Longest Arithmetic Subsequence,12.5,0.5019,https://leetcode.com/problems/longest-arithmetic-subsequence,"Array, Hash Table, Binary Search, Dynamic Programming"
MEDIUM,Flower Planting With No Adjacent,12.5,0.5433,https://leetcode.com/problems/flower-planting-with-no-adjacent,"Depth-First Search, Breadth-First Search, Graph Theory, Graph Coloring"
HARD,Longest Duplicate Substring,12.5,0.3148,https://leetcode.com/problems/longest-duplicate-substring,"String, Binary Search, Sliding Window, Rolling Hash, Suffix Array, Hash Function, Suffix Automaton, Suffix Tree, Z Algorithm, Boyer–Moore String-Search Algorithm"
HARD,Minimum Falling Path Sum II,12.5,0.6292,https://leetcode.com/problems/minimum-falling-path-sum-ii,"Array, Dynamic Programming, Matrix"
MEDIUM,Stone Game II,12.5,0.7569,https://leetcode.com/problems/stone-game-ii,"Array, Math, Dynamic Programming, Minimax, Prefix Sum, Game Theory, Zero-Sum Game"
EASY,Find Resultant Array After Removing Anagrams,12.5,0.7000,https://leetcode.com/problems/find-resultant-array-after-removing-anagrams,"Array, Hash Table, String, Sorting"
EASY,Water Bottles,12.5,0.7252,https://leetcode.com/problems/water-bottles,"Math, Simulation"
EASY,Patients With a Condition,12.5,0.3937,https://leetcode.com/problems/patients-with-a-condition,Database
MEDIUM,Minimum Time to Make Rope Colorful,12.5,0.6517,https://leetcode.com/problems/minimum-time-to-make-rope-colorful,"Array, String, Dynamic Programming, Greedy"
EASY,Sum of All Subset XOR Totals,12.5,0.9015,https://leetcode.com/problems/sum-of-all-subset-xor-totals,"Array, Math, Backtracking, Bit Manipulation, Combinatorics, Enumeration"
HARD,Minimum Number of Operations to Make Array Continuous,12.5,0.5173,https://leetcode.com/problems/minimum-number-of-operations-to-make-array-continuous,"Array, Hash Table, Binary Search, Sliding Window"
MEDIUM,Most Frequent Subtree Sum,12.5,0.6978,https://leetcode.com/problems/most-frequent-subtree-sum,"Hash Table, Tree, Depth-First Search, Binary Tree, DP on Trees"
MEDIUM,Split Linked List in Parts,12.5,0.7075,https://leetcode.com/problems/split-linked-list-in-parts,Linked List
MEDIUM,Minimized Maximum of Products Distributed to Any Store,12.5,0.6325,https://leetcode.com/problems/minimized-maximum-of-products-distributed-to-any-store,"Array, Binary Search, Greedy"
EASY,Final Array State After K Multiplication Operations I,12.5,0.8667,https://leetcode.com/problems/final-array-state-after-k-multiplication-operations-i,"Array, Math, Heap (Priority Queue), Simulation"
EASY,Sum of Digits of String After Convert,12.5,0.7484,https://leetcode.com/problems/sum-of-digits-of-string-after-convert,"String, Simulation"
MEDIUM,Linked List in Binary Tree,12.5,0.5204,https://leetcode.com/problems/linked-list-in-binary-tree,"Linked List, Tree, Depth-First Search, Binary Tree"
MEDIUM,Sentence Similarity III,12.5,0.4839,https://leetcode.com/problems/sentence-similarity-iii,"Array, Two Pointers, String"
MEDIUM,Divide Intervals Into Minimum Number of Groups,12.5,0.6354,https://leetcode.com/problems/divide-intervals-into-minimum-number-of-groups,"Array, Two Pointers, Greedy, Sorting, Heap (Priority Queue), Prefix Sum"
EASY,Find Minimum Operations to Make All Elements Divisible by Three,12.5,0.9065,https://leetcode.com/problems/find-minimum-operations-to-make-all-elements-divisible-by-three,"Array, Math"
MEDIUM,Maximum XOR for Each Query,12.5,0.8461,https://leetcode.com/problems/maximum-xor-for-each-query,"Array, Bit Manipulation, Prefix Sum"
HARD,Maximum Sum BST in Binary Tree,12.5,0.4903,https://leetcode.com/problems/maximum-sum-bst-in-binary-tree,"Dynamic Programming, Tree, Depth-First Search, Binary Search Tree, Binary Tree, DP on Trees"
MEDIUM,Flip Columns For Maximum Number of Equal Rows,12.5,0.7853,https://leetcode.com/problems/flip-columns-for-maximum-number-of-equal-rows,"Array, Hash Table, Matrix"
MEDIUM,Special Array II,12.5,0.4578,https://leetcode.com/problems/special-array-ii,"Array, Binary Search, Prefix Sum"
HARD,Number of Visible People in a Queue,12.5,0.7366,https://leetcode.com/problems/number-of-visible-people-in-a-queue,"Array, Stack, Monotonic Stack"
EASY,Check if Array is Good,12.5,0.5720,https://leetcode.com/problems/check-if-array-is-good,"Array, Hash Table, Sorting"
MEDIUM,Word Subsets,12.5,0.5602,https://leetcode.com/problems/word-subsets,"Array, Hash Table, String"
MEDIUM,Grid Game,12.5,0.6086,https://leetcode.com/problems/grid-game,"Array, Matrix, Prefix Sum"
MEDIUM,Paint House IV,12.5,0.4450,https://leetcode.com/problems/paint-house-iv,"Array, Dynamic Programming"
EASY,Largest Local Values in a Matrix,12.5,0.8772,https://leetcode.com/problems/largest-local-values-in-a-matrix,"Array, Matrix"
EASY,Convert Binary Number in a Linked List to Integer,12.5,0.8245,https://leetcode.com/problems/convert-binary-number-in-a-linked-list-to-integer,"Linked List, Math"
MEDIUM,Shortest Path in a Hidden Grid,12.5,0.4473,https://leetcode.com/problems/shortest-path-in-a-hidden-grid,"Array, Depth-First Search, Breadth-First Search, Matrix, Interactive"
EASY,Count Pairs Whose Sum is Less than Target,12.5,0.8769,https://leetcode.com/problems/count-pairs-whose-sum-is-less-than-target,"Array, Two Pointers, Binary Search, Sorting"
MEDIUM,Find Unique Binary String,12.5,0.8124,https://leetcode.com/problems/find-unique-binary-string,"Array, Hash Table, String, Backtracking"
MEDIUM,Reach a Number,12.5,0.4571,https://leetcode.com/problems/reach-a-number,"Math, Binary Search"
EASY,Decrypt String from Alphabet to Integer Mapping,12.5,0.8071,https://leetcode.com/problems/decrypt-string-from-alphabet-to-integer-mapping,String
MEDIUM,Maximum Subsequence Score,12.5,0.5504,https://leetcode.com/problems/maximum-subsequence-score,"Array, Greedy, Sorting, Heap (Priority Queue)"
MEDIUM,Beautiful Arrangement II,12.5,0.6145,https://leetcode.com/problems/beautiful-arrangement-ii,"Array, Math"
MEDIUM,Last Stone Weight II,12.5,0.6094,https://leetcode.com/problems/last-stone-weight-ii,"Array, Dynamic Programming, Knapsack Problem, 0-1 Knapsack"
MEDIUM,Find the Minimum and Maximum Number of Nodes Between Critical Points,12.5,0.7299,https://leetcode.com/problems/find-the-minimum-and-maximum-number-of-nodes-between-critical-points,Linked List
MEDIUM,Find All Possible Recipes from Given Supplies,12.5,0.5716,https://leetcode.com/problems/find-all-possible-recipes-from-given-supplies,"Array, Hash Table, String, Graph Theory, Topological Sort, Directed Acyclic Graph"
EASY,Maximum Units on a Truck,12.5,0.7530,https://leetcode.com/problems/maximum-units-on-a-truck,"Array, Greedy, Sorting"
MEDIUM,Shifting Letters,12.5,0.4654,https://leetcode.com/problems/shifting-letters,"Array, String, Prefix Sum"
MEDIUM,Grumpy Bookstore Owner,12.5,0.6420,https://leetcode.com/problems/grumpy-bookstore-owner,"Array, Sliding Window"
EASY,Largest Number At Least Twice of Others,12.5,0.5324,https://leetcode.com/problems/largest-number-at-least-twice-of-others,"Array, Sorting"
MEDIUM,Solving Questions With Brainpower,12.5,0.6019,https://leetcode.com/problems/solving-questions-with-brainpower,"Array, Dynamic Programming"
HARD,Count Good Triplets in an Array,12.5,0.6531,https://leetcode.com/problems/count-good-triplets-in-an-array,"Array, Binary Search, Divide and Conquer, Binary Indexed Tree, Segment Tree, Merge Sort, Ordered Set"
EASY,Count Equal and Divisible Pairs in an Array,12.5,0.8377,https://leetcode.com/problems/count-equal-and-divisible-pairs-in-an-array,Array
MEDIUM,Adding Spaces to a String,12.5,0.7187,https://leetcode.com/problems/adding-spaces-to-a-string,"Array, Two Pointers, String, Simulation"
MEDIUM,Equal Row and Column Pairs,12.5,0.7135,https://leetcode.com/problems/equal-row-and-column-pairs,"Array, Hash Table, Matrix, Simulation"
MEDIUM,Count of Interesting Subarrays,12.5,0.5779,https://leetcode.com/problems/count-of-interesting-subarrays,"Array, Hash Table, Prefix Sum"
EASY,Minimum Number Game,12.5,0.8555,https://leetcode.com/problems/minimum-number-game,"Array, Sorting, Heap (Priority Queue), Simulation"
EASY,Merge Two 2D Arrays by Summing Values,12.5,0.8163,https://leetcode.com/problems/merge-two-2d-arrays-by-summing-values,"Array, Hash Table, Two Pointers"
MEDIUM,Move Pieces to Obtain a String,12.5,0.5659,https://leetcode.com/problems/move-pieces-to-obtain-a-string,"Two Pointers, String"
EASY,Number of Equivalent Domino Pairs,12.5,0.6080,https://leetcode.com/problems/number-of-equivalent-domino-pairs,"Array, Hash Table, Counting"
HARD,Maximum Number of Tasks You Can Assign,12.5,0.4993,https://leetcode.com/problems/maximum-number-of-tasks-you-can-assign,"Array, Two Pointers, Binary Search, Greedy, Queue, Sorting, Monotonic Queue"
MEDIUM,Find Maximum Number of Non Intersecting Substrings,12.5,0.3094,https://leetcode.com/problems/find-maximum-number-of-non-intersecting-substrings,"Hash Table, String, Dynamic Programming, Greedy"
HARD,Maximum Sum of Edge Values in a Graph,12.5,0.3776,https://leetcode.com/problems/maximum-sum-of-edge-values-in-a-graph,"Math, Greedy, Graph Theory"
MEDIUM,Minimum Moves to Clean the Classroom,12.5,0.5844,https://leetcode.com/problems/minimum-moves-to-clean-the-classroom,"Array, Hash Table, Bit Manipulation, Breadth-First Search, Matrix"
MEDIUM,Clumsy Factorial,12.5,0.6214,https://leetcode.com/problems/clumsy-factorial,"Math, Stack, Simulation"
HARD,Maximum Candies You Can Get from Boxes,12.5,0.6700,https://leetcode.com/problems/maximum-candies-you-can-get-from-boxes,"Array, Breadth-First Search, Graph Theory"
MEDIUM,Find the Lexicographically Largest String From the Box I,12.5,0.4072,https://leetcode.com/problems/find-the-lexicographically-largest-string-from-the-box-i,"Two Pointers, String, Enumeration"
MEDIUM,Number of Sub-arrays With Odd Sum,12.5,0.5558,https://leetcode.com/problems/number-of-sub-arrays-with-odd-sum,"Array, Math, Dynamic Programming, Prefix Sum"
MEDIUM,Minimum Operations to Make the Array Alternating,12.5,0.3596,https://leetcode.com/problems/minimum-operations-to-make-the-array-alternating,"Array, Hash Table, Greedy, Counting"
MEDIUM,Lexicographically Minimum String After Removing Stars,12.5,0.5087,https://leetcode.com/problems/lexicographically-minimum-string-after-removing-stars,"Hash Table, String, Stack, Greedy, Heap (Priority Queue)"
HARD,Maximum Difference Between Even and Odd Frequency II,12.5,0.4837,https://leetcode.com/problems/maximum-difference-between-even-and-odd-frequency-ii,"String, Sliding Window, Enumeration, Prefix Sum"
EASY,Maximum Difference Between Adjacent Elements in a Circular Array,12.5,0.7529,https://leetcode.com/problems/maximum-difference-between-adjacent-elements-in-a-circular-array,Array
MEDIUM,Find Closest Node to Given Two Nodes,12.5,0.5312,https://leetcode.com/problems/find-closest-node-to-given-two-nodes,"Depth-First Search, Graph Theory"
EASY,Generate Tag for Video Caption,12.5,0.3253,https://leetcode.com/problems/generate-tag-for-video-caption,"String, Simulation"
HARD,Longest Happy Prefix,12.5,0.5398,https://leetcode.com/problems/longest-happy-prefix,"String, Rolling Hash, String Matching, Hash Function, Z Algorithm, Knuth–Morris–Pratt Algorithm"
HARD,Sum of k-Mirror Numbers,12.5,0.6355,https://leetcode.com/problems/sum-of-k-mirror-numbers,"Math, Enumeration"
MEDIUM,Insert Greatest Common Divisors in Linked List,12.5,0.9127,https://leetcode.com/problems/insert-greatest-common-divisors-in-linked-list,"Linked List, Math, Number Theory"
HARD,Scramble String,12.5,0.4572,https://leetcode.com/problems/scramble-string,"String, Dynamic Programming"
EASY,Largest Number After Digit Swaps by Parity,12.5,0.6571,https://leetcode.com/problems/largest-number-after-digit-swaps-by-parity,"Sorting, Heap (Priority Queue)"
HARD,Find the Original Typed String II,12.5,0.4519,https://leetcode.com/problems/find-the-original-typed-string-ii,"String, Dynamic Programming, Prefix Sum"
EASY,Student Attendance Record I,12.5,0.5054,https://leetcode.com/problems/student-attendance-record-i,String
MEDIUM,Reschedule Meetings for Maximum Free Time I,12.5,0.5390,https://leetcode.com/problems/reschedule-meetings-for-maximum-free-time-i,"Array, Greedy, Sliding Window"
EASY,Partition Array Into Three Parts With Equal Sum,12.5,0.4312,https://leetcode.com/problems/partition-array-into-three-parts-with-equal-sum,"Array, Greedy"
EASY,Calculator with Method Chaining,12.5,0.7695,https://leetcode.com/problems/calculator-with-method-chaining,
HARD,The Earliest and Latest Rounds Where Players Compete,12.5,0.7198,https://leetcode.com/problems/the-earliest-and-latest-rounds-where-players-compete,"Dynamic Programming, Memoization"
HARD,Orderly Queue,12.5,0.6726,https://leetcode.com/problems/orderly-queue,"Math, String, Sorting, Lexicographically Minimal String Rotation"
HARD,Minimum Difference in Sums After Removal of Elements,12.5,0.6952,https://leetcode.com/problems/minimum-difference-in-sums-after-removal-of-elements,"Array, Dynamic Programming, Heap (Priority Queue)"
MEDIUM,Memoize,12.5,0.6535,https://leetcode.com/problems/memoize,
EASY,Check if Two Chessboard Squares Have the Same Color,12.5,0.7232,https://leetcode.com/problems/check-if-two-chessboard-squares-have-the-same-color,"Math, String"
EASY,Add Two Promises,12.5,0.9170,https://leetcode.com/problems/add-two-promises,
HARD,Maximize Subarrays After Removing One Conflicting Pair,12.5,0.6408,https://leetcode.com/problems/maximize-subarrays-after-removing-one-conflicting-pair,"Array, Segment Tree, Enumeration, Prefix Sum"
MEDIUM,Count Number of Maximum Bitwise-OR Subsets,12.5,0.8946,https://leetcode.com/problems/count-number-of-maximum-bitwise-or-subsets,"Array, Backtracking, Bit Manipulation, Enumeration"
EASY,Minimum Cuts to Divide a Circle,12.5,0.5687,https://leetcode.com/problems/minimum-cuts-to-divide-a-circle,"Math, Geometry"
EASY,Sum of Unique Elements,12.5,0.8038,https://leetcode.com/problems/sum-of-unique-elements,"Array, Hash Table, Counting"
MEDIUM,Smallest String With Swaps,12.5,0.6108,https://leetcode.com/problems/smallest-string-with-swaps,"Array, Hash Table, String, Depth-First Search, Breadth-First Search, Union-Find, Sorting"
HARD,Rearranging Fruits,12.5,0.5725,https://leetcode.com/problems/rearranging-fruits,"Array, Hash Table, Greedy, Sort"
MEDIUM,The Number of Beautiful Subsets,12.5,0.5104,https://leetcode.com/problems/the-number-of-beautiful-subsets,"Array, Hash Table, Math, Dynamic Programming, Backtracking, Sorting, Combinatorics"
EASY,Difference Between Element Sum and Digit Sum of an Array,12.5,0.8552,https://leetcode.com/problems/difference-between-element-sum-and-digit-sum-of-an-array,"Array, Math"
MEDIUM,The Maze,12.5,0.6054,https://leetcode.com/problems/the-maze,"Array, Depth-First Search, Breadth-First Search, Matrix"
EASY,Pass the Pillow,12.5,0.5669,https://leetcode.com/problems/pass-the-pillow,"Math, Simulation"
HARD,Minimum Interval to Include Each Query,12.5,0.5527,https://leetcode.com/problems/minimum-interval-to-include-each-query,"Array, Binary Search, Sweep Line, Sorting, Heap (Priority Queue)"
MEDIUM,Bitwise AND of Numbers Range,12.5,0.4924,https://leetcode.com/problems/bitwise-and-of-numbers-range,Bit Manipulation
HARD,Sort Items by Groups Respecting Dependencies,12.5,0.6612,https://leetcode.com/problems/sort-items-by-groups-respecting-dependencies,"Depth-First Search, Breadth-First Search, Graph Theory, Topological Sort, Directed Acyclic Graph"
MEDIUM,Alice and Bob Playing Flower Game,12.5,0.5997,https://leetcode.com/problems/alice-and-bob-playing-flower-game,Math
MEDIUM,Generate Binary Strings Without Adjacent Zeros,12.5,0.8873,https://leetcode.com/problems/generate-binary-strings-without-adjacent-zeros,"String, Backtracking, Bit Manipulation"
EASY,Find Closest Person,12.5,0.8872,https://leetcode.com/problems/find-closest-person,Math
MEDIUM,Choose K Elements With Maximum Sum,12.5,0.3447,https://leetcode.com/problems/choose-k-elements-with-maximum-sum,"Array, Sorting, Heap (Priority Queue)"
EASY,A Number After a Double Reversal,12.5,0.8283,https://leetcode.com/problems/a-number-after-a-double-reversal,Math
MEDIUM,Minimum Number of People to Teach,12.5,0.6725,https://leetcode.com/problems/minimum-number-of-people-to-teach,"Array, Hash Table, Greedy"
MEDIUM,Beautiful Arrangement,12.5,0.6497,https://leetcode.com/problems/beautiful-arrangement,"Array, Dynamic Programming, Backtracking, Bit Manipulation, Bitmask"
HARD,Maximum Number of Points From Grid Queries,12.5,0.5922,https://leetcode.com/problems/maximum-number-of-points-from-grid-queries,"Array, Two Pointers, Breadth-First Search, Union-Find, Sorting, Heap (Priority Queue), Matrix"
EASY,Find the Winning Player in Coin Game,12.5,0.5392,https://leetcode.com/problems/find-the-winning-player-in-coin-game,"Math, Simulation, Game Theory"
MEDIUM,Lexicographically Smallest Equivalent String,12.5,0.8112,https://leetcode.com/problems/lexicographically-smallest-equivalent-string,"String, Union-Find"
EASY,Find Subarrays With Equal Sum,12.5,0.6742,https://leetcode.com/problems/find-subarrays-with-equal-sum,"Array, Hash Table"
MEDIUM,Fraction to Recurring Decimal,12.5,0.3146,https://leetcode.com/problems/fraction-to-recurring-decimal,"Hash Table, Math, String"
EASY,Minimum Common Value,12.5,0.6066,https://leetcode.com/problems/minimum-common-value,"Array, Hash Table, Two Pointers, Binary Search"
EASY,Make Two Arrays Equal by Reversing Subarrays,12.5,0.7584,https://leetcode.com/problems/make-two-arrays-equal-by-reversing-subarrays,"Array, Hash Table, Sorting"
MEDIUM,Count Number of Bad Pairs,12.5,0.5411,https://leetcode.com/problems/count-number-of-bad-pairs,"Array, Hash Table, Math, Counting"
MEDIUM,Dota2 Senate,12.5,0.5057,https://leetcode.com/problems/dota2-senate,"String, Greedy, Queue"
EASY,Adjacent Increasing Subarrays Detection I,12.5,0.4801,https://leetcode.com/problems/adjacent-increasing-subarrays-detection-i,Array
MEDIUM,Maximum Number of Distinct Elements After Operations,12.5,0.5211,https://leetcode.com/problems/maximum-number-of-distinct-elements-after-operations,"Array, Greedy, Sorting"
MEDIUM,K Radius Subarray Averages,12.5,0.4653,https://leetcode.com/problems/k-radius-subarray-averages,"Array, Sliding Window"
HARD,Minimum Moves to Reach Target in Grid,12.5,0.1523,https://leetcode.com/problems/minimum-moves-to-reach-target-in-grid,Math
EASY,Largest Positive Integer That Exists With Its Negative,12.5,0.7449,https://leetcode.com/problems/largest-positive-integer-that-exists-with-its-negative,"Array, Hash Table, Two Pointers, Sorting"
EASY,Generate Fibonacci Sequence,12.5,0.8351,https://leetcode.com/problems/generate-fibonacci-sequence,
HARD,Find X-Sum of All K-Long Subarrays II,12.5,0.4109,https://leetcode.com/problems/find-x-sum-of-all-k-long-subarrays-ii,"Array, Hash Table, Sliding Window, Heap (Priority Queue)"
HARD,Number of Ways to Form a Target String Given a Dictionary,12.5,0.5625,https://leetcode.com/problems/number-of-ways-to-form-a-target-string-given-a-dictionary,"Array, String, Dynamic Programming"
HARD,Minimum One Bit Operations to Make Integers Zero,12.5,0.7821,https://leetcode.com/problems/minimum-one-bit-operations-to-make-integers-zero,"Math, Dynamic Programming, Bit Manipulation, Recursion, Memoization"
HARD,Tiling a Rectangle with the Fewest Squares,12.5,0.5542,https://leetcode.com/problems/tiling-a-rectangle-with-the-fewest-squares,Backtracking
HARD,Delete Duplicate Folders in System,12.5,0.7718,https://leetcode.com/problems/delete-duplicate-folders-in-system,"Array, Hash Table, String, Depth-First Search, Trie, Sorting, Hash Function"
MEDIUM,Count the Number of Substrings With Dominant Ones,12.5,0.4177,https://leetcode.com/problems/count-the-number-of-substrings-with-dominant-ones,"String, Enumeration"
EASY,Check If All 1's Are at Least Length K Places Away,12.5,0.6432,https://leetcode.com/problems/check-if-all-1s-are-at-least-length-k-places-away,Array
EASY,1-bit and 2-bit Characters,12.5,0.4974,https://leetcode.com/problems/1-bit-and-2-bit-characters,Array
MEDIUM,Add One Row to Tree,12.5,0.6421,https://leetcode.com/problems/add-one-row-to-tree,"Tree, Depth-First Search, Breadth-First Search, Binary Tree"
EASY,Keep Multiplying Found Values by Two,12.5,0.7496,https://leetcode.com/problems/keep-multiplying-found-values-by-two,"Array, Hash Table, Sorting, Simulation"
MEDIUM,Decoded String at Index,12.5,0.3756,https://leetcode.com/problems/decoded-string-at-index,"String, Stack"
MEDIUM,Find Beautiful Indices in the Given Array I,12.5,0.4138,https://leetcode.com/problems/find-beautiful-indices-in-the-given-array-i,"Two Pointers, String, Binary Search, Rolling Hash, String Matching, Hash Function, Z Algorithm, Knuth–Morris–Pratt Algorithm, Boyer–Moore String-Search Algorithm"
MEDIUM,Smallest Integer Divisible by K,12.5,0.5414,https://leetcode.com/problems/smallest-integer-divisible-by-k,"Hash Table, Math, Pigeonhole Principle"
HARD,Maximum Running Time of N Computers,12.5,0.5633,https://leetcode.com/problems/maximum-running-time-of-n-computers,"Array, Binary Search, Greedy, Sorting"
EASY,Count Partitions with Even Sum Difference,12.5,0.8518,https://leetcode.com/problems/count-partitions-with-even-sum-difference,"Array, Math, Prefix Sum"
MEDIUM,Tree Node,12.5,0.7658,https://leetcode.com/problems/tree-node,Database
HARD,Student Attendance Record II,12.5,0.5699,https://leetcode.com/problems/student-attendance-record-ii,Dynamic Programming
MEDIUM,Cinema Seat Allocation,12.5,0.5698,https://leetcode.com/problems/cinema-seat-allocation,"Array, Hash Table, Greedy, Bit Manipulation"
HARD,Put Marbles in Bags,12.5,0.7204,https://leetcode.com/problems/put-marbles-in-bags,"Array, Greedy, Sorting, Heap (Priority Queue)"
MEDIUM,Count Number of Trapezoids I,12.5,0.4811,https://leetcode.com/problems/count-number-of-trapezoids-i,"Array, Hash Table, Math, Geometry"
MEDIUM,Count Mentions Per User,12.5,0.5059,https://leetcode.com/problems/count-mentions-per-user,"Array, Math, Sorting, Simulation"
HARD,Number of Ways to Divide a Long Corridor,12.5,0.5450,https://leetcode.com/problems/number-of-ways-to-divide-a-long-corridor,"Math, String, Dynamic Programming"
MEDIUM,Design Spreadsheet,12.5,0.7336,https://leetcode.com/problems/design-spreadsheet,"Array, Hash Table, String, Design, Matrix"
HARD,Maximum Frequency of an Element After Performing Operations II,12.5,0.5363,https://leetcode.com/problems/maximum-frequency-of-an-element-after-performing-operations-ii,"Array, Binary Search, Sliding Window, Sorting, Prefix Sum"
EASY,Count Square Sum Triples,12.5,0.7718,https://leetcode.com/problems/count-square-sum-triples,"Math, Enumeration"
MEDIUM,Minimum Moves to Balance Circular Array,12.5,0.3999,https://leetcode.com/problems/minimum-moves-to-balance-circular-array,"Array, Greedy, Sorting"
MEDIUM,Delete Columns to Make Sorted II,12.5,0.4975,https://leetcode.com/problems/delete-columns-to-make-sorted-ii,"Array, String, Greedy"
EASY,Check if All A's Appears Before All B's,12.5,0.7341,https://leetcode.com/problems/check-if-all-as-appears-before-all-bs,String
MEDIUM,Circular Array Loop,12.5,0.3855,https://leetcode.com/problems/circular-array-loop,"Array, Hash Table, Two Pointers, Floyd's Cycle Finding Algorithm"
HARD,Number of Good Paths,12.5,0.5675,https://leetcode.com/problems/number-of-good-paths,"Array, Hash Table, Tree, Union-Find, Graph Theory, Sorting"
EASY,Apple Redistribution into Boxes,12.5,0.7845,https://leetcode.com/problems/apple-redistribution-into-boxes,"Array, Greedy, Sorting"
MEDIUM,Analyze Subscription Conversion ,12.5,0.7178,https://leetcode.com/problems/analyze-subscription-conversion,Database
HARD,Meeting Rooms III,12.5,0.5135,https://leetcode.com/problems/meeting-rooms-iii,"Array, Hash Table, Sorting, Heap (Priority Queue), Simulation"
MEDIUM,Find Minimum Cost to Remove Array Elements,12.5,0.2239,https://leetcode.com/problems/find-minimum-cost-to-remove-array-elements,"Array, Dynamic Programming"
MEDIUM,Mini Parser,12.5,0.4372,https://leetcode.com/problems/mini-parser,"String, Stack, Depth-First Search"
HARD,Max Dot Product of Two Subsequences,12.5,0.6937,https://leetcode.com/problems/max-dot-product-of-two-subsequences,"Array, Dynamic Programming, Longest Common Subsequence"
HARD,Arithmetic Slices II - Subsequence,12.5,0.5530,https://leetcode.com/problems/arithmetic-slices-ii-subsequence,"Array, Dynamic Programming"
MEDIUM,Total Hamming Distance,12.5,0.5557,https://leetcode.com/problems/total-hamming-distance,"Array, Math, Bit Manipulation"
MEDIUM,Number of Perfect Pairs,12.5,0.3450,https://leetcode.com/problems/number-of-perfect-pairs,"Array, Math, Two Pointers, Sorting"
EASY,Construct the Minimum Bitwise Array I,12.5,0.8498,https://leetcode.com/problems/construct-the-minimum-bitwise-array-i,"Array, Bit Manipulation"
EASY,Root Equals Sum of Children,12.5,0.8520,https://leetcode.com/problems/root-equals-sum-of-children,"Tree, Binary Tree"
MEDIUM,Minimum Cost Path with Edge Reversals,12.5,0.6153,https://leetcode.com/problems/minimum-cost-path-with-edge-reversals,"Graph Theory, Heap (Priority Queue), Shortest Path"
EASY,Minimize String Length,12.5,0.8002,https://leetcode.com/problems/minimize-string-length,"Hash Table, String"
MEDIUM,Rectangle Area,12.5,0.5043,https://leetcode.com/problems/rectangle-area,"Math, Geometry"
MEDIUM,Maximum Difference Between Node and Ancestor,12.5,0.7827,https://leetcode.com/problems/maximum-difference-between-node-and-ancestor,"Tree, Depth-First Search, Binary Tree"
MEDIUM,Find And Replace in String,12.5,0.5070,https://leetcode.com/problems/find-and-replace-in-string,"Array, Hash Table, String, Sorting"
EASY,Binary Gap,12.5,0.7443,https://leetcode.com/problems/binary-gap,Bit Manipulation
HARD,Trionic Array II,12.5,0.4714,https://leetcode.com/problems/trionic-array-ii,"Array, Dynamic Programming"
EASY,GCD of Odd and Even Sums,12.5,0.8958,https://leetcode.com/problems/gcd-of-odd-and-even-sums,"Math, Number Theory"
HARD,Self Crossing,12.5,0.3652,https://leetcode.com/problems/self-crossing,"Array, Math, Geometry"
HARD,Replace Non-Coprime Numbers in Array,12.5,0.5765,https://leetcode.com/problems/replace-non-coprime-numbers-in-array,"Array, Math, Stack, Number Theory, Least Common Multiple, Greatest Common Divisor"
MEDIUM,Linked List Components,12.5,0.5828,https://leetcode.com/problems/linked-list-components,"Array, Hash Table, Linked List"
MEDIUM,The Dining Philosophers,12.5,0.5458,https://leetcode.com/problems/the-dining-philosophers,Concurrency
EASY,Sort Array By Parity II,12.5,0.7137,https://leetcode.com/problems/sort-array-by-parity-ii,"Array, Two Pointers, Sorting"
MEDIUM,Max Consecutive Ones II,12.5,0.5217,https://leetcode.com/problems/max-consecutive-ones-ii,"Array, Dynamic Programming, Sliding Window"
MEDIUM,Partition to K Equal Sum Subsets,12.5,0.3890,https://leetcode.com/problems/partition-to-k-equal-sum-subsets,"Array, Dynamic Programming, Backtracking, Bit Manipulation, Memoization, Bitmask"
MEDIUM,Construct the Lexicographically Largest Valid Sequence,12.5,0.7265,https://leetcode.com/problems/construct-the-lexicographically-largest-valid-sequence,"Array, Backtracking"
EASY,Tenth Line,12.5,0.3785,https://leetcode.com/problems/tenth-line,Shell
EASY,Select Data,12.5,0.7834,https://leetcode.com/problems/select-data,
MEDIUM,Check Digitorial Permutation,12.5,0.4704,https://leetcode.com/problems/check-digitorial-permutation,"Math, Counting"
EASY,Minimum Changes To Make Alternating Binary String,12.5,0.6790,https://leetcode.com/problems/minimum-changes-to-make-alternating-binary-string,String
MEDIUM,Swap Adjacent in LR String,12.5,0.3844,https://leetcode.com/problems/swap-adjacent-in-lr-string,"Two Pointers, String"
MEDIUM,Find the Number of Ways to Place People I,12.5,0.6371,https://leetcode.com/problems/find-the-number-of-ways-to-place-people-i,"Array, Math, Geometry, Sorting, Enumeration"
EASY,The K Weakest Rows in a Matrix,12.5,0.7456,https://leetcode.com/problems/the-k-weakest-rows-in-a-matrix,"Array, Binary Search, Sorting, Heap (Priority Queue), Matrix"
HARD,Fancy Sequence,12.5,0.4166,https://leetcode.com/problems/fancy-sequence,"Math, Design, Segment Tree, Number Theory, Fermat's Little Theorem"
MEDIUM,Maximum Frequency of an Element After Performing Operations I,12.5,0.4025,https://leetcode.com/problems/maximum-frequency-of-an-element-after-performing-operations-i,"Array, Binary Search, Sliding Window, Sorting, Prefix Sum"
MEDIUM,Maximum Frequency After Subarray Operation,12.5,0.3146,https://leetcode.com/problems/maximum-frequency-after-subarray-operation,"Array, Hash Table, Dynamic Programming, Greedy, Enumeration, Prefix Sum"
EASY,Daily Leads and Partners,12.5,0.8701,https://leetcode.com/problems/daily-leads-and-partners,Database
MEDIUM,Construct Product Matrix,12.5,0.5179,https://leetcode.com/problems/construct-product-matrix,"Array, Matrix, Prefix Sum"
MEDIUM,Equal Sum Grid Partition I,12.5,0.5286,https://leetcode.com/problems/equal-sum-grid-partition-i,"Array, Matrix, Enumeration, Prefix Sum"
MEDIUM,Count Unguarded Cells in the Grid,12.5,0.6915,https://leetcode.com/problems/count-unguarded-cells-in-the-grid,"Array, Matrix, Simulation"
HARD,Human Traffic of Stadium,12.5,0.5222,https://leetcode.com/problems/human-traffic-of-stadium,Database
MEDIUM,Maximal Score After Applying K Operations,12.5,0.6423,https://leetcode.com/problems/maximal-score-after-applying-k-operations,"Array, Greedy, Heap (Priority Queue)"
EASY,Find the Largest Almost Missing Integer,12.5,0.4926,https://leetcode.com/problems/find-the-largest-almost-missing-integer,"Array, Hash Table"
MEDIUM,Smallest Number in Infinite Set,12.5,0.7067,https://leetcode.com/problems/smallest-number-in-infinite-set,"Hash Table, Design, Heap (Priority Queue), Ordered Set"
MEDIUM,Merge In Between Linked Lists,12.5,0.8319,https://leetcode.com/problems/merge-in-between-linked-lists,Linked List
EASY,Minimum Distance to the Target Element,12.5,0.6429,https://leetcode.com/problems/minimum-distance-to-the-target-element,Array
EASY,Classes With at Least 5 Students,12.5,0.6504,https://leetcode.com/problems/classes-with-at-least-5-students,Database
HARD,Maximize the Distance Between Points on a Square,12.5,0.5097,https://leetcode.com/problems/maximize-the-distance-between-points-on-a-square,"Array, Math, Binary Search, Geometry, Sorting"
MEDIUM,Greatest Sum Divisible by Three,12.5,0.5700,https://leetcode.com/problems/greatest-sum-divisible-by-three,"Array, Dynamic Programming, Greedy, Sorting"
EASY,Substrings of Size Three with Distinct Characters,12.5,0.7720,https://leetcode.com/problems/substrings-of-size-three-with-distinct-characters,"Hash Table, String, Sliding Window, Counting"
MEDIUM,Jump Game IX,12.5,0.4617,https://leetcode.com/problems/jump-game-ix,"Array, Dynamic Programming"
MEDIUM,Minimize Hamming Distance After Swap Operations,12.5,0.6976,https://leetcode.com/problems/minimize-hamming-distance-after-swap-operations,"Array, Depth-First Search, Union-Find"
MEDIUM,Build an Array With Stack Operations,12.5,0.8083,https://leetcode.com/problems/build-an-array-with-stack-operations,"Array, Stack, Simulation"
MEDIUM,Minimum Moves to Equal Array Elements,12.5,0.5916,https://leetcode.com/problems/minimum-moves-to-equal-array-elements,"Array, Math"
EASY,Three Divisors,12.5,0.6500,https://leetcode.com/problems/three-divisors,"Math, Enumeration, Number Theory, Prime Factorization, Sieve Theory"
MEDIUM,Number of Boomerangs,12.5,0.5814,https://leetcode.com/problems/number-of-boomerangs,"Array, Hash Table, Math"
MEDIUM,Check If Array Pairs Are Divisible by k,12.5,0.4621,https://leetcode.com/problems/check-if-array-pairs-are-divisible-by-k,"Array, Hash Table, Counting"
EASY,Number of Unique Subjects Taught by Each Teacher,12.5,0.8936,https://leetcode.com/problems/number-of-unique-subjects-taught-by-each-teacher,Database
EASY,Range Addition II,12.5,0.5936,https://leetcode.com/problems/range-addition-ii,"Array, Math"
MEDIUM,Minimum Number of Coins to be Added,12.5,0.5811,https://leetcode.com/problems/minimum-number-of-coins-to-be-added,"Array, Greedy, Sorting"
MEDIUM,Minimum Jumps to Reach Home,12.5,0.3111,https://leetcode.com/problems/minimum-jumps-to-reach-home,"Array, Hash Table, Breadth-First Search"
EASY,Weighted Word Mapping,12.5,0.9025,https://leetcode.com/problems/weighted-word-mapping,"Array, String, Simulation"
MEDIUM,Stock Price Fluctuation ,12.5,0.4940,https://leetcode.com/problems/stock-price-fluctuation,"Hash Table, Design, Heap (Priority Queue), Data Stream, Ordered Set"
MEDIUM,Maximum Ice Cream Bars,12.5,0.7726,https://leetcode.com/problems/maximum-ice-cream-bars,"Array, Greedy, Sorting, Counting Sort"
EASY,Maximum Number of Balloons,12.5,0.6434,https://leetcode.com/problems/maximum-number-of-balloons,"Hash Table, String, Counting"
HARD,Minimum Swaps To Make Sequences Increasing,12.5,0.4198,https://leetcode.com/problems/minimum-swaps-to-make-sequences-increasing,"Array, Dynamic Programming"
HARD,Number of ZigZag Arrays I,12.5,0.5004,https://leetcode.com/problems/number-of-zigzag-arrays-i,"Dynamic Programming, Prefix Sum"
HARD,Count the Number of Inversions,12.5,0.3201,https://leetcode.com/problems/count-the-number-of-inversions,"Array, Dynamic Programming"
MEDIUM,Word Frequency,12.5,0.3017,https://leetcode.com/problems/word-frequency,Shell
MEDIUM,Employee Importance,12.5,0.6983,https://leetcode.com/problems/employee-importance,"Array, Hash Table, Tree, Depth-First Search, Breadth-First Search"
HARD,Shortest Impossible Sequence of Rolls,12.5,0.6938,https://leetcode.com/problems/shortest-impossible-sequence-of-rolls,"Array, Hash Table, Greedy"
MEDIUM,Transpose File,12.5,0.3396,https://leetcode.com/problems/transpose-file,Shell
EASY,Unique 3-Digit Even Numbers,12.5,0.7993,https://leetcode.com/problems/unique-3-digit-even-numbers,"Array, Hash Table, Recursion, Enumeration"
MEDIUM,Most Popular Video Creator,12.5,0.4559,https://leetcode.com/problems/most-popular-video-creator,"Array, Hash Table, String, Sorting, Heap (Priority Queue)"
EASY,Number of Strings That Appear as Substrings in Word,12.5,0.8622,https://leetcode.com/problems/number-of-strings-that-appear-as-substrings-in-word,"Array, String"
MEDIUM,Find the Safest Path in a Grid,12.5,0.5720,https://leetcode.com/problems/find-the-safest-path-in-a-grid,"Array, Binary Search, Breadth-First Search, Union-Find, Heap (Priority Queue), Matrix"
MEDIUM,Concatenate Non-Zero Digits and Multiply by Sum II,12.5,0.4267,https://leetcode.com/problems/concatenate-non-zero-digits-and-multiply-by-sum-ii,"Math, String, Prefix Sum"
MEDIUM,Count Subarrays With Majority Element I,12.5,0.7522,https://leetcode.com/problems/count-subarrays-with-majority-element-i,"Array, Hash Table, Divide and Conquer, Segment Tree, Merge Sort, Counting, Prefix Sum"
HARD,Network Recovery Pathways,12.5,0.5046,https://leetcode.com/problems/network-recovery-pathways,"Array, Binary Search, Dynamic Programming, Graph Theory, Topological Sort, Heap (Priority Queue), Shortest Path"
MEDIUM,Minimum Number of Pushes to Type Word II,12.5,0.8312,https://leetcode.com/problems/minimum-number-of-pushes-to-type-word-ii,"Hash Table, String, Greedy, Sorting, Counting"
HARD,Maximum Score of a Good Subarray,12.5,0.6422,https://leetcode.com/problems/maximum-score-of-a-good-subarray,"Array, Two Pointers, Binary Search, Stack, Monotonic Stack, Cartesian Tree"
MEDIUM,Count Ways To Build Good Strings,12.5,0.5881,https://leetcode.com/problems/count-ways-to-build-good-strings,Dynamic Programming
HARD,Naming a Company,12.5,0.4659,https://leetcode.com/problems/naming-a-company,"Array, Hash Table, String, Bit Manipulation, Enumeration"
HARD,Path Existence Queries in a Graph II,12.5,0.6371,https://leetcode.com/problems/path-existence-queries-in-a-graph-ii,"Array, Two Pointers, Binary Search, Dynamic Programming, Greedy, Bit Manipulation, Graph Theory, Sorting"
MEDIUM,Find the Sequence of Strings Appeared on the Screen,12.5,0.7964,https://leetcode.com/problems/find-the-sequence-of-strings-appeared-on-the-screen,"String, Simulation"
MEDIUM,Maximum Element After Decreasing and Rearranging,12.5,0.6916,https://leetcode.com/problems/maximum-element-after-decreasing-and-rearranging,"Array, Greedy, Sorting"
MEDIUM,Minimum Cost Tree From Leaf Values,12.5,0.6796,https://leetcode.com/problems/minimum-cost-tree-from-leaf-values,"Array, Dynamic Programming, Stack, Greedy, Monotonic Stack, Cartesian Tree"
EASY,Monotonic Array,12.5,0.6270,https://leetcode.com/problems/monotonic-array,Array
HARD,Minimum Number of Days to Disconnect Island,12.5,0.5866,https://leetcode.com/problems/minimum-number-of-days-to-disconnect-island,"Array, Depth-First Search, Breadth-First Search, Matrix, Strongly Connected Component, Articulation Point"
MEDIUM,Minimum Length of String After Operations,12.5,0.7493,https://leetcode.com/problems/minimum-length-of-string-after-operations,"Hash Table, String, Counting"
HARD,Russian Doll Envelopes,12.5,0.3825,https://leetcode.com/problems/russian-doll-envelopes,"Array, Binary Search, Dynamic Programming, Sorting, Longest Increasing Subsequence"
MEDIUM,Longest Continuous Subarray With Absolute Diff Less Than or Equal to Limit,12.5,0.5809,https://leetcode.com/problems/longest-continuous-subarray-with-absolute-diff-less-than-or-equal-to-limit,"Array, Queue, Sliding Window, Heap (Priority Queue), Ordered Set, Monotonic Queue"
MEDIUM,Maximum Alternating Subsequence Sum,12.5,0.5929,https://leetcode.com/problems/maximum-alternating-subsequence-sum,"Array, Dynamic Programming"
MEDIUM,Minimum Swaps to Group All 1's Together II,12.5,0.6576,https://leetcode.com/problems/minimum-swaps-to-group-all-1s-together-ii,"Array, Sliding Window"
MEDIUM,Maximum Number of Points with Cost,12.5,0.4157,https://leetcode.com/problems/maximum-number-of-points-with-cost,"Array, Dynamic Programming, Matrix"
MEDIUM,Find Missing Observations,12.5,0.5740,https://leetcode.com/problems/find-missing-observations,"Array, Math, Simulation"
MEDIUM,Split a String Into the Max Number of Unique Substrings,12.5,0.6880,https://leetcode.com/problems/split-a-string-into-the-max-number-of-unique-substrings,"Hash Table, String, Backtracking"
EASY,Circular Sentence,12.5,0.7005,https://leetcode.com/problems/circular-sentence,String
HARD,Sliding Window Median,12.5,0.3915,https://leetcode.com/problems/sliding-window-median,"Array, Hash Table, Sliding Window, Heap (Priority Queue), Treap"
MEDIUM,Minimize XOR,12.5,0.6226,https://leetcode.com/problems/minimize-xor,"Greedy, Bit Manipulation"
MEDIUM,First Completely Painted Row or Column,12.5,0.6359,https://leetcode.com/problems/first-completely-painted-row-or-column,"Array, Hash Table, Matrix"
MEDIUM,Maximum and Minimum Sums of at Most Size K Subsequences,12.5,0.2206,https://leetcode.com/problems/maximum-and-minimum-sums-of-at-most-size-k-subsequences,"Array, Math, Dynamic Programming, Sorting, Combinatorics"
MEDIUM,Find Original Array From Doubled Array,12.5,0.4094,https://leetcode.com/problems/find-original-array-from-doubled-array,"Array, Hash Table, Greedy, Sorting"
MEDIUM,Longest Univalue Path,12.5,0.4451,https://leetcode.com/problems/longest-univalue-path,"Tree, Depth-First Search, Binary Tree, DP on Trees"
MEDIUM,Shortest String That Contains Three Strings,12.5,0.3233,https://leetcode.com/problems/shortest-string-that-contains-three-strings,"String, Greedy, Enumeration"
MEDIUM,Sort the Jumbled Numbers,12.5,0.5994,https://leetcode.com/problems/sort-the-jumbled-numbers,"Array, Sorting"
MEDIUM,Construct Binary Tree from String,12.5,0.5868,https://leetcode.com/problems/construct-binary-tree-from-string,"String, Stack, Tree, Depth-First Search, Binary Tree"
EASY,Find Words Containing Character,12.5,0.9022,https://leetcode.com/problems/find-words-containing-character,"Array, String"
HARD,Non-negative Integers without Consecutive Ones,12.5,0.4344,https://leetcode.com/problems/non-negative-integers-without-consecutive-ones,Dynamic Programming
MEDIUM,Maximum Number of Operations to Move Ones to the End,12.5,0.6692,https://leetcode.com/problems/maximum-number-of-operations-to-move-ones-to-the-end,"String, Greedy, Counting"
MEDIUM,Battleships in a Board,12.5,0.7782,https://leetcode.com/problems/battleships-in-a-board,"Array, Depth-First Search, Matrix"
EASY,Minimum Moves to Convert String,12.5,0.5841,https://leetcode.com/problems/minimum-moves-to-convert-string,"String, Greedy"
EASY,Convert 1D Array Into 2D Array,12.5,0.7250,https://leetcode.com/problems/convert-1d-array-into-2d-array,"Array, Matrix, Simulation"
MEDIUM,Minimum Knight Moves,12.5,0.4211,https://leetcode.com/problems/minimum-knight-moves,"Breadth-First Search, Heuristic Search, Bidirectional Search, A* Search"
HARD,Find the Closest Palindrome,12.5,0.3213,https://leetcode.com/problems/find-the-closest-palindrome,"Math, String"
EASY,Maximum Ascending Subarray Sum,12.5,0.6628,https://leetcode.com/problems/maximum-ascending-subarray-sum,Array
EASY,Binary Number with Alternating Bits,12.5,0.7007,https://leetcode.com/problems/binary-number-with-alternating-bits,Bit Manipulation
MEDIUM,Matchsticks to Square,12.5,0.4234,https://leetcode.com/problems/matchsticks-to-square,"Array, Dynamic Programming, Backtracking, Bit Manipulation, Bitmask"
MEDIUM,Count Univalue Subtrees,8.4,0.5761,https://leetcode.com/problems/count-univalue-subtrees,"Tree, Depth-First Search, Binary Tree, DP on Trees"
EASY,Average Salary Excluding the Minimum and Maximum Salary,8.4,0.6358,https://leetcode.com/problems/average-salary-excluding-the-minimum-and-maximum-salary,"Array, Sorting"
MEDIUM,The kth Factor of n,8.4,0.7081,https://leetcode.com/problems/the-kth-factor-of-n,"Math, Number Theory, Prime Factorization"
MEDIUM,Regions Cut By Slashes,8.4,0.7756,https://leetcode.com/problems/regions-cut-by-slashes,"Array, Hash Table, Depth-First Search, Breadth-First Search, Union-Find, Matrix, Planar Graph"
HARD,Sum of Prefix Scores of Strings,8.4,0.6089,https://leetcode.com/problems/sum-of-prefix-scores-of-strings,"Array, String, Trie, Counting"
MEDIUM,Divide Players Into Teams of Equal Skill,8.4,0.6891,https://leetcode.com/problems/divide-players-into-teams-of-equal-skill,"Array, Hash Table, Two Pointers, Sorting"
MEDIUM,Count Special Subsequences,8.4,0.3006,https://leetcode.com/problems/count-special-subsequences,"Array, Hash Table, Math, Enumeration"
MEDIUM,Count Vowel Strings in Ranges,8.4,0.6790,https://leetcode.com/problems/count-vowel-strings-in-ranges,"Array, String, Prefix Sum"
MEDIUM,Jump Game VI,8.2,0.4662,https://leetcode.com/problems/jump-game-vi,"Array, Dynamic Programming, Queue, Heap (Priority Queue), Monotonic Queue"
MEDIUM,Minimum Operations to Make All Array Elements Equal,8.2,0.3889,https://leetcode.com/problems/minimum-operations-to-make-all-array-elements-equal,"Array, Binary Search, Sorting, Prefix Sum"
HARD,Strong Password Checker,8.2,0.1650,https://leetcode.com/problems/strong-password-checker,"String, Greedy, Heap (Priority Queue)"
MEDIUM,Number of Unique XOR Triplets II,8.2,0.5270,https://leetcode.com/problems/number-of-unique-xor-triplets-ii,"Array, Math, Bit Manipulation, Enumeration"
HARD,Kth Smallest Number in Multiplication Table,8.2,0.5508,https://leetcode.com/problems/kth-smallest-number-in-multiplication-table,"Math, Binary Search"
EASY,Minimum Difference Between Highest and Lowest of K Scores,8.2,0.6645,https://leetcode.com/problems/minimum-difference-between-highest-and-lowest-of-k-scores,"Array, Sliding Window, Sorting"
MEDIUM,Maximize Active Section with Trade I,8.2,0.6064,https://leetcode.com/problems/maximize-active-section-with-trade-i,"String, Enumeration"
HARD,K Inverse Pairs Array,8.2,0.4903,https://leetcode.com/problems/k-inverse-pairs-array,Dynamic Programming
HARD,Sorted GCD Pair Queries,8.2,0.5828,https://leetcode.com/problems/sorted-gcd-pair-queries,"Array, Hash Table, Math, Binary Search, Combinatorics, Counting, Number Theory, Prefix Sum, Euclidean Algorithm, Greatest Common Divisor"
HARD,Swim in Rising Water,8.2,0.6828,https://leetcode.com/problems/swim-in-rising-water,"Array, Binary Search, Depth-First Search, Breadth-First Search, Union-Find, Minimax, Heap (Priority Queue), Matrix, Dijkstra's Algorithm"
HARD,Sum of Distances in Tree,8.2,0.6583,https://leetcode.com/problems/sum-of-distances-in-tree,"Dynamic Programming, Tree, Depth-First Search, Graph Theory, DP on Trees"
EASY,Leaf-Similar Trees,8.2,0.7036,https://leetcode.com/problems/leaf-similar-trees,"Tree, Depth-First Search, Binary Tree"
MEDIUM,Maximum Binary Tree,8.2,0.8587,https://leetcode.com/problems/maximum-binary-tree,"Array, Divide and Conquer, Stack, Tree, Monotonic Stack, Binary Tree, Cartesian Tree"
MEDIUM,Sum of GCD of Formed Pairs,8.2,0.7463,https://leetcode.com/problems/sum-of-gcd-of-formed-pairs,"Array, Math, Two Pointers, Sorting, Simulation, Number Theory"
HARD,Kth Ancestor of a Tree Node,8.2,0.3971,https://leetcode.com/problems/kth-ancestor-of-a-tree-node,"Binary Search, Dynamic Programming, Bit Manipulation, Tree, Depth-First Search, Breadth-First Search, Design, Binary Lifting"
EASY,The Two Sneaky Numbers of Digitville,8.2,0.8963,https://leetcode.com/problems/the-two-sneaky-numbers-of-digitville,"Array, Hash Table, Math"
HARD,Longest Substring of One Repeating Character,8.2,0.6551,https://leetcode.com/problems/longest-substring-of-one-repeating-character,"Array, String, Segment Tree, Ordered Set"
EASY,Actors and Directors Who Cooperated At Least Three Times,8.2,0.7151,https://leetcode.com/problems/actors-and-directors-who-cooperated-at-least-three-times,Database
HARD,Stone Game III,8.2,0.6795,https://leetcode.com/problems/stone-game-iii,"Array, Math, Dynamic Programming, Minimax, Game Theory, Zero-Sum Game"
MEDIUM,Longest Subsequence With Non-Zero Bitwise XOR,8.2,0.5530,https://leetcode.com/problems/longest-subsequence-with-non-zero-bitwise-xor,"Array, Bit Manipulation"
MEDIUM,Shortest Bridge,8.2,0.5981,https://leetcode.com/problems/shortest-bridge,"Array, Depth-First Search, Breadth-First Search, Matrix"
HARD,Optimal Account Balancing,8.2,0.5070,https://leetcode.com/problems/optimal-account-balancing,"Array, Dynamic Programming, Backtracking, Bit Manipulation, Bitmask"
MEDIUM,Detect Squares,8.2,0.5304,https://leetcode.com/problems/detect-squares,"Array, Hash Table, Design, Counting, Data Stream"
MEDIUM,Maximum Number of Integers to Choose From a Range I,8.2,0.6804,https://leetcode.com/problems/maximum-number-of-integers-to-choose-from-a-range-i,"Array, Hash Table, Binary Search, Greedy, Sorting"
HARD,Maximize Active Section with Trade II,8.2,0.6457,https://leetcode.com/problems/maximize-active-section-with-trade-ii,"Array, String, Binary Search, Segment Tree"
MEDIUM,Maximize Distance to Closest Person,8.2,0.5009,https://leetcode.com/problems/maximize-distance-to-closest-person,Array
HARD,Maximize the Minimum Powered City,8.2,0.6131,https://leetcode.com/problems/maximize-the-minimum-powered-city,"Array, Binary Search, Greedy, Queue, Sliding Window, Prefix Sum"
EASY,Rearrange Spaces Between Words,8.2,0.4439,https://leetcode.com/problems/rearrange-spaces-between-words,String
MEDIUM,Maximum Matching of Players With Trainers,8.2,0.7551,https://leetcode.com/problems/maximum-matching-of-players-with-trainers,"Array, Two Pointers, Greedy, Sorting"
MEDIUM,Length of Longest Subarray With at Most K Frequency,8.2,0.6049,https://leetcode.com/problems/length-of-longest-subarray-with-at-most-k-frequency,"Array, Hash Table, Sliding Window"
MEDIUM,Number of Sub-arrays of Size K and Average Greater than or Equal to Threshold,8.2,0.7441,https://leetcode.com/problems/number-of-sub-arrays-of-size-k-and-average-greater-than-or-equal-to-threshold,"Array, Sliding Window"
HARD,Zuma Game,0.0,0.2915,https://leetcode.com/problems/zuma-game,"String, Dynamic Programming, Stack, Breadth-First Search, Memoization"
MEDIUM,Encode and Decode TinyURL,0.0,0.8641,https://leetcode.com/problems/encode-and-decode-tinyurl,"Hash Table, String, Design, Hash Function"
EASY,Valid Word Square,0.0,0.4296,https://leetcode.com/problems/valid-word-square,"Array, Matrix"
MEDIUM,Minesweeper,0.0,0.6897,https://leetcode.com/problems/minesweeper,"Array, Depth-First Search, Breadth-First Search, Matrix"
MEDIUM,Integer Replacement,0.0,0.3807,https://leetcode.com/problems/integer-replacement,"Dynamic Programming, Greedy, Bit Manipulation, Memoization"
MEDIUM,Arithmetic Slices,0.0,0.6492,https://leetcode.com/problems/arithmetic-slices,"Array, Dynamic Programming, Sliding Window"
EASY,Remove Palindromic Subsequences,0.0,0.7728,https://leetcode.com/problems/remove-palindromic-subsequences,"Two Pointers, String"
EASY,Toeplitz Matrix,0.0,0.6989,https://leetcode.com/problems/toeplitz-matrix,"Array, Matrix"
MEDIUM,Non-decreasing Array,0.0,0.2563,https://leetcode.com/problems/non-decreasing-array,Array
MEDIUM,Pairs of Songs With Total Durations Divisible by 60,0.0,0.5356,https://leetcode.com/problems/pairs-of-songs-with-total-durations-divisible-by-60,"Array, Hash Table, Counting"
MEDIUM,Arithmetic Subarrays,0.0,0.8371,https://leetcode.com/problems/arithmetic-subarrays,"Array, Hash Table, Sorting"
EASY,Construct the Rectangle,0.0,0.6521,https://leetcode.com/problems/construct-the-rectangle,Math
HARD,Course Schedule III,0.0,0.4223,https://leetcode.com/problems/course-schedule-iii,"Array, Greedy, Sorting, Heap (Priority Queue)"
MEDIUM,Super Ugly Number,0.0,0.4664,https://leetcode.com/problems/super-ugly-number,"Array, Math, Dynamic Programming"
MEDIUM,Split Array into Consecutive Subsequences,0.0,0.5256,https://leetcode.com/problems/split-array-into-consecutive-subsequences,"Array, Hash Table, Greedy, Heap (Priority Queue)"
EASY,XOR Operation in an Array,0.0,0.8796,https://leetcode.com/problems/xor-operation-in-an-array,"Math, Bit Manipulation"
MEDIUM,Maximum Score From Removing Stones,0.0,0.6876,https://leetcode.com/problems/maximum-score-from-removing-stones,"Math, Greedy, Heap (Priority Queue)"
MEDIUM,Boundary of Binary Tree,0.0,0.4820,https://leetcode.com/problems/boundary-of-binary-tree,"Tree, Depth-First Search, Binary Tree"
MEDIUM,All Elements in Two Binary Search Trees,0.0,0.8043,https://leetcode.com/problems/all-elements-in-two-binary-search-trees,"Tree, Depth-First Search, Binary Search Tree, Sorting, Binary Tree"
EASY,Split a String in Balanced Strings,0.0,0.8765,https://leetcode.com/problems/split-a-string-in-balanced-strings,"String, Greedy, Counting"
EASY,Minimum Distance Between BST Nodes,0.0,0.6190,https://leetcode.com/problems/minimum-distance-between-bst-nodes,"Tree, Depth-First Search, Breadth-First Search, Binary Search Tree, Binary Tree"
MEDIUM,Maximum Product of Word Lengths,0.0,0.6162,https://leetcode.com/problems/maximum-product-of-word-lengths,"Array, String, Bit Manipulation"
EASY,Reshape the Matrix,0.0,0.6558,https://leetcode.com/problems/reshape-the-matrix,"Array, Matrix, Simulation"
MEDIUM,Wiggle Subsequence,0.0,0.4982,https://leetcode.com/problems/wiggle-subsequence,"Array, Dynamic Programming, Greedy"
MEDIUM,Design Bitset,0.0,0.3306,https://leetcode.com/problems/design-bitset,"Array, Hash Table, String, Design"
EASY,Matrix Diagonal Sum,0.0,0.8466,https://leetcode.com/problems/matrix-diagonal-sum,"Array, Matrix"
EASY,Self Dividing Numbers,0.0,0.8127,https://leetcode.com/problems/self-dividing-numbers,Math
MEDIUM,Pseudo-Palindromic Paths in a Binary Tree,0.0,0.6842,https://leetcode.com/problems/pseudo-palindromic-paths-in-a-binary-tree,"Bit Manipulation, Tree, Depth-First Search, Breadth-First Search, Binary Tree"
MEDIUM,4Sum II,0.0,0.5823,https://leetcode.com/problems/4sum-ii,"Array, Hash Table"
MEDIUM,Convert BST to Greater Tree,0.0,0.7199,https://leetcode.com/problems/convert-bst-to-greater-tree,"Tree, Depth-First Search, Binary Search Tree, Binary Tree"
HARD,Find the Kth Smallest Sum of a Matrix With Sorted Rows,0.0,0.6256,https://leetcode.com/problems/find-the-kth-smallest-sum-of-a-matrix-with-sorted-rows,"Array, Binary Search, Heap (Priority Queue), Matrix"
MEDIUM,Number of Dice Rolls With Target Sum,0.0,0.6268,https://leetcode.com/problems/number-of-dice-rolls-with-target-sum,Dynamic Programming
MEDIUM,Maximum Length of Pair Chain,0.0,0.6221,https://leetcode.com/problems/maximum-length-of-pair-chain,"Array, Dynamic Programming, Greedy, Sorting, Longest Increasing Subsequence"
MEDIUM,Encode and Decode Strings,0.0,0.5201,https://leetcode.com/problems/encode-and-decode-strings,"Array, String, Design"
MEDIUM,Shuffle an Array,0.0,0.6004,https://leetcode.com/problems/shuffle-an-array,"Array, Math, Design, Randomized"
HARD,Max Stack,0.0,0.4605,https://leetcode.com/problems/max-stack,"Linked List, Stack, Design, Doubly-Linked List, Ordered Set"
HARD,Minimize Malware Spread,0.0,0.4349,https://leetcode.com/problems/minimize-malware-spread,"Array, Hash Table, Depth-First Search, Breadth-First Search, Union-Find, Graph Theory"
HARD,Dice Roll Simulation,0.0,0.5143,https://leetcode.com/problems/dice-roll-simulation,"Array, Dynamic Programming"
EASY,Rectangle Overlap,0.0,0.5340,https://leetcode.com/problems/rectangle-overlap,"Math, Geometry"
MEDIUM,Inorder Successor in BST II,0.0,0.6111,https://leetcode.com/problems/inorder-successor-in-bst-ii,"Tree, Binary Search Tree, Binary Tree"
MEDIUM,Missing Element in Sorted Array,0.0,0.5975,https://leetcode.com/problems/missing-element-in-sorted-array,"Array, Binary Search"
MEDIUM,Flip Binary Tree To Match Preorder Traversal,0.0,0.5223,https://leetcode.com/problems/flip-binary-tree-to-match-preorder-traversal,"Tree, Depth-First Search, Binary Tree"
HARD,Minimum Window Subsequence,0.0,0.4388,https://leetcode.com/problems/minimum-window-subsequence,"String, Dynamic Programming, Sliding Window"
MEDIUM,Implement Rand10() Using Rand7(),0.0,0.4675,https://leetcode.com/problems/implement-rand10-using-rand7,"Math, Rejection Sampling, Randomized, Probability and Statistics"
MEDIUM,Convert Binary Search Tree to Sorted Doubly Linked List,0.0,0.6564,https://leetcode.com/problems/convert-binary-search-tree-to-sorted-doubly-linked-list,"Linked List, Stack, Tree, Depth-First Search, Binary Search Tree, Binary Tree, Doubly-Linked List"
HARD,Best Time to Buy and Sell Stock IV,0.0,0.5140,https://leetcode.com/problems/best-time-to-buy-and-sell-stock-iv,"Array, Dynamic Programming"
MEDIUM,Array Nesting,0.0,0.5678,https://leetcode.com/problems/array-nesting,"Array, Depth-First Search"
EASY,Logger Rate Limiter,0.0,0.7691,https://leetcode.com/problems/logger-rate-limiter,"Hash Table, Design, Data Stream"
MEDIUM,Distant Barcodes,0.0,0.4955,https://leetcode.com/problems/distant-barcodes,"Array, Hash Table, Greedy, Sorting, Heap (Priority Queue), Counting"
MEDIUM,Insert into a Sorted Circular Linked List,0.0,0.3859,https://leetcode.com/problems/insert-into-a-sorted-circular-linked-list,Linked List
HARD,Palindrome Pairs,0.0,0.3765,https://leetcode.com/problems/palindrome-pairs,"Array, Hash Table, String, Trie, Hash Function"
MEDIUM,Inorder Successor in BST,0.0,0.5129,https://leetcode.com/problems/inorder-successor-in-bst,"Tree, Depth-First Search, Binary Search Tree, Binary Tree"
HARD,Minimum Cost to Hire K Workers,0.0,0.6382,https://leetcode.com/problems/minimum-cost-to-hire-k-workers,"Array, Greedy, Sorting, Heap (Priority Queue)"
MEDIUM,Largest Sum of Averages,0.0,0.5547,https://leetcode.com/problems/largest-sum-of-averages,"Array, Dynamic Programming, Prefix Sum"
MEDIUM,Sentence Similarity II,0.0,0.5142,https://leetcode.com/problems/sentence-similarity-ii,"Array, Hash Table, String, Depth-First Search, Breadth-First Search, Union-Find"
MEDIUM,Maximum Number of Occurrences of a Substring,0.0,0.5498,https://leetcode.com/problems/maximum-number-of-occurrences-of-a-substring,"Hash Table, String, Sliding Window"
EASY,Print in Order,0.0,0.7346,https://leetcode.com/problems/print-in-order,Concurrency
MEDIUM,Binary Tree Coloring Game,0.0,0.5317,https://leetcode.com/problems/binary-tree-coloring-game,"Tree, Depth-First Search, Binary Tree"
HARD,Minimum Insertion Steps to Make a String Palindrome,0.0,0.7449,https://leetcode.com/problems/minimum-insertion-steps-to-make-a-string-palindrome,"String, Dynamic Programming"
MEDIUM,Longest Turbulent Subarray,0.0,0.4953,https://leetcode.com/problems/longest-turbulent-subarray,"Array, Dynamic Programming, Sliding Window"
MEDIUM,Longest Substring with At Most K Distinct Characters,0.0,0.5015,https://leetcode.com/problems/longest-substring-with-at-most-k-distinct-characters,"Hash Table, String, Sliding Window"
MEDIUM,Queue Reconstruction by Height,0.0,0.7507,https://leetcode.com/problems/queue-reconstruction-by-height,"Array, Binary Indexed Tree, Segment Tree, Sorting"
MEDIUM,Prison Cells After N Days,0.0,0.3935,https://leetcode.com/problems/prison-cells-after-n-days,"Array, Hash Table, Math, Bit Manipulation, Floyd's Cycle Finding Algorithm"
EASY,Maximum Depth of N-ary Tree,0.0,0.7383,https://leetcode.com/problems/maximum-depth-of-n-ary-tree,"Tree, Depth-First Search, Breadth-First Search"
MEDIUM,Find Polygon With the Largest Perimeter,0.0,0.6533,https://leetcode.com/problems/find-polygon-with-the-largest-perimeter,"Array, Greedy, Sorting, Prefix Sum, Polygons"
HARD,Find All People With Secret,0.0,0.4836,https://leetcode.com/problems/find-all-people-with-secret,"Depth-First Search, Breadth-First Search, Union-Find, Graph Theory, Sorting"
MEDIUM,Mirror Reflection,0.0,0.6255,https://leetcode.com/problems/mirror-reflection,"Math, Geometry, Number Theory, Least Common Multiple, Greatest Common Divisor"
HARD,Minimize the Total Price of the Trips,0.0,0.4858,https://leetcode.com/problems/minimize-the-total-price-of-the-trips,"Array, Dynamic Programming, Tree, Depth-First Search, Graph Theory"
HARD,Maximum Employees to Be Invited to a Meeting,0.0,0.6175,https://leetcode.com/problems/maximum-employees-to-be-invited-to-a-meeting,"Array, Dynamic Programming, Depth-First Search, Graph Theory, Topological Sort, Kosaraju's Algorithm, Tarjan's SCC Algorithm"
HARD,Substring With Largest Variance,0.0,0.4604,https://leetcode.com/problems/substring-with-largest-variance,"Hash Table, String, Dynamic Programming, Enumeration"
MEDIUM,Remove Nodes From Linked List,0.0,0.7525,https://leetcode.com/problems/remove-nodes-from-linked-list,"Linked List, Stack, Recursion, Monotonic Stack"
HARD,Reverse Subarray To Maximize Array Value,0.0,0.4467,https://leetcode.com/problems/reverse-subarray-to-maximize-array-value,"Array, Math, Greedy"
HARD,Minimum Number of Days to Eat N Oranges,0.0,0.3654,https://leetcode.com/problems/minimum-number-of-days-to-eat-n-oranges,"Dynamic Programming, Memoization"
MEDIUM,Possible Bipartition,0.0,0.5311,https://leetcode.com/problems/possible-bipartition,"Depth-First Search, Breadth-First Search, Union-Find, Graph Theory, Graph Coloring, Bipartite Graph"
HARD,Count Integers in Intervals,0.0,0.3632,https://leetcode.com/problems/count-integers-in-intervals,"Design, Segment Tree, Ordered Set"
MEDIUM,Extra Characters in a String,0.0,0.5722,https://leetcode.com/problems/extra-characters-in-a-string,"Array, Hash Table, String, Dynamic Programming, Trie"
MEDIUM,Meeting Scheduler,0.0,0.5520,https://leetcode.com/problems/meeting-scheduler,"Array, Two Pointers, Sorting"
MEDIUM,Number of Nodes in the Sub-Tree With the Same Label,0.0,0.5567,https://leetcode.com/problems/number-of-nodes-in-the-sub-tree-with-the-same-label,"Hash Table, Tree, Depth-First Search, Breadth-First Search, Counting, DP on Trees"
MEDIUM,Bag of Tokens,0.0,0.5992,https://leetcode.com/problems/bag-of-tokens,"Array, Two Pointers, Greedy, Sorting"
MEDIUM,Image Overlap,0.0,0.7086,https://leetcode.com/problems/image-overlap,"Array, Matrix"
MEDIUM,Maximum Strength of a Group,0.0,0.2596,https://leetcode.com/problems/maximum-strength-of-a-group,"Array, Dynamic Programming, Backtracking, Greedy, Bit Manipulation, Sorting, Enumeration"
EASY,Special Positions in a Binary Matrix,0.0,0.7286,https://leetcode.com/problems/special-positions-in-a-binary-matrix,"Array, Matrix"
EASY,Rearrange Products Table,0.0,0.8561,https://leetcode.com/problems/rearrange-products-table,Database
MEDIUM,Shortest Path with Alternating Colors,0.0,0.4832,https://leetcode.com/problems/shortest-path-with-alternating-colors,"Breadth-First Search, Graph Theory"
EASY,Minimum Absolute Difference in BST,0.0,0.5975,https://leetcode.com/problems/minimum-absolute-difference-in-bst,"Tree, Depth-First Search, Breadth-First Search, Binary Search Tree, Binary Tree"
HARD,Consecutive Numbers Sum,0.0,0.4293,https://leetcode.com/problems/consecutive-numbers-sum,"Math, Enumeration"
MEDIUM,All Possible Full Binary Trees,0.0,0.8279,https://leetcode.com/problems/all-possible-full-binary-trees,"Dynamic Programming, Tree, Recursion, Memoization, Binary Tree"
HARD,Reaching Points,0.0,0.3467,https://leetcode.com/problems/reaching-points,"Math, Euclidean Algorithm, Greatest Common Divisor"
MEDIUM,Web Crawler,0.0,0.6878,https://leetcode.com/problems/web-crawler,"String, Depth-First Search, Breadth-First Search, Interactive"
MEDIUM,Binary Trees With Factors,0.0,0.5324,https://leetcode.com/problems/binary-trees-with-factors,"Array, Hash Table, Dynamic Programming, Sorting"
EASY,Maximum Count of Positive Integer and Negative Integer,0.0,0.7420,https://leetcode.com/problems/maximum-count-of-positive-integer-and-negative-integer,"Array, Binary Search, Counting"
EASY,Find First Palindromic String in the Array,0.0,0.8408,https://leetcode.com/problems/find-first-palindromic-string-in-the-array,"Array, Two Pointers, String"
HARD,Count Unique Characters of All Substrings of a Given String,0.0,0.5404,https://leetcode.com/problems/count-unique-characters-of-all-substrings-of-a-given-string,"Hash Table, String, Dynamic Programming"
HARD,Shortest Path Visiting All Nodes,0.0,0.6640,https://leetcode.com/problems/shortest-path-visiting-all-nodes,"Dynamic Programming, Bit Manipulation, Breadth-First Search, Graph Theory, Bitmask"
MEDIUM,Longest Mountain in Array,0.0,0.4255,https://leetcode.com/problems/longest-mountain-in-array,"Array, Two Pointers, Dynamic Programming, Enumeration"
MEDIUM,Find the Winner of an Array Game,0.0,0.5687,https://leetcode.com/problems/find-the-winner-of-an-array-game,"Array, Simulation"
