Difficulty,Title,Frequency,Acceptance Rate,Link,Topics
EASY,Two Sum,100.0,0.5793,https://leetcode.com/problems/two-sum,"Array, Hash Table"
MEDIUM,Add Two Numbers,78.6,0.4941,https://leetcode.com/problems/add-two-numbers,"Linked List, Math, Recursion"
HARD,Median of Two Sorted Arrays,75.0,0.4768,https://leetcode.com/problems/median-of-two-sorted-arrays,"Array, Binary Search, Divide and Conquer"
MEDIUM,Longest Substring Without Repeating Characters,75.0,0.3988,https://leetcode.com/problems/longest-substring-without-repeating-characters,"Hash Table, String, Sliding Window"
MEDIUM,Longest Palindromic Substring,75.0,0.3873,https://leetcode.com/problems/longest-palindromic-substring,"Two Pointers, String, Dynamic Programming, Manacher"
EASY,Best Time to Buy and Sell Stock,75.0,0.5744,https://leetcode.com/problems/best-time-to-buy-and-sell-stock,"Array, Dynamic Programming"
HARD,Trapping Rain Water,75.0,0.6828,https://leetcode.com/problems/trapping-rain-water,"Array, Two Pointers, Dynamic Programming, Stack, Monotonic Stack"
EASY,Longest Common Prefix,75.0,0.4842,https://leetcode.com/problems/longest-common-prefix,"Array, String, Trie"
EASY,Palindrome Number,75.0,0.6099,https://leetcode.com/problems/palindrome-number,Math
MEDIUM,3Sum,75.0,0.3994,https://leetcode.com/problems/3sum,"Array, Two Pointers, Sorting"
MEDIUM,Longest Consecutive Sequence,75.0,0.4725,https://leetcode.com/problems/longest-consecutive-sequence,"Array, Hash Table, Union-Find"
EASY,Merge Sorted Array,75.0,0.5578,https://leetcode.com/problems/merge-sorted-array,"Array, Two Pointers, Sorting"
EASY,Create Hello World Function,75.0,0.8193,https://leetcode.com/problems/create-hello-world-function,
EASY,Merge Strings Alternately,75.0,0.8215,https://leetcode.com/problems/merge-strings-alternately,"Two Pointers, String"
MEDIUM,Container With Most Water,68.1,0.6090,https://leetcode.com/problems/container-with-most-water,"Array, Two Pointers, Greedy"
EASY,Majority Element,66.6,0.6652,https://leetcode.com/problems/majority-element,"Array, Hash Table, Divide and Conquer, Sorting, Counting, Boyer–Moore Majority Vote Algorithm"
EASY,Valid Parentheses,66.4,0.4495,https://leetcode.com/problems/valid-parentheses,"String, Stack, Bracket Sequences"
EASY,Recyclable and Low Fat Products,66.0,0.8866,https://leetcode.com/problems/recyclable-and-low-fat-products,Database
EASY,Roman to Integer,65.6,0.6722,https://leetcode.com/problems/roman-to-integer,"Hash Table, Math, String"
MEDIUM,Reverse Integer,65.6,0.3257,https://leetcode.com/problems/reverse-integer,Math
EASY,Remove Duplicates from Sorted Array,65.5,0.6384,https://leetcode.com/problems/remove-duplicates-from-sorted-array,"Array, Two Pointers"
MEDIUM,Subarray Sum Equals K,65.5,0.4823,https://leetcode.com/problems/subarray-sum-equals-k,"Array, Hash Table, Prefix Sum"
MEDIUM,Merge Intervals,65.4,0.5288,https://leetcode.com/problems/merge-intervals,"Array, Sorting, Quicksort"
MEDIUM,Number of Islands,65.3,0.6519,https://leetcode.com/problems/number-of-islands,"Array, Depth-First Search, Breadth-First Search, Union-Find, Matrix"
MEDIUM,Maximum Subarray,64.7,0.5390,https://leetcode.com/problems/maximum-subarray,"Array, Divide and Conquer, Dynamic Programming"
EASY,Climbing Stairs,63.5,0.5436,https://leetcode.com/problems/climbing-stairs,"Math, Dynamic Programming, Memoization"
MEDIUM,Meeting Rooms II,62.5,0.5282,https://leetcode.com/problems/meeting-rooms-ii,"Array, Two Pointers, Greedy, Sorting, Heap (Priority Queue), Prefix Sum"
MEDIUM,LRU Cache,62.5,0.4811,https://leetcode.com/problems/lru-cache,"Hash Table, Linked List, Design, Doubly-Linked List"
HARD,Split Array Largest Sum,62.5,0.6149,https://leetcode.com/problems/split-array-largest-sum,"Array, Binary Search, Dynamic Programming, Greedy, Prefix Sum"
MEDIUM,Find Peak Element,62.5,0.4722,https://leetcode.com/problems/find-peak-element,"Array, Binary Search"
MEDIUM,Generate Parentheses,62.5,0.7922,https://leetcode.com/problems/generate-parentheses,"String, Dynamic Programming, Backtracking, Bracket Sequences"
MEDIUM,Search in Rotated Sorted Array,62.5,0.4569,https://leetcode.com/problems/search-in-rotated-sorted-array,"Array, Binary Search"
MEDIUM,Decode String,62.5,0.6326,https://leetcode.com/problems/decode-string,"String, Stack, Recursion"
MEDIUM,Spiral Matrix,62.5,0.5796,https://leetcode.com/problems/spiral-matrix,"Array, Matrix, Simulation"
MEDIUM,Top K Frequent Elements,62.5,0.6742,https://leetcode.com/problems/top-k-frequent-elements,"Array, Hash Table, Divide and Conquer, Sorting, Heap (Priority Queue), Bucket Sort, Counting, Quickselect"
MEDIUM,Letter Combinations of a Phone Number,62.5,0.6690,https://leetcode.com/problems/letter-combinations-of-a-phone-number,"Hash Table, String, Backtracking"
EASY,Single Number,62.5,0.7835,https://leetcode.com/problems/single-number,"Array, Bit Manipulation"
HARD,Minimum Number of Increments on Subarrays to Form a Target Array,62.5,0.7830,https://leetcode.com/problems/minimum-number-of-increments-on-subarrays-to-form-a-target-array,"Array, Dynamic Programming, Stack, Greedy, Monotonic Stack"
EASY,Merge Two Sorted Lists,62.5,0.6892,https://leetcode.com/problems/merge-two-sorted-lists,"Linked List, Recursion"
EASY,Reverse Linked List,62.5,0.8109,https://leetcode.com/problems/reverse-linked-list,"Linked List, Recursion"
HARD,N-Queens,62.5,0.7653,https://leetcode.com/problems/n-queens,"Array, Backtracking, Algorithm X"
MEDIUM,Jump Game,62.5,0.4157,https://leetcode.com/problems/jump-game,"Array, Dynamic Programming, Greedy"
MEDIUM,4Sum,62.5,0.4176,https://leetcode.com/problems/4sum,"Array, Two Pointers, Sorting"
EASY,Remove Element,62.5,0.6259,https://leetcode.com/problems/remove-element,"Array, Two Pointers"
MEDIUM,Next Permutation,62.5,0.4624,https://leetcode.com/problems/next-permutation,"Array, Two Pointers"
EASY,Concatenation of Array,62.5,0.8999,https://leetcode.com/problems/concatenation-of-array,"Array, Simulation"
MEDIUM,Rotate Array,62.5,0.4558,https://leetcode.com/problems/rotate-array,"Array, Math, Two Pointers"
EASY,Pascal's Triangle,62.5,0.7941,https://leetcode.com/problems/pascals-triangle,"Array, Dynamic Programming"
MEDIUM,Koko Eating Bananas,62.5,0.5059,https://leetcode.com/problems/koko-eating-bananas,"Array, Binary Search"
HARD,Largest Rectangle in Histogram,62.5,0.5092,https://leetcode.com/problems/largest-rectangle-in-histogram,"Array, Stack, Monotonic Stack, Range Minimum/Maximum Query"
EASY,Move Zeroes,62.5,0.6442,https://leetcode.com/problems/move-zeroes,"Array, Two Pointers"
EASY,Add Two Integers,62.5,0.8808,https://leetcode.com/problems/add-two-integers,Math
MEDIUM,House Robber,57.2,0.5362,https://leetcode.com/problems/house-robber,"Array, Dynamic Programming"
EASY,Valid Anagram,57.2,0.6869,https://leetcode.com/problems/valid-anagram,"Hash Table, String, Sorting"
MEDIUM,Group Anagrams,56.2,0.7333,https://leetcode.com/problems/group-anagrams,"Array, Hash Table, String, Sorting"
MEDIUM,Rotate Image,56.2,0.8075,https://leetcode.com/problems/rotate-image,"Array, Math, Matrix"
EASY,Plus One,55.3,0.5066,https://leetcode.com/problems/plus-one,"Array, Math"
EASY,Find the Index of the First Occurrence in a String,55.1,0.4738,https://leetcode.com/problems/find-the-index-of-the-first-occurrence-in-a-string,"Two Pointers, String, String Matching, Z Algorithm, Knuth–Morris–Pratt Algorithm, Boyer–Moore String-Search Algorithm"
EASY,Combine Two Tables,55.1,0.8004,https://leetcode.com/problems/combine-two-tables,Database
EASY,Happy Number,54.9,0.6032,https://leetcode.com/problems/happy-number,"Hash Table, Math, Two Pointers, Floyd's Cycle Finding Algorithm"
MEDIUM,Kth Largest Element in an Array,54.8,0.6935,https://leetcode.com/problems/kth-largest-element-in-an-array,"Array, Divide and Conquer, Sorting, Heap (Priority Queue), Quickselect"
EASY,Search Insert Position,54.8,0.5232,https://leetcode.com/problems/search-insert-position,"Array, Binary Search"
HARD,Sliding Window Maximum,54.5,0.4928,https://leetcode.com/problems/sliding-window-maximum,"Array, Queue, Sliding Window, Heap (Priority Queue), Monotonic Queue, Range Minimum/Maximum Query"
EASY,Max Consecutive Ones,54.5,0.6619,https://leetcode.com/problems/max-consecutive-ones,Array
HARD,Viewers Turned Streamers,54.5,0.4315,https://leetcode.com/problems/viewers-turned-streamers,Database
MEDIUM,"Pow(x, n)",54.2,0.3938,https://leetcode.com/problems/powx-n,"Math, Recursion"
MEDIUM,Longest Repeating Character Replacement,53.8,0.6073,https://leetcode.com/problems/longest-repeating-character-replacement,"Hash Table, String, Sliding Window"
MEDIUM,Single Element in a Sorted Array,53.8,0.5943,https://leetcode.com/problems/single-element-in-a-sorted-array,"Array, Binary Search"
MEDIUM,Zigzag Conversion,53.8,0.5520,https://leetcode.com/problems/zigzag-conversion,String
MEDIUM,Product of Array Except Self,53.7,0.6930,https://leetcode.com/problems/product-of-array-except-self,"Array, Prefix Sum"
EASY,Power of Two,53.4,0.5056,https://leetcode.com/problems/power-of-two,"Math, Bit Manipulation, Recursion"
EASY,Add Binary,53.4,0.5870,https://leetcode.com/problems/add-binary,"Math, String, Bit Manipulation, Simulation"
MEDIUM,Sort Colors,53.2,0.7025,https://leetcode.com/problems/sort-colors,"Array, Two Pointers, Sorting, Quicksort, Bubble Sort"
HARD,Number of Visible People in a Queue,52.9,0.7366,https://leetcode.com/problems/number-of-visible-people-in-a-queue,"Array, Stack, Monotonic Stack"
HARD,Russian Doll Envelopes,52.7,0.3825,https://leetcode.com/problems/russian-doll-envelopes,"Array, Binary Search, Dynamic Programming, Sorting, Longest Increasing Subsequence"
MEDIUM,Longest Increasing Subsequence,52.5,0.6001,https://leetcode.com/problems/longest-increasing-subsequence,"Array, Binary Search, Dynamic Programming, Longest Increasing Subsequence"
EASY,Logger Rate Limiter,52.3,0.7691,https://leetcode.com/problems/logger-rate-limiter,"Hash Table, Design, Data Stream"
EASY,Contains Duplicate,52.3,0.6473,https://leetcode.com/problems/contains-duplicate,"Array, Hash Table, Sorting"
EASY,Valid Palindrome,52.3,0.5437,https://leetcode.com/problems/valid-palindrome,"Two Pointers, String"
HARD,Regular Expression Matching,52.2,0.3183,https://leetcode.com/problems/regular-expression-matching,"String, Dynamic Programming, Recursion"
MEDIUM,Find First and Last Position of Element in Sorted Array,52.2,0.4970,https://leetcode.com/problems/find-first-and-last-position-of-element-in-sorted-array,"Array, Binary Search"
EASY,Sqrt(x),52.0,0.4232,https://leetcode.com/problems/sqrtx,"Math, Binary Search, Newton's Method"
MEDIUM,Rotting Oranges,52.0,0.5949,https://leetcode.com/problems/rotting-oranges,"Array, Breadth-First Search, Matrix"
MEDIUM,Course Schedule,51.8,0.5228,https://leetcode.com/problems/course-schedule,"Depth-First Search, Breadth-First Search, Graph Theory, Topological Sort, Directed Acyclic Graph"
EASY,Binary Search,51.8,0.6140,https://leetcode.com/problems/binary-search,"Array, Binary Search"
MEDIUM,Maximal Square,51.4,0.5093,https://leetcode.com/problems/maximal-square,"Array, Dynamic Programming, Matrix"
MEDIUM,Set Matrix Zeroes,51.4,0.6366,https://leetcode.com/problems/set-matrix-zeroes,"Array, Hash Table, Matrix"
MEDIUM,Subsets,51.3,0.8285,https://leetcode.com/problems/subsets,"Array, Backtracking, Bit Manipulation"
HARD,Find Median from Data Stream,51.3,0.5504,https://leetcode.com/problems/find-median-from-data-stream,"Two Pointers, Design, Sorting, Heap (Priority Queue), Data Stream"
HARD,Maximal Rectangle,51.1,0.5993,https://leetcode.com/problems/maximal-rectangle,"Array, Dynamic Programming, Stack, Matrix, Monotonic Stack"
MEDIUM,Maximum Product Subarray,51.1,0.3711,https://leetcode.com/problems/maximum-product-subarray,"Array, Dynamic Programming"
EASY,Intersection of Two Arrays,50.9,0.7839,https://leetcode.com/problems/intersection-of-two-arrays,"Array, Hash Table, Two Pointers, Binary Search, Sorting"
HARD,Basic Calculator,50.5,0.4723,https://leetcode.com/problems/basic-calculator,"Math, String, Stack, Recursion"
MEDIUM,Remove Nth Node From End of List,50.5,0.5272,https://leetcode.com/problems/remove-nth-node-from-end-of-list,"Linked List, Two Pointers"
MEDIUM,3Sum Closest,50.3,0.4748,https://leetcode.com/problems/3sum-closest,"Array, Two Pointers, Sorting"
MEDIUM,Min Stack,50.1,0.5870,https://leetcode.com/problems/min-stack,"Stack, Design"
MEDIUM,Fruit Into Baskets,50.1,0.5259,https://leetcode.com/problems/fruit-into-baskets,"Array, Hash Table, Sliding Window"
HARD,Binary Tree Maximum Path Sum,50.0,0.4281,https://leetcode.com/problems/binary-tree-maximum-path-sum,"Dynamic Programming, Tree, Depth-First Search, Binary Tree, DP on Trees"
MEDIUM,Coin Change,50.0,0.4919,https://leetcode.com/problems/coin-change,"Array, Dynamic Programming, Breadth-First Search, Knapsack Problem, Complete Knapsack"
MEDIUM,Edit Distance,50.0,0.6134,https://leetcode.com/problems/edit-distance,"String, Dynamic Programming"
HARD,Wildcard Matching,50.0,0.3291,https://leetcode.com/problems/wildcard-matching,"String, Dynamic Programming, Greedy, Recursion"
EASY,Isomorphic Strings,50.0,0.4915,https://leetcode.com/problems/isomorphic-strings,"Hash Table, String"
MEDIUM,Jump Game II,50.0,0.4356,https://leetcode.com/problems/jump-game-ii,"Array, Dynamic Programming, Greedy"
MEDIUM,Best Time to Buy and Sell Stock II,50.0,0.7168,https://leetcode.com/problems/best-time-to-buy-and-sell-stock-ii,"Array, Dynamic Programming, Greedy"
MEDIUM,Word Break,50.0,0.4993,https://leetcode.com/problems/word-break,"Array, Hash Table, String, Dynamic Programming, Trie, Memoization, Brute-Force Search"
EASY,Unique Number of Occurrences,50.0,0.7890,https://leetcode.com/problems/unique-number-of-occurrences,"Array, Hash Table"
MEDIUM,Random Pick with Weight,50.0,0.4927,https://leetcode.com/problems/random-pick-with-weight,"Array, Math, Binary Search, Prefix Sum, Randomized"
HARD,Text Justification,50.0,0.5226,https://leetcode.com/problems/text-justification,"Array, String, Simulation"
MEDIUM,Unique Paths,50.0,0.6730,https://leetcode.com/problems/unique-paths,"Math, Dynamic Programming, Combinatorics"
MEDIUM,Insert Interval,50.0,0.4607,https://leetcode.com/problems/insert-interval,Array
HARD,Merge k Sorted Lists,50.0,0.6061,https://leetcode.com/problems/merge-k-sorted-lists,"Linked List, Divide and Conquer, Heap (Priority Queue), Merge Sort, Tournament Sort"
MEDIUM,String to Integer (atoi),50.0,0.2180,https://leetcode.com/problems/string-to-integer-atoi,String
HARD,First Missing Positive,50.0,0.4382,https://leetcode.com/problems/first-missing-positive,"Array, Hash Table"
HARD,Sudoku Solver,50.0,0.6555,https://leetcode.com/problems/sudoku-solver,"Array, Hash Table, Backtracking, Matrix, Algorithm X, Dancing Links"
MEDIUM,Permutations,50.0,0.8237,https://leetcode.com/problems/permutations,"Array, Backtracking"
MEDIUM,Insert Delete GetRandom O(1),50.0,0.5554,https://leetcode.com/problems/insert-delete-getrandom-o1,"Array, Hash Table, Math, Design, Randomized"
MEDIUM,Two Sum II - Input Array Is Sorted,50.0,0.6592,https://leetcode.com/problems/two-sum-ii-input-array-is-sorted,"Array, Two Pointers, Binary Search"
EASY,Diameter of Binary Tree,50.0,0.6629,https://leetcode.com/problems/diameter-of-binary-tree,"Tree, Depth-First Search, Binary Tree, DP on Trees"
EASY,Contains Duplicate II,50.0,0.5198,https://leetcode.com/problems/contains-duplicate-ii,"Array, Hash Table, Sliding Window"
MEDIUM,Palindrome Partitioning,50.0,0.7470,https://leetcode.com/problems/palindrome-partitioning,"String, Dynamic Programming, Backtracking"
EASY,Palindrome Linked List,50.0,0.5884,https://leetcode.com/problems/palindrome-linked-list,"Linked List, Two Pointers, Stack, Recursion"
EASY,Same Tree,50.0,0.6804,https://leetcode.com/problems/same-tree,"Tree, Depth-First Search, Breadth-First Search, Binary Tree"
MEDIUM,Peak Index in a Mountain Array,50.0,0.6664,https://leetcode.com/problems/peak-index-in-a-mountain-array,"Array, Binary Search, Ternary Search"
MEDIUM,Find the Duplicate Number,50.0,0.6493,https://leetcode.com/problems/find-the-duplicate-number,"Array, Two Pointers, Binary Search, Bit Manipulation, Pigeonhole Principle, Floyd's Cycle Finding Algorithm"
HARD,Reverse Nodes in k-Group,50.0,0.6732,https://leetcode.com/problems/reverse-nodes-in-k-group,"Linked List, Recursion"
MEDIUM,Partition Equal Subset Sum,50.0,0.5003,https://leetcode.com/problems/partition-equal-subset-sum,"Array, Dynamic Programming, Knapsack Problem, 0-1 Knapsack"
EASY,Linked List Cycle,50.0,0.5513,https://leetcode.com/problems/linked-list-cycle,"Hash Table, Linked List, Two Pointers, Floyd's Cycle Finding Algorithm"
MEDIUM,Remove K Digits,50.0,0.3773,https://leetcode.com/problems/remove-k-digits,"String, Stack, Greedy, Monotonic Stack"
MEDIUM,Reverse Words in a String,50.0,0.5795,https://leetcode.com/problems/reverse-words-in-a-string,"Two Pointers, String"
MEDIUM,Max Consecutive Ones III,50.0,0.6850,https://leetcode.com/problems/max-consecutive-ones-iii,"Array, Binary Search, Sliding Window, Prefix Sum"
EASY,Middle of the Linked List,50.0,0.8243,https://leetcode.com/problems/middle-of-the-linked-list,"Linked List, Two Pointers"
EASY,Fibonacci Number,50.0,0.7468,https://leetcode.com/problems/fibonacci-number,"Math, Dynamic Programming, Recursion, Memoization"
HARD,Guess the Word,50.0,0.3657,https://leetcode.com/problems/guess-the-word,"Array, Math, String, Minimax, Interactive, Game Theory"
MEDIUM,Minimum Area Rectangle,50.0,0.5557,https://leetcode.com/problems/minimum-area-rectangle,"Array, Hash Table, Math, Geometry, Sorting"
HARD,Candy,50.0,0.4930,https://leetcode.com/problems/candy,"Array, Greedy"
MEDIUM,Capacity To Ship Packages Within D Days,50.0,0.7472,https://leetcode.com/problems/capacity-to-ship-packages-within-d-days,"Array, Binary Search"
MEDIUM,Second Highest Salary,50.0,0.4850,https://leetcode.com/problems/second-highest-salary,Database
MEDIUM,Next Greater Element II,50.0,0.6922,https://leetcode.com/problems/next-greater-element-ii,"Array, Stack, Monotonic Stack"
EASY,Reverse Vowels of a String,50.0,0.6243,https://leetcode.com/problems/reverse-vowels-of-a-string,"Two Pointers, String"
MEDIUM,Valid Sudoku,50.0,0.6515,https://leetcode.com/problems/valid-sudoku,"Array, Hash Table, Matrix"
MEDIUM,Daily Temperatures,50.0,0.6921,https://leetcode.com/problems/daily-temperatures,"Array, Stack, Monotonic Stack"
EASY,Missing Number,50.0,0.7273,https://leetcode.com/problems/missing-number,"Array, Hash Table, Math, Binary Search, Bit Manipulation, Sorting"
HARD,Reverse Pairs,50.0,0.3525,https://leetcode.com/problems/reverse-pairs,"Array, Binary Search, Divide and Conquer, Binary Indexed Tree, Segment Tree, Merge Sort, Ordered Set, Treap"
MEDIUM,Combination Sum,50.0,0.7719,https://leetcode.com/problems/combination-sum,"Array, Backtracking"
EASY,Find All Numbers Disappeared in an Array,50.0,0.6468,https://leetcode.com/problems/find-all-numbers-disappeared-in-an-array,"Array, Hash Table"
MEDIUM,Count Primes,50.0,0.3594,https://leetcode.com/problems/count-primes,"Array, Math, Enumeration, Number Theory, Primality Test, Sieve Theory, Prime Number Sieve"
MEDIUM,Largest Number,50.0,0.4385,https://leetcode.com/problems/largest-number,"Array, String, Greedy, Sorting"
EASY,Maximum Average Subarray I,50.0,0.4926,https://leetcode.com/problems/maximum-average-subarray-i,"Array, Sliding Window"
EASY,Running Sum of 1d Array,50.0,0.8710,https://leetcode.com/problems/running-sum-of-1d-array,"Array, Prefix Sum"
MEDIUM,The Earliest Moment When Everyone Become Friends,50.0,0.6610,https://leetcode.com/problems/the-earliest-moment-when-everyone-become-friends,"Array, Union-Find, Sorting"
MEDIUM,Sum of Subarray Minimums,50.0,0.3901,https://leetcode.com/problems/sum-of-subarray-minimums,"Array, Dynamic Programming, Stack, Monotonic Stack"
EASY,Article Views I,50.0,0.7692,https://leetcode.com/problems/article-views-i,Database
HARD,Count Number of Trapezoids II,50.0,0.3972,https://leetcode.com/problems/count-number-of-trapezoids-ii,"Array, Hash Table, Math, Geometry"
MEDIUM,Zero Array Transformation I,50.0,0.5456,https://leetcode.com/problems/zero-array-transformation-i,"Array, Prefix Sum"
MEDIUM,Separate Squares I,50.0,0.5770,https://leetcode.com/problems/separate-squares-i,"Array, Binary Search"
EASY,Length of Last Word,50.0,0.5977,https://leetcode.com/problems/length-of-last-word,String
MEDIUM,Rotate List,50.0,0.4334,https://leetcode.com/problems/rotate-list,"Linked List, Two Pointers"
MEDIUM,Sort an Array,50.0,0.5560,https://leetcode.com/problems/sort-an-array,"Array, Divide and Conquer, Sorting, Heap (Priority Queue), Merge Sort, Bucket Sort, Radix Sort, Counting Sort"
MEDIUM,Count Number of Trapezoids I,50.0,0.4811,https://leetcode.com/problems/count-number-of-trapezoids-i,"Array, Hash Table, Math, Geometry"
MEDIUM,Subsets II,50.0,0.6203,https://leetcode.com/problems/subsets-ii,"Array, Backtracking, Bit Manipulation"
EASY,Check if Array Is Sorted and Rotated,50.0,0.5775,https://leetcode.com/problems/check-if-array-is-sorted-and-rotated,Array
EASY,Employees Earning More Than Their Managers,44.8,0.7388,https://leetcode.com/problems/employees-earning-more-than-their-managers,Database
EASY,Reverse String,44.8,0.8137,https://leetcode.com/problems/reverse-string,"Two Pointers, String"
MEDIUM,Integer to Roman,44.6,0.7172,https://leetcode.com/problems/integer-to-roman,"Hash Table, Math, String"
EASY,Next Greater Element I,44.3,0.7688,https://leetcode.com/problems/next-greater-element-i,"Array, Hash Table, Stack, Monotonic Stack"
EASY,Find Customer Referee,44.0,0.7360,https://leetcode.com/problems/find-customer-referee,Database
MEDIUM,Divide Two Integers,43.7,0.2036,https://leetcode.com/problems/divide-two-integers,"Math, Bit Manipulation"
EASY,Squares of a Sorted Array,43.7,0.7418,https://leetcode.com/problems/squares-of-a-sorted-array,"Array, Two Pointers, Sorting"
MEDIUM,Word Search,43.7,0.4819,https://leetcode.com/problems/word-search,"Array, String, Backtracking, Depth-First Search, Matrix"
EASY,Create a DataFrame from List,43.7,0.8082,https://leetcode.com/problems/create-a-dataframe-from-list,
MEDIUM,Binary Tree Level Order Traversal,43.3,0.7353,https://leetcode.com/problems/binary-tree-level-order-traversal,"Tree, Breadth-First Search, Binary Tree"
EASY,Invert Binary Tree,43.0,0.8048,https://leetcode.com/problems/invert-binary-tree,"Tree, Depth-First Search, Breadth-First Search, Binary Tree"
MEDIUM,String Compression,43.0,0.6084,https://leetcode.com/problems/string-compression,"Two Pointers, String"
MEDIUM,Minimum Size Subarray Sum,42.7,0.5300,https://leetcode.com/problems/minimum-size-subarray-sum,"Array, Binary Search, Sliding Window, Prefix Sum"
HARD,Range Module,42.7,0.4554,https://leetcode.com/problems/range-module,"Design, Segment Tree, Ordered Set"
EASY,First Unique Character in a String,42.7,0.6640,https://leetcode.com/problems/first-unique-character-in-a-string,"Hash Table, String, Queue, Counting"
MEDIUM,Move Pieces to Obtain a String,42.7,0.5659,https://leetcode.com/problems/move-pieces-to-obtain-a-string,"Two Pointers, String"
MEDIUM,Apply Substitutions,42.7,0.7800,https://leetcode.com/problems/apply-substitutions,"Array, Hash Table, String, Depth-First Search, Breadth-First Search, Graph Theory, Topological Sort"
MEDIUM,Number of Provinces,42.4,0.7111,https://leetcode.com/problems/number-of-provinces,"Depth-First Search, Breadth-First Search, Union-Find, Graph Theory"
MEDIUM,Search a 2D Matrix,42.4,0.5435,https://leetcode.com/problems/search-a-2d-matrix,"Array, Binary Search, Matrix"
EASY,Remove Duplicates from Sorted List,42.4,0.5758,https://leetcode.com/problems/remove-duplicates-from-sorted-list,Linked List
EASY,Big Countries,42.4,0.6890,https://leetcode.com/problems/big-countries,Database
MEDIUM,Lowest Common Ancestor of a Binary Tree,42.0,0.7017,https://leetcode.com/problems/lowest-common-ancestor-of-a-binary-tree,"Tree, Depth-First Search, Binary Tree, Binary Lifting, Lowest Common Ancestor"
EASY,Find the Difference,42.0,0.6074,https://leetcode.com/problems/find-the-difference,"Hash Table, String, Bit Manipulation, Sorting"
HARD,Minimum Window Substring,42.0,0.4855,https://leetcode.com/problems/minimum-window-substring,"Hash Table, String, Sliding Window"
HARD,Word Ladder,42.0,0.4664,https://leetcode.com/problems/word-ladder,"Hash Table, String, Breadth-First Search, Bidirectional Search"
MEDIUM,Search a 2D Matrix II,42.0,0.5815,https://leetcode.com/problems/search-a-2d-matrix-ii,"Array, Binary Search, Divide and Conquer, Matrix"
MEDIUM,Sort List,42.0,0.6546,https://leetcode.com/problems/sort-list,"Linked List, Two Pointers, Divide and Conquer, Sorting, Merge Sort"
EASY,Power of Three,42.0,0.5168,https://leetcode.com/problems/power-of-three,"Math, Recursion"
EASY,Rising Temperature,42.0,0.5226,https://leetcode.com/problems/rising-temperature,Database
HARD,Burst Balloons,41.7,0.6444,https://leetcode.com/problems/burst-balloons,"Array, Dynamic Programming"
MEDIUM,Surrounded Regions,41.7,0.4635,https://leetcode.com/problems/surrounded-regions,"Array, Depth-First Search, Breadth-First Search, Union-Find, Matrix"
EASY,Symmetric Tree,41.7,0.6206,https://leetcode.com/problems/symmetric-tree,"Tree, Depth-First Search, Breadth-First Search, Binary Tree"
MEDIUM,Permutation in String,41.7,0.4980,https://leetcode.com/problems/permutation-in-string,"Hash Table, Two Pointers, String, Sliding Window"
MEDIUM,Majority Element II,41.7,0.5683,https://leetcode.com/problems/majority-element-ii,"Array, Hash Table, Sorting, Counting, Boyer–Moore Majority Vote Algorithm"
MEDIUM,Pacific Atlantic Water Flow,41.3,0.6153,https://leetcode.com/problems/pacific-atlantic-water-flow,"Array, Depth-First Search, Breadth-First Search, Matrix"
EASY,Binary Tree Inorder Traversal,41.3,0.8067,https://leetcode.com/problems/binary-tree-inorder-traversal,"Stack, Tree, Depth-First Search, Binary Tree"
MEDIUM,Kth Smallest Element in a BST,41.3,0.7736,https://leetcode.com/problems/kth-smallest-element-in-a-bst,"Tree, Depth-First Search, Binary Search Tree, Binary Tree"
MEDIUM,Remove Duplicates from Sorted Array II,41.3,0.6533,https://leetcode.com/problems/remove-duplicates-from-sorted-array-ii,"Array, Two Pointers"
MEDIUM,Target Sum,41.0,0.5293,https://leetcode.com/problems/target-sum,"Array, Dynamic Programming, Backtracking, Knapsack Problem, 0-1 Knapsack"
HARD,Meeting Rooms III,41.0,0.5135,https://leetcode.com/problems/meeting-rooms-iii,"Array, Hash Table, Sorting, Heap (Priority Queue), Simulation"
HARD,Longest Valid Parentheses,40.6,0.3983,https://leetcode.com/problems/longest-valid-parentheses,"String, Dynamic Programming, Stack, Bracket Sequences"
MEDIUM,Odd Even Linked List,40.6,0.6280,https://leetcode.com/problems/odd-even-linked-list,Linked List
EASY,Greatest Common Divisor of Strings,40.6,0.5447,https://leetcode.com/problems/greatest-common-divisor-of-strings,"Math, String, Euclidean Algorithm, Greatest Common Divisor"
MEDIUM,Minimum Number of Days to Make m Bouquets,40.2,0.5723,https://leetcode.com/problems/minimum-number-of-days-to-make-m-bouquets,"Array, Binary Search"
EASY,First Bad Version,40.2,0.4770,https://leetcode.com/problems/first-bad-version,"Binary Search, Interactive"
MEDIUM,Delete Nodes And Return Forest,40.2,0.7250,https://leetcode.com/problems/delete-nodes-and-return-forest,"Array, Hash Table, Tree, Depth-First Search, Binary Tree"
MEDIUM,Copy List with Random Pointer,40.2,0.6376,https://leetcode.com/problems/copy-list-with-random-pointer,"Hash Table, Linked List"
MEDIUM,Reverse Linked List II,40.2,0.5247,https://leetcode.com/problems/reverse-linked-list-ii,Linked List
MEDIUM,Swap Adjacent in LR String,40.2,0.3844,https://leetcode.com/problems/swap-adjacent-in-lr-string,"Two Pointers, String"
MEDIUM,Longest Common Subsequence,40.2,0.5960,https://leetcode.com/problems/longest-common-subsequence,"String, Dynamic Programming, Longest Common Subsequence"
MEDIUM,Single Number II,39.8,0.6792,https://leetcode.com/problems/single-number-ii,"Array, Bit Manipulation"
MEDIUM,Frequency of the Most Frequent Element,39.8,0.4524,https://leetcode.com/problems/frequency-of-the-most-frequent-element,"Array, Binary Search, Greedy, Sliding Window, Sorting, Prefix Sum"
EASY,Rotate String,39.8,0.6652,https://leetcode.com/problems/rotate-string,"String, String Matching"
EASY,Can Place Flowers,39.8,0.2931,https://leetcode.com/problems/can-place-flowers,"Array, Greedy"
MEDIUM,Largest Divisible Subset,39.5,0.5012,https://leetcode.com/problems/largest-divisible-subset,"Array, Math, Dynamic Programming, Sorting"
MEDIUM,Clone Graph,39.5,0.6626,https://leetcode.com/problems/clone-graph,"Hash Table, Depth-First Search, Breadth-First Search, Graph Theory"
EASY,Maximum Depth of Binary Tree,39.5,0.7865,https://leetcode.com/problems/maximum-depth-of-binary-tree,"Tree, Depth-First Search, Breadth-First Search, Binary Tree"
MEDIUM,Binary Tree Zigzag Level Order Traversal,39.5,0.6455,https://leetcode.com/problems/binary-tree-zigzag-level-order-traversal,"Tree, Breadth-First Search, Binary Tree"
EASY,Intersection of Two Linked Lists,39.5,0.6476,https://leetcode.com/problems/intersection-of-two-linked-lists,"Hash Table, Linked List, Two Pointers"
MEDIUM,Task Scheduler,39.5,0.6390,https://leetcode.com/problems/task-scheduler,"Array, Hash Table, Greedy, Sorting, Heap (Priority Queue), Counting"
HARD,Finding MK Average,39.5,0.3906,https://leetcode.com/problems/finding-mk-average,"Design, Queue, Heap (Priority Queue), Data Stream, Ordered Set, Treap"
EASY,Can Make Arithmetic Progression From Sequence,39.5,0.6868,https://leetcode.com/problems/can-make-arithmetic-progression-from-sequence,"Array, Sorting"
EASY,Is Subsequence,39.0,0.4945,https://leetcode.com/problems/is-subsequence,"Two Pointers, String, Dynamic Programming"
HARD,24 Game,39.0,0.5967,https://leetcode.com/problems/24-game,"Array, Math, Backtracking"
MEDIUM,Maximum Width Ramp,39.0,0.5595,https://leetcode.com/problems/maximum-width-ramp,"Array, Two Pointers, Stack, Monotonic Stack"
EASY,Fizz Buzz,39.0,0.7593,https://leetcode.com/problems/fizz-buzz,"Math, String, Simulation"
MEDIUM,Reorder List,39.0,0.6633,https://leetcode.com/problems/reorder-list,"Linked List, Two Pointers, Stack, Recursion"
MEDIUM,Zero Array Transformation II,39.0,0.4352,https://leetcode.com/problems/zero-array-transformation-ii,"Array, Two Pointers, Binary Search, Prefix Sum"
EASY,Summary Ranges,38.6,0.5478,https://leetcode.com/problems/summary-ranges,Array
MEDIUM,Gas Station,38.6,0.4878,https://leetcode.com/problems/gas-station,"Array, Greedy"
HARD,Swim in Rising Water,38.6,0.6828,https://leetcode.com/problems/swim-in-rising-water,"Array, Binary Search, Depth-First Search, Breadth-First Search, Union-Find, Minimax, Heap (Priority Queue), Matrix, Dijkstra's Algorithm"
MEDIUM,Find Minimum in Rotated Sorted Array,38.6,0.5537,https://leetcode.com/problems/find-minimum-in-rotated-sorted-array,"Array, Binary Search"
MEDIUM,Count Good Numbers,38.6,0.5814,https://leetcode.com/problems/count-good-numbers,"Math, Recursion"
EASY,Add Strings,38.2,0.5225,https://leetcode.com/problems/add-strings,"Math, String, Simulation"
MEDIUM,Perfect Squares,38.2,0.5692,https://leetcode.com/problems/perfect-squares,"Math, Dynamic Programming, Breadth-First Search, Knapsack Problem, Complete Knapsack"
EASY,Ransom Note,38.2,0.6648,https://leetcode.com/problems/ransom-note,"Hash Table, String, Counting"
HARD,Shortest Palindrome,38.2,0.4319,https://leetcode.com/problems/shortest-palindrome,"String, Rolling Hash, String Matching, Hash Function, Manacher, Z Algorithm, Knuth–Morris–Pratt Algorithm"
MEDIUM,Search in Rotated Sorted Array II,38.2,0.4062,https://leetcode.com/problems/search-in-rotated-sorted-array-ii,"Array, Binary Search"
EASY,Valid Palindrome II,38.2,0.4480,https://leetcode.com/problems/valid-palindrome-ii,"Two Pointers, String, Greedy"
EASY,Implement Stack using Queues,38.2,0.7052,https://leetcode.com/problems/implement-stack-using-queues,"Stack, Design, Queue"
EASY,Find Missing and Repeated Values,38.2,0.8302,https://leetcode.com/problems/find-missing-and-repeated-values,"Array, Hash Table, Math, Matrix"
MEDIUM,Evaluate Reverse Polish Notation,37.8,0.5881,https://leetcode.com/problems/evaluate-reverse-polish-notation,"Array, Math, Stack"
MEDIUM,Find K Closest Elements,37.8,0.5013,https://leetcode.com/problems/find-k-closest-elements,"Array, Two Pointers, Binary Search, Sliding Window, Sorting, Heap (Priority Queue)"
HARD,Serialize and Deserialize Binary Tree,37.8,0.6118,https://leetcode.com/problems/serialize-and-deserialize-binary-tree,"String, Tree, Depth-First Search, Breadth-First Search, Design, Binary Tree"
MEDIUM,Coin Change II,37.8,0.5914,https://leetcode.com/problems/coin-change-ii,"Array, Dynamic Programming, Knapsack Problem, Complete Knapsack"
MEDIUM,Find All Duplicates in an Array,37.8,0.7718,https://leetcode.com/problems/find-all-duplicates-in-an-array,"Array, Hash Table, Sorting"
MEDIUM,Asteroid Collision,37.8,0.4914,https://leetcode.com/problems/asteroid-collision,"Array, Stack, Simulation"
MEDIUM,Max Area of Island,37.5,0.7427,https://leetcode.com/problems/max-area-of-island,"Array, Depth-First Search, Breadth-First Search, Union-Find, Matrix"
HARD,Alien Dictionary,37.5,0.3733,https://leetcode.com/problems/alien-dictionary,"Array, String, Depth-First Search, Breadth-First Search, Graph Theory, Topological Sort, Directed Acyclic Graph"
MEDIUM,01 Matrix,37.5,0.5498,https://leetcode.com/problems/01-matrix,"Array, Dynamic Programming, Breadth-First Search, Matrix"
MEDIUM,Multiply Strings,37.5,0.4477,https://leetcode.com/problems/multiply-strings,"Math, String, Simulation"
HARD,Word Search II,37.5,0.3894,https://leetcode.com/problems/word-search-ii,"Array, String, Backtracking, Trie, Matrix"
MEDIUM,Snapshot Array,37.5,0.3682,https://leetcode.com/problems/snapshot-array,"Array, Hash Table, Binary Search, Design, Persistent Data Structure"
MEDIUM,Maximum Points You Can Obtain from Cards,37.5,0.5844,https://leetcode.com/problems/maximum-points-you-can-obtain-from-cards,"Array, Sliding Window, Prefix Sum"
MEDIUM,Number of Matching Subsequences,37.5,0.5057,https://leetcode.com/problems/number-of-matching-subsequences,"Array, Hash Table, String, Binary Search, Dynamic Programming, Trie, Sorting"
MEDIUM,Find Duplicate Subtrees,37.5,0.6089,https://leetcode.com/problems/find-duplicate-subtrees,"Hash Table, Tree, Depth-First Search, Binary Tree"
MEDIUM,Course Schedule II,37.5,0.5631,https://leetcode.com/problems/course-schedule-ii,"Depth-First Search, Breadth-First Search, Graph Theory, Topological Sort"
MEDIUM,H-Index,37.5,0.4192,https://leetcode.com/problems/h-index,"Array, Sorting, Counting Sort"
MEDIUM,Implement Trie (Prefix Tree),37.5,0.7008,https://leetcode.com/problems/implement-trie-prefix-tree,"Hash Table, String, Design, Trie"
MEDIUM,House Robber II,37.5,0.4559,https://leetcode.com/problems/house-robber-ii,"Array, Dynamic Programming"
MEDIUM,Evaluate Division,37.5,0.6462,https://leetcode.com/problems/evaluate-division,"Array, String, Depth-First Search, Breadth-First Search, Union-Find, Graph Theory, Shortest Path, Bellman–Ford Algorithm, Floyd–Warshall Algorithm"
MEDIUM,Network Delay Time,37.5,0.6166,https://leetcode.com/problems/network-delay-time,"Depth-First Search, Breadth-First Search, Graph Theory, Heap (Priority Queue), Shortest Path, Dijkstra's Algorithm"
MEDIUM,Count Square Submatrices with All Ones,37.5,0.8086,https://leetcode.com/problems/count-square-submatrices-with-all-ones,"Array, Dynamic Programming, Matrix"
MEDIUM,Top K Frequent Words,37.5,0.6064,https://leetcode.com/problems/top-k-frequent-words,"Array, Hash Table, String, Trie, Sorting, Heap (Priority Queue), Bucket Sort, Counting"
HARD,Count of Smaller Numbers After Self,37.5,0.4410,https://leetcode.com/problems/count-of-smaller-numbers-after-self,"Array, Binary Search, Divide and Conquer, Binary Indexed Tree, Segment Tree, Merge Sort, Ordered Set, Treap"
MEDIUM,Combinations,37.5,0.7523,https://leetcode.com/problems/combinations,Backtracking
MEDIUM,Shortest Path in Binary Matrix,37.5,0.5221,https://leetcode.com/problems/shortest-path-in-binary-matrix,"Array, Breadth-First Search, Matrix"
EASY,Moving Average from Data Stream,37.5,0.8024,https://leetcode.com/problems/moving-average-from-data-stream,"Array, Design, Queue, Data Stream"
HARD,Reconstruct Itinerary,37.5,0.4505,https://leetcode.com/problems/reconstruct-itinerary,"Array, String, Depth-First Search, Graph Theory, Sorting, Heap (Priority Queue), Eulerian Circuit, Eulerian Path, Semi-Eulerian Graph"
HARD,Trapping Rain Water II,37.5,0.6425,https://leetcode.com/problems/trapping-rain-water-ii,"Array, Breadth-First Search, Heap (Priority Queue), Matrix"
MEDIUM,Reorganize String,37.5,0.5761,https://leetcode.com/problems/reorganize-string,"Hash Table, String, Greedy, Sorting, Heap (Priority Queue), Counting"
HARD,LFU Cache,37.5,0.5033,https://leetcode.com/problems/lfu-cache,"Hash Table, Linked List, Design, Doubly-Linked List"
MEDIUM,Minimum Path Sum,37.5,0.6894,https://leetcode.com/problems/minimum-path-sum,"Array, Dynamic Programming, Matrix"
EASY,Kth Largest Element in a Stream,37.5,0.6162,https://leetcode.com/problems/kth-largest-element-in-a-stream,"Tree, Design, Binary Search Tree, Heap (Priority Queue), Binary Tree, Data Stream"
EASY,Backspace String Compare,37.5,0.5027,https://leetcode.com/problems/backspace-string-compare,"Two Pointers, String, Stack, Simulation"
MEDIUM,Count and Say,37.5,0.6392,https://leetcode.com/problems/count-and-say,String
MEDIUM,Longest Continuous Subarray With Absolute Diff Less Than or Equal to Limit,37.5,0.5809,https://leetcode.com/problems/longest-continuous-subarray-with-absolute-diff-less-than-or-equal-to-limit,"Array, Queue, Sliding Window, Heap (Priority Queue), Ordered Set, Monotonic Queue"
MEDIUM,Exclusive Time of Functions,37.5,0.6626,https://leetcode.com/problems/exclusive-time-of-functions,"Array, Stack"
MEDIUM,Accounts Merge,37.5,0.6209,https://leetcode.com/problems/accounts-merge,"Array, Hash Table, String, Depth-First Search, Breadth-First Search, Union-Find, Sorting"
MEDIUM,Construct Binary Tree from Preorder and Inorder Traversal,37.5,0.6961,https://leetcode.com/problems/construct-binary-tree-from-preorder-and-inorder-traversal,"Array, Hash Table, Divide and Conquer, Tree, Binary Tree"
MEDIUM,Combination Sum IV,37.5,0.5533,https://leetcode.com/problems/combination-sum-iv,"Array, Dynamic Programming"
EASY,Flipping an Image,37.5,0.8404,https://leetcode.com/problems/flipping-an-image,"Array, Two Pointers, Bit Manipulation, Matrix, Simulation"
MEDIUM,Repeated String Match,37.5,0.3988,https://leetcode.com/problems/repeated-string-match,"String, String Matching, Z Algorithm, Knuth–Morris–Pratt Algorithm, Boyer–Moore String-Search Algorithm"
HARD,The Skyline Problem,37.5,0.4601,https://leetcode.com/problems/the-skyline-problem,"Array, Divide and Conquer, Binary Indexed Tree, Segment Tree, Sweep Line, Sorting, Heap (Priority Queue), Ordered Set"
HARD,Number of Islands II,37.5,0.4076,https://leetcode.com/problems/number-of-islands-ii,"Array, Hash Table, Union-Find"
MEDIUM,Design Hit Counter,37.5,0.6975,https://leetcode.com/problems/design-hit-counter,"Array, Binary Search, Design, Queue, Data Stream"
MEDIUM,Group Shifted Strings,37.5,0.6785,https://leetcode.com/problems/group-shifted-strings,"Array, Hash Table, String"
MEDIUM,Sequence Reconstruction,37.5,0.3118,https://leetcode.com/problems/sequence-reconstruction,"Array, Graph Theory, Topological Sort, Directed Acyclic Graph"
EASY,Repeated Substring Pattern,37.5,0.4884,https://leetcode.com/problems/repeated-substring-pattern,"String, String Matching, Z Algorithm, Knuth–Morris–Pratt Algorithm"
EASY,Excel Sheet Column Title,37.5,0.4770,https://leetcode.com/problems/excel-sheet-column-title,"Math, String"
MEDIUM,Diagonal Traverse,37.5,0.6748,https://leetcode.com/problems/diagonal-traverse,"Array, Matrix, Simulation"
MEDIUM,Predict the Winner,37.5,0.5999,https://leetcode.com/problems/predict-the-winner,"Array, Math, Dynamic Programming, Recursion, Minimax, Game Theory, Zero-Sum Game"
MEDIUM,Redundant Connection,37.5,0.6826,https://leetcode.com/problems/redundant-connection,"Depth-First Search, Breadth-First Search, Union-Find, Graph Theory"
EASY,Balanced Binary Tree,37.5,0.5926,https://leetcode.com/problems/balanced-binary-tree,"Tree, Depth-First Search, Binary Tree"
MEDIUM,Recover Binary Search Tree,37.5,0.6112,https://leetcode.com/problems/recover-binary-search-tree,"Tree, Depth-First Search, Binary Search Tree, Binary Tree"
EASY,Find Pivot Index,37.5,0.6394,https://leetcode.com/problems/find-pivot-index,"Array, Prefix Sum"
HARD,Substring with Concatenation of All Words,37.5,0.3533,https://leetcode.com/problems/substring-with-concatenation-of-all-words,"Hash Table, String, Sliding Window"
MEDIUM,Find All Anagrams in a String,37.5,0.5459,https://leetcode.com/problems/find-all-anagrams-in-a-string,"Hash Table, String, Sliding Window"
EASY,Implement Queue using Stacks,37.5,0.7031,https://leetcode.com/problems/implement-queue-using-stacks,"Stack, Design, Queue"
EASY,Binary Tree Paths,37.5,0.6941,https://leetcode.com/problems/binary-tree-paths,"String, Backtracking, Tree, Depth-First Search, Binary Tree"
EASY,Rank Transform of an Array,37.5,0.7399,https://leetcode.com/problems/rank-transform-of-an-array,"Array, Hash Table, Sorting"
MEDIUM,Linked List Random Node,37.5,0.6524,https://leetcode.com/problems/linked-list-random-node,"Linked List, Math, Reservoir Sampling, Randomized"
MEDIUM,Find And Replace in String,37.5,0.5070,https://leetcode.com/problems/find-and-replace-in-string,"Array, Hash Table, String, Sorting"
MEDIUM,Simplify Path,37.5,0.5152,https://leetcode.com/problems/simplify-path,"String, Stack"
EASY,Kth Missing Positive Number,37.5,0.6396,https://leetcode.com/problems/kth-missing-positive-number,"Array, Binary Search"
HARD,Odd Even Jump,37.5,0.4160,https://leetcode.com/problems/odd-even-jump,"Array, Dynamic Programming, Stack, Sorting, Monotonic Stack, Ordered Set"
HARD,Race Car,37.5,0.4513,https://leetcode.com/problems/race-car,"Dynamic Programming, Heuristic Search, A* Search"
HARD,Longest Increasing Path in a Matrix,37.5,0.5709,https://leetcode.com/problems/longest-increasing-path-in-a-matrix,"Array, Dynamic Programming, Depth-First Search, Breadth-First Search, Graph Theory, Topological Sort, Memoization, Matrix, Directed Acyclic Graph"
MEDIUM,Minimum Area Rectangle II,37.5,0.5607,https://leetcode.com/problems/minimum-area-rectangle-ii,"Array, Hash Table, Math, Geometry"
HARD,Bus Routes,37.5,0.4756,https://leetcode.com/problems/bus-routes,"Array, Hash Table, Breadth-First Search"
MEDIUM,Car Fleet,37.5,0.5573,https://leetcode.com/problems/car-fleet,"Array, Stack, Sorting, Monotonic Stack"
HARD,Shortest Path in a Grid with Obstacles Elimination,37.5,0.4674,https://leetcode.com/problems/shortest-path-in-a-grid-with-obstacles-elimination,"Array, Breadth-First Search, Matrix"
HARD,Minimum Cost to Make at Least One Valid Path in a Grid,37.5,0.7122,https://leetcode.com/problems/minimum-cost-to-make-at-least-one-valid-path-in-a-grid,"Array, Breadth-First Search, Graph Theory, Heap (Priority Queue), Matrix, Shortest Path, 0-1 BFS, Dijkstra's Algorithm"
MEDIUM,Champagne Tower,37.5,0.6392,https://leetcode.com/problems/champagne-tower,Dynamic Programming
MEDIUM,Cheapest Flights Within K Stops,37.5,0.4262,https://leetcode.com/problems/cheapest-flights-within-k-stops,"Dynamic Programming, Depth-First Search, Breadth-First Search, Graph Theory, Heap (Priority Queue), Shortest Path"
MEDIUM,Domino and Tromino Tiling,37.5,0.5121,https://leetcode.com/problems/domino-and-tromino-tiling,Dynamic Programming
HARD,Sum of Distances in Tree,37.5,0.6583,https://leetcode.com/problems/sum-of-distances-in-tree,"Dynamic Programming, Tree, Depth-First Search, Graph Theory, DP on Trees"
HARD,Subarrays with K Different Integers,37.5,0.6909,https://leetcode.com/problems/subarrays-with-k-different-integers,"Array, Hash Table, Sliding Window, Counting"
MEDIUM,Number of Closed Islands,37.5,0.6733,https://leetcode.com/problems/number-of-closed-islands,"Array, Depth-First Search, Breadth-First Search, Union-Find, Matrix"
MEDIUM,Best Time to Buy and Sell Stock with Cooldown,37.5,0.6280,https://leetcode.com/problems/best-time-to-buy-and-sell-stock-with-cooldown,"Array, Dynamic Programming"
MEDIUM,Path With Minimum Effort,37.5,0.6408,https://leetcode.com/problems/path-with-minimum-effort,"Array, Binary Search, Depth-First Search, Breadth-First Search, Union-Find, Heap (Priority Queue), Matrix, Dijkstra's Algorithm"
MEDIUM,Soup Servings,37.5,0.5954,https://leetcode.com/problems/soup-servings,"Math, Dynamic Programming, Probability and Statistics"
HARD,Shortest Path Visiting All Nodes,37.5,0.6640,https://leetcode.com/problems/shortest-path-visiting-all-nodes,"Dynamic Programming, Bit Manipulation, Breadth-First Search, Graph Theory, Bitmask"
HARD,Partition Array Into Two Arrays to Minimize Sum Difference,37.5,0.2465,https://leetcode.com/problems/partition-array-into-two-arrays-to-minimize-sum-difference,"Array, Two Pointers, Binary Search, Dynamic Programming, Bit Manipulation, Meet in the Middle, Sorting, Ordered Set, Bitmask"
MEDIUM,Encode and Decode Strings,37.5,0.5201,https://leetcode.com/problems/encode-and-decode-strings,"Array, String, Design"
MEDIUM,Android Unlock Patterns,37.5,0.5425,https://leetcode.com/problems/android-unlock-patterns,"Dynamic Programming, Backtracking, Bit Manipulation, Bitmask"
MEDIUM,Fraction to Recurring Decimal,37.5,0.3146,https://leetcode.com/problems/fraction-to-recurring-decimal,"Hash Table, Math, String"
MEDIUM,Nth Digit,37.5,0.3903,https://leetcode.com/problems/nth-digit,"Math, Binary Search"
MEDIUM,Find K Pairs with Smallest Sums,37.5,0.4243,https://leetcode.com/problems/find-k-pairs-with-smallest-sums,"Array, Heap (Priority Queue)"
HARD,Expression Add Operators,37.5,0.4386,https://leetcode.com/problems/expression-add-operators,"Math, String, Backtracking"
MEDIUM,Remove Duplicate Letters,37.5,0.5453,https://leetcode.com/problems/remove-duplicate-letters,"String, Stack, Greedy, Monotonic Stack"
MEDIUM,Validate Binary Search Tree,37.5,0.3639,https://leetcode.com/problems/validate-binary-search-tree,"Tree, Depth-First Search, Binary Search Tree, Binary Tree"
EASY,Convert Sorted Array to Binary Search Tree,37.5,0.7615,https://leetcode.com/problems/convert-sorted-array-to-binary-search-tree,"Array, Divide and Conquer, Tree, Binary Search Tree, Binary Tree"
HARD,Integer to English Words,37.5,0.3525,https://leetcode.com/problems/integer-to-english-words,"Math, String, Recursion"
MEDIUM,Triangle,37.5,0.5994,https://leetcode.com/problems/triangle,"Array, Dynamic Programming"
EASY,Range Sum Query - Immutable,37.5,0.7355,https://leetcode.com/problems/range-sum-query-immutable,"Array, Design, Prefix Sum"
MEDIUM,Find Eventual Safe States,37.5,0.7161,https://leetcode.com/problems/find-eventual-safe-states,"Depth-First Search, Breadth-First Search, Graph Theory, Topological Sort, Kosaraju's Algorithm, Tarjan's SCC Algorithm"
MEDIUM,Maximum XOR of Two Numbers in an Array,37.5,0.5378,https://leetcode.com/problems/maximum-xor-of-two-numbers-in-an-array,"Array, Hash Table, Bit Manipulation, Trie"
MEDIUM,Palindromic Substrings,37.5,0.7327,https://leetcode.com/problems/palindromic-substrings,"Two Pointers, String, Dynamic Programming"
MEDIUM,Keys and Rooms,37.5,0.7628,https://leetcode.com/problems/keys-and-rooms,"Depth-First Search, Breadth-First Search, Graph Theory"
EASY,Longest Palindrome,37.5,0.5627,https://leetcode.com/problems/longest-palindrome,"Hash Table, String, Greedy"
HARD,Permutation Sequence,37.5,0.5441,https://leetcode.com/problems/permutation-sequence,"Math, Recursion"
MEDIUM,Swap Nodes in Pairs,37.5,0.7031,https://leetcode.com/problems/swap-nodes-in-pairs,"Linked List, Recursion"
MEDIUM,Sort Characters By Frequency,37.5,0.7584,https://leetcode.com/problems/sort-characters-by-frequency,"Hash Table, String, Sorting, Heap (Priority Queue), Bucket Sort, Counting"
MEDIUM,Delete Node in a Linked List,37.5,0.8445,https://leetcode.com/problems/delete-node-in-a-linked-list,Linked List
HARD,Vertical Order Traversal of a Binary Tree,37.5,0.5477,https://leetcode.com/problems/vertical-order-traversal-of-a-binary-tree,"Hash Table, Tree, Depth-First Search, Breadth-First Search, Sorting, Binary Tree"
EASY,Remove Outermost Parentheses,37.5,0.8749,https://leetcode.com/problems/remove-outermost-parentheses,"String, Stack, Bracket Sequences"
MEDIUM,Contiguous Array,37.5,0.5243,https://leetcode.com/problems/contiguous-array,"Array, Hash Table, Prefix Sum"
MEDIUM,Sum of Two Integers,37.5,0.5578,https://leetcode.com/problems/sum-of-two-integers,"Math, Bit Manipulation"
MEDIUM,Flatten Binary Tree to Linked List,37.5,0.7156,https://leetcode.com/problems/flatten-binary-tree-to-linked-list,"Linked List, Stack, Tree, Depth-First Search, Binary Tree"
MEDIUM,Binary Tree Right Side View,37.5,0.7128,https://leetcode.com/problems/binary-tree-right-side-view,"Tree, Depth-First Search, Breadth-First Search, Binary Tree"
MEDIUM,Combination Sum II,37.5,0.6022,https://leetcode.com/problems/combination-sum-ii,"Array, Backtracking"
MEDIUM,Linked List Cycle II,37.5,0.5927,https://leetcode.com/problems/linked-list-cycle-ii,"Hash Table, Linked List, Two Pointers, Floyd's Cycle Finding Algorithm"
MEDIUM,Shortest Unsorted Continuous Subarray,37.5,0.3863,https://leetcode.com/problems/shortest-unsorted-continuous-subarray,"Array, Two Pointers, Stack, Greedy, Sorting, Monotonic Stack"
MEDIUM,Online Stock Span,37.5,0.6984,https://leetcode.com/problems/online-stock-span,"Stack, Design, Monotonic Stack, Data Stream"
EASY,Reverse String II,37.5,0.5464,https://leetcode.com/problems/reverse-string-ii,"Two Pointers, String"
EASY,Average Time of Process per Machine,37.5,0.6704,https://leetcode.com/problems/average-time-of-process-per-machine,Database
MEDIUM,Find All Possible Recipes from Given Supplies,37.5,0.5716,https://leetcode.com/problems/find-all-possible-recipes-from-given-supplies,"Array, Hash Table, String, Graph Theory, Topological Sort, Directed Acyclic Graph"
HARD,Lexicographically Smallest Beautiful String,37.5,0.3775,https://leetcode.com/problems/lexicographically-smallest-beautiful-string,"String, Greedy"
MEDIUM,Binary Subarrays With Sum,37.5,0.6993,https://leetcode.com/problems/binary-subarrays-with-sum,"Array, Hash Table, Sliding Window, Prefix Sum"
EASY,Employee Bonus,37.5,0.7818,https://leetcode.com/problems/employee-bonus,Database
HARD,Minimum Time to Finish the Race,37.5,0.4362,https://leetcode.com/problems/minimum-time-to-finish-the-race,"Array, Dynamic Programming"
EASY,Min Cost Climbing Stairs,37.5,0.6877,https://leetcode.com/problems/min-cost-climbing-stairs,"Array, Dynamic Programming"
MEDIUM,Managers with at Least 5 Direct Reports,37.5,0.4964,https://leetcode.com/problems/managers-with-at-least-5-direct-reports,Database
MEDIUM,Detect Squares,37.5,0.5304,https://leetcode.com/problems/detect-squares,"Array, Hash Table, Design, Counting, Data Stream"
MEDIUM,Find Longest Special Substring That Occurs Thrice I,37.5,0.6162,https://leetcode.com/problems/find-longest-special-substring-that-occurs-thrice-i,"Hash Table, String, Binary Search, Sliding Window, Counting"
MEDIUM,Single-Threaded CPU,37.5,0.4823,https://leetcode.com/problems/single-threaded-cpu,"Array, Sorting, Heap (Priority Queue)"
MEDIUM,The Latest Time to Catch a Bus,37.5,0.3026,https://leetcode.com/problems/the-latest-time-to-catch-a-bus,"Array, Two Pointers, Binary Search, Sorting"
MEDIUM,Find the Safest Path in a Grid,37.5,0.5720,https://leetcode.com/problems/find-the-safest-path-in-a-grid,"Array, Binary Search, Breadth-First Search, Union-Find, Heap (Priority Queue), Matrix"
EASY,Average Selling Price,37.5,0.3795,https://leetcode.com/problems/average-selling-price,Database
HARD,Minimum Weighted Subgraph With the Required Paths,37.5,0.4359,https://leetcode.com/problems/minimum-weighted-subgraph-with-the-required-paths,"Graph Theory, Heap (Priority Queue), Shortest Path"
HARD,Height of Binary Tree After Subtree Removal Queries,37.5,0.5494,https://leetcode.com/problems/height-of-binary-tree-after-subtree-removal-queries,"Array, Tree, Depth-First Search, Breadth-First Search, Binary Tree"
MEDIUM,Continuous Subarrays,37.5,0.5800,https://leetcode.com/problems/continuous-subarrays,"Array, Queue, Sliding Window, Heap (Priority Queue), Ordered Set, Monotonic Queue"
MEDIUM,Detonate the Maximum Bombs,37.5,0.5046,https://leetcode.com/problems/detonate-the-maximum-bombs,"Array, Math, Depth-First Search, Breadth-First Search, Graph Theory, Geometry"
MEDIUM,Design a Number Container System,37.5,0.5706,https://leetcode.com/problems/design-a-number-container-system,"Hash Table, Design, Heap (Priority Queue), Ordered Set"
EASY,Replace Employee ID With The Unique Identifier,37.5,0.8388,https://leetcode.com/problems/replace-employee-id-with-the-unique-identifier,Database
MEDIUM,Maximum Candies Allocated to K Children,37.5,0.4989,https://leetcode.com/problems/maximum-candies-allocated-to-k-children,"Array, Binary Search"
EASY,Counter,37.5,0.8244,https://leetcode.com/problems/counter,
EASY,Add Digits,37.5,0.6931,https://leetcode.com/problems/add-digits,"Math, Simulation, Number Theory"
EASY,Assign Cookies,37.5,0.5554,https://leetcode.com/problems/assign-cookies,"Array, Two Pointers, Greedy, Sorting, Quicksort"
MEDIUM,Maximum Swap,37.5,0.5211,https://leetcode.com/problems/maximum-swap,"Math, Greedy"
MEDIUM,Minimum Number of Operations to Move All Balls to Each Box,37.5,0.9015,https://leetcode.com/problems/minimum-number-of-operations-to-move-all-balls-to-each-box,"Array, String, Prefix Sum"
EASY,Set Mismatch,37.5,0.4326,https://leetcode.com/problems/set-mismatch,"Array, Hash Table, Bit Manipulation, Sorting"
EASY,Richest Customer Wealth,37.5,0.8886,https://leetcode.com/problems/richest-customer-wealth,"Array, Matrix"
MEDIUM,Rearrange Array Elements by Sign,37.5,0.8483,https://leetcode.com/problems/rearrange-array-elements-by-sign,"Array, Two Pointers, Simulation"
EASY,Shuffle the Array,37.5,0.8866,https://leetcode.com/problems/shuffle-the-array,Array
MEDIUM,Count Days Without Meetings,37.5,0.4830,https://leetcode.com/problems/count-days-without-meetings,"Array, Sorting"
EASY,Transpose Matrix,37.5,0.7730,https://leetcode.com/problems/transpose-matrix,"Array, Matrix, Simulation"
EASY,Score of a String,37.5,0.9122,https://leetcode.com/problems/score-of-a-string,String
HARD,Next Special Palindrome Number,37.5,0.2800,https://leetcode.com/problems/next-special-palindrome-number,"Backtracking, Bit Manipulation"
EASY,Find X-Sum of All K-Long Subarrays I,37.5,0.7575,https://leetcode.com/problems/find-x-sum-of-all-k-long-subarrays-i,"Array, Hash Table, Sliding Window, Heap (Priority Queue)"
MEDIUM,Partition List,37.5,0.6217,https://leetcode.com/problems/partition-list,"Linked List, Two Pointers"
MEDIUM,Design a Stack With Increment Operation,37.5,0.7994,https://leetcode.com/problems/design-a-stack-with-increment-operation,"Array, Stack, Design"
EASY,Customer Who Visited but Did Not Make Any Transactions,37.5,0.6870,https://leetcode.com/problems/customer-who-visited-but-did-not-make-any-transactions,Database
EASY,Type of Triangle,37.5,0.4398,https://leetcode.com/problems/type-of-triangle,"Array, Math, Sorting, Polygons"
MEDIUM,Consecutive Numbers,37.5,0.4948,https://leetcode.com/problems/consecutive-numbers,Database
EASY,Ugly Number,37.5,0.4424,https://leetcode.com/problems/ugly-number,Math
MEDIUM,Delete Nodes From Linked List Present in Array,37.5,0.6919,https://leetcode.com/problems/delete-nodes-from-linked-list-present-in-array,"Array, Hash Table, Linked List"
EASY,Students and Examinations,37.5,0.6211,https://leetcode.com/problems/students-and-examinations,Database
MEDIUM,Path Existence Queries in a Graph I,37.5,0.7015,https://leetcode.com/problems/path-existence-queries-in-a-graph-i,"Array, Hash Table, Binary Search, Union-Find, Graph Theory"
MEDIUM,Subarray Sums Divisible by K,33.1,0.5679,https://leetcode.com/problems/subarray-sums-divisible-by-k,"Array, Hash Table, Prefix Sum"
MEDIUM,Non-overlapping Intervals,32.4,0.5777,https://leetcode.com/problems/non-overlapping-intervals,"Array, Dynamic Programming, Greedy, Sorting"
MEDIUM,Monthly Transactions I,32.4,0.5999,https://leetcode.com/problems/monthly-transactions-i,Database
MEDIUM,Unique Paths II,31.8,0.4514,https://leetcode.com/problems/unique-paths-ii,"Array, Dynamic Programming, Matrix"
MEDIUM,Delete Node in a BST,31.8,0.5545,https://leetcode.com/problems/delete-node-in-a-bst,"Tree, Binary Search Tree, Binary Tree"
EASY,Flood Fill,31.8,0.6896,https://leetcode.com/problems/flood-fill,"Array, Depth-First Search, Breadth-First Search, Matrix"
EASY,Remove Linked List Elements,31.8,0.5554,https://leetcode.com/problems/remove-linked-list-elements,"Linked List, Recursion"
MEDIUM,Maximum Good Subarray Sum,31.8,0.2254,https://leetcode.com/problems/maximum-good-subarray-sum,"Array, Hash Table, Prefix Sum"
MEDIUM,Maximum Number of Events That Can Be Attended,31.8,0.3910,https://leetcode.com/problems/maximum-number-of-events-that-can-be-attended,"Array, Greedy, Sorting, Heap (Priority Queue)"
MEDIUM,Inverse Coin Change,31.8,0.5226,https://leetcode.com/problems/inverse-coin-change,"Array, Dynamic Programming"
MEDIUM,Time Based Key-Value Store,31.1,0.5022,https://leetcode.com/problems/time-based-key-value-store,"Hash Table, String, Binary Search, Design"
EASY,Number of 1 Bits,31.1,0.7761,https://leetcode.com/problems/number-of-1-bits,"Divide and Conquer, Bit Manipulation"
MEDIUM,Remove Duplicates from Sorted List II,31.1,0.5260,https://leetcode.com/problems/remove-duplicates-from-sorted-list-ii,"Linked List, Two Pointers"
HARD,Best Time to Buy and Sell Stock III,31.1,0.5481,https://leetcode.com/problems/best-time-to-buy-and-sell-stock-iii,"Array, Dynamic Programming"
MEDIUM,Decode Ways,30.4,0.3866,https://leetcode.com/problems/decode-ways,"String, Dynamic Programming"
MEDIUM,Maximum Width of Binary Tree,30.4,0.4612,https://leetcode.com/problems/maximum-width-of-binary-tree,"Tree, Depth-First Search, Breadth-First Search, Binary Tree"
MEDIUM,Range Sum Query 2D - Immutable,30.4,0.5908,https://leetcode.com/problems/range-sum-query-2d-immutable,"Array, Design, Matrix, Prefix Sum"
EASY,Third Maximum Number,30.4,0.4045,https://leetcode.com/problems/third-maximum-number,"Array, Sorting"
MEDIUM,Find Original Array From Doubled Array,30.4,0.4094,https://leetcode.com/problems/find-original-array-from-doubled-array,"Array, Hash Table, Greedy, Sorting"
HARD,Stone Game III,30.4,0.6795,https://leetcode.com/problems/stone-game-iii,"Array, Math, Dynamic Programming, Minimax, Game Theory, Zero-Sum Game"
MEDIUM,Minimum Height Trees,30.4,0.4285,https://leetcode.com/problems/minimum-height-trees,"Depth-First Search, Breadth-First Search, Graph Theory, Topological Sort"
MEDIUM,Subarray Product Less Than K,30.4,0.5490,https://leetcode.com/problems/subarray-product-less-than-k,"Array, Binary Search, Sliding Window, Prefix Sum"
HARD,Minimum Interval to Include Each Query,30.4,0.5527,https://leetcode.com/problems/minimum-interval-to-include-each-query,"Array, Binary Search, Sweep Line, Sorting, Heap (Priority Queue)"
HARD,Time Taken to Cross the Door,30.4,0.5056,https://leetcode.com/problems/time-taken-to-cross-the-door,"Array, Queue, Simulation"
MEDIUM,Minimum Add to Make Parentheses Valid,30.4,0.7423,https://leetcode.com/problems/minimum-add-to-make-parentheses-valid,"String, Stack, Greedy, Bracket Sequences"
EASY,Find the Highest Altitude,30.4,0.8464,https://leetcode.com/problems/find-the-highest-altitude,"Array, Prefix Sum"
MEDIUM,Permutations II,30.4,0.6426,https://leetcode.com/problems/permutations-ii,"Array, Backtracking, Sorting"
EASY,Triangle Judgement,30.4,0.7531,https://leetcode.com/problems/triangle-judgement,Database
EASY,Customers Who Never Order,30.4,0.7248,https://leetcode.com/problems/customers-who-never-order,Database
MEDIUM,Increasing Triplet Subsequence,29.7,0.3965,https://leetcode.com/problems/increasing-triplet-subsequence,"Array, Greedy, Longest Increasing Subsequence"
HARD,Word Break II,29.7,0.5627,https://leetcode.com/problems/word-break-ii,"Array, Hash Table, String, Dynamic Programming, Backtracking, Trie, Memoization"
MEDIUM,Minimum Falling Path Sum,29.7,0.6085,https://leetcode.com/problems/minimum-falling-path-sum,"Array, Dynamic Programming, Matrix"
EASY,Check If N and Its Double Exist,29.7,0.4207,https://leetcode.com/problems/check-if-n-and-its-double-exist,"Array, Hash Table, Two Pointers, Binary Search, Sorting"
EASY,Maximum Score After Splitting a String,29.7,0.6507,https://leetcode.com/problems/maximum-score-after-splitting-a-string,"String, Prefix Sum"
MEDIUM,Path Sum III,29.7,0.4667,https://leetcode.com/problems/path-sum-iii,"Tree, Depth-First Search, Binary Tree"
MEDIUM,Car Pooling,29.7,0.5654,https://leetcode.com/problems/car-pooling,"Array, Sorting, Heap (Priority Queue), Simulation, Prefix Sum"
EASY,Build Array from Permutation,29.7,0.9111,https://leetcode.com/problems/build-array-from-permutation,"Array, Simulation"
EASY,Find the Difference of Two Arrays,29.7,0.8167,https://leetcode.com/problems/find-the-difference-of-two-arrays,"Array, Hash Table"
MEDIUM,New 21 Game,29.7,0.5195,https://leetcode.com/problems/new-21-game,"Math, Dynamic Programming, Sliding Window, Probability and Statistics"
HARD,Word Ladder II,29.7,0.2813,https://leetcode.com/problems/word-ladder-ii,"Hash Table, String, Backtracking, Breadth-First Search, Bidirectional Search"
HARD,Making A Large Island,29.7,0.5725,https://leetcode.com/problems/making-a-large-island,"Array, Depth-First Search, Breadth-First Search, Union-Find, Matrix"
MEDIUM,All Nodes Distance K in Binary Tree,29.7,0.6813,https://leetcode.com/problems/all-nodes-distance-k-in-binary-tree,"Hash Table, Tree, Depth-First Search, Breadth-First Search, Binary Tree"
MEDIUM,Basic Calculator II,29.7,0.4721,https://leetcode.com/problems/basic-calculator-ii,"Math, String, Stack"
HARD,K-th Smallest in Lexicographical Order,29.7,0.4661,https://leetcode.com/problems/k-th-smallest-in-lexicographical-order,Trie
HARD,Longest Duplicate Substring,29.7,0.3148,https://leetcode.com/problems/longest-duplicate-substring,"String, Binary Search, Sliding Window, Rolling Hash, Suffix Array, Hash Function, Suffix Automaton, Suffix Tree, Z Algorithm, Boyer–Moore String-Search Algorithm"
MEDIUM,Unique Length-3 Palindromic Subsequences,29.7,0.7376,https://leetcode.com/problems/unique-length-3-palindromic-subsequences,"Hash Table, String, Bit Manipulation, Prefix Sum"
HARD,Shortest Common Supersequence ,29.7,0.6232,https://leetcode.com/problems/shortest-common-supersequence,"String, Dynamic Programming, Longest Common Subsequence"
EASY,Array Prototype Last,29.7,0.7468,https://leetcode.com/problems/array-prototype-last,
MEDIUM,Number of Substrings Containing All Three Characters,29.7,0.7444,https://leetcode.com/problems/number-of-substrings-containing-all-three-characters,"Hash Table, String, Sliding Window"
MEDIUM,Stone Game,29.7,0.7709,https://leetcode.com/problems/stone-game,"Array, Math, Dynamic Programming, Minimax, Game Theory, Zero-Sum Game"
MEDIUM,Divide Array in Sets of K Consecutive Numbers,28.9,0.5957,https://leetcode.com/problems/divide-array-in-sets-of-k-consecutive-numbers,"Array, Hash Table, Greedy, Sorting"
MEDIUM,Graph Valid Tree,28.9,0.5016,https://leetcode.com/problems/graph-valid-tree,"Depth-First Search, Breadth-First Search, Union-Find, Graph Theory"
EASY,Minimum Absolute Difference in BST,28.9,0.5975,https://leetcode.com/problems/minimum-absolute-difference-in-bst,"Tree, Depth-First Search, Breadth-First Search, Binary Search Tree, Binary Tree"
MEDIUM,Valid Parenthesis String,28.9,0.4054,https://leetcode.com/problems/valid-parenthesis-string,"String, Dynamic Programming, Stack, Greedy, Bracket Sequences"
EASY,Largest Triangle Area,28.9,0.7225,https://leetcode.com/problems/largest-triangle-area,"Array, Math, Geometry, Polygons"
HARD,Number of Digit One,28.9,0.3993,https://leetcode.com/problems/number-of-digit-one,"Math, Dynamic Programming, Recursion"
MEDIUM,Sum of Beauty of All Substrings,28.9,0.7491,https://leetcode.com/problems/sum-of-beauty-of-all-substrings,"Hash Table, String, Counting"
MEDIUM,Flatten Nested List Iterator,28.9,0.6590,https://leetcode.com/problems/flatten-nested-list-iterator,"Stack, Tree, Depth-First Search, Design, Queue, Iterator"
HARD,Shortest Subarray with Sum at Least K,28.9,0.3317,https://leetcode.com/problems/shortest-subarray-with-sum-at-least-k,"Array, Binary Search, Queue, Sliding Window, Heap (Priority Queue), Prefix Sum, Monotonic Queue"
MEDIUM,Longest Arithmetic Subsequence of Given Difference,28.9,0.5431,https://leetcode.com/problems/longest-arithmetic-subsequence-of-given-difference,"Array, Hash Table, Dynamic Programming"
MEDIUM,Remove Sub-Folders from the Filesystem,28.9,0.7860,https://leetcode.com/problems/remove-sub-folders-from-the-filesystem,"Array, String, Depth-First Search, Trie"
EASY,Duplicate Zeros,28.9,0.5407,https://leetcode.com/problems/duplicate-zeros,"Array, Two Pointers"
HARD,Sliding Window Median,28.9,0.3915,https://leetcode.com/problems/sliding-window-median,"Array, Hash Table, Sliding Window, Heap (Priority Queue), Treap"
EASY,Remove All Adjacent Duplicates In String,28.9,0.7413,https://leetcode.com/problems/remove-all-adjacent-duplicates-in-string,"String, Stack"
EASY,Intersection of Two Arrays II,28.9,0.6038,https://leetcode.com/problems/intersection-of-two-arrays-ii,"Array, Hash Table, Two Pointers, Binary Search, Sorting"
HARD,Find in Mountain Array,28.9,0.4205,https://leetcode.com/problems/find-in-mountain-array,"Array, Binary Search, Interactive, Ternary Search"
MEDIUM,Binary Tree Vertical Order Traversal,28.9,0.5790,https://leetcode.com/problems/binary-tree-vertical-order-traversal,"Hash Table, Tree, Depth-First Search, Breadth-First Search, Sorting, Binary Tree"
MEDIUM,Boats to Save People,28.9,0.6254,https://leetcode.com/problems/boats-to-save-people,"Array, Two Pointers, Greedy, Sorting, Timsort"
MEDIUM,K-th Symbol in Grammar,28.9,0.4876,https://leetcode.com/problems/k-th-symbol-in-grammar,"Math, Bit Manipulation, Recursion"
EASY,How Many Numbers Are Smaller Than the Current Number,28.9,0.8747,https://leetcode.com/problems/how-many-numbers-are-smaller-than-the-current-number,"Array, Hash Table, Sorting, Counting Sort"
MEDIUM,Longest Palindromic Subsequence,28.9,0.6593,https://leetcode.com/problems/longest-palindromic-subsequence,"String, Dynamic Programming"
EASY,Number of Good Pairs,28.9,0.8994,https://leetcode.com/problems/number-of-good-pairs,"Array, Hash Table, Math, Counting"
MEDIUM,Maximum Frequency of an Element After Performing Operations I,28.9,0.4025,https://leetcode.com/problems/maximum-frequency-of-an-element-after-performing-operations-i,"Array, Binary Search, Sliding Window, Sorting, Prefix Sum"
EASY,Two Sum IV - Input is a BST,28.9,0.6373,https://leetcode.com/problems/two-sum-iv-input-is-a-bst,"Hash Table, Two Pointers, Tree, Depth-First Search, Breadth-First Search, Binary Search Tree, Binary Tree"
MEDIUM,Longest Non-Decreasing Subarray After Replacing at Most One Element,28.9,0.2315,https://leetcode.com/problems/longest-non-decreasing-subarray-after-replacing-at-most-one-element,"Array, Dynamic Programming"
MEDIUM,Sum of Square Numbers,28.9,0.3705,https://leetcode.com/problems/sum-of-square-numbers,"Math, Two Pointers, Binary Search"
EASY,Maximum Product of Three Numbers,28.9,0.4828,https://leetcode.com/problems/maximum-product-of-three-numbers,"Array, Math, Sorting"
MEDIUM,House Robber III,28.1,0.5639,https://leetcode.com/problems/house-robber-iii,"Dynamic Programming, Tree, Depth-First Search, Binary Tree, DP on Trees"
MEDIUM,K Closest Points to Origin,28.1,0.6942,https://leetcode.com/problems/k-closest-points-to-origin,"Array, Math, Divide and Conquer, Geometry, Sorting, Heap (Priority Queue), Quickselect, K-D Tree"
MEDIUM,Product of the Last K Numbers,28.1,0.6306,https://leetcode.com/problems/product-of-the-last-k-numbers,"Array, Math, Design, Data Stream, Prefix Sum"
EASY,Island Perimeter,28.1,0.7442,https://leetcode.com/problems/island-perimeter,"Array, Depth-First Search, Breadth-First Search, Matrix"
MEDIUM,Interleaving String,28.1,0.4485,https://leetcode.com/problems/interleaving-string,"String, Dynamic Programming"
MEDIUM,Binary Search Tree Iterator,28.1,0.7703,https://leetcode.com/problems/binary-search-tree-iterator,"Stack, Tree, Design, Binary Search Tree, Binary Tree, Iterator"
EASY,Jewels and Stones,28.1,0.8968,https://leetcode.com/problems/jewels-and-stones,"Hash Table, String"
EASY,Detect Capital,28.1,0.5707,https://leetcode.com/problems/detect-capital,String
MEDIUM,Longest Arithmetic Subsequence,28.1,0.5019,https://leetcode.com/problems/longest-arithmetic-subsequence,"Array, Hash Table, Binary Search, Dynamic Programming"
MEDIUM,Minimum Time Difference,28.1,0.6272,https://leetcode.com/problems/minimum-time-difference,"Array, Math, String, Sorting"
MEDIUM,Minimum Domino Rotations For Equal Row,28.1,0.5651,https://leetcode.com/problems/minimum-domino-rotations-for-equal-row,"Array, Greedy"
MEDIUM,Snakes and Ladders,28.1,0.4828,https://leetcode.com/problems/snakes-and-ladders,"Array, Breadth-First Search, Matrix"
MEDIUM,Maximum Level Sum of a Binary Tree,28.1,0.7003,https://leetcode.com/problems/maximum-level-sum-of-a-binary-tree,"Tree, Depth-First Search, Breadth-First Search, Binary Tree"
MEDIUM,Queue Reconstruction by Height,28.1,0.7507,https://leetcode.com/problems/queue-reconstruction-by-height,"Array, Binary Indexed Tree, Segment Tree, Sorting"
MEDIUM,Wiggle Sort II,28.1,0.3841,https://leetcode.com/problems/wiggle-sort-ii,"Array, Divide and Conquer, Greedy, Sorting, Quickselect"
MEDIUM,Max Chunks To Make Sorted,28.1,0.6431,https://leetcode.com/problems/max-chunks-to-make-sorted,"Array, Stack, Greedy, Sorting, Monotonic Stack"
MEDIUM,Is Graph Bipartite?,28.1,0.5994,https://leetcode.com/problems/is-graph-bipartite,"Depth-First Search, Breadth-First Search, Union-Find, Graph Theory, Graph Coloring, Bipartite Graph"
EASY,Number of Recent Calls,28.1,0.7909,https://leetcode.com/problems/number-of-recent-calls,"Design, Queue, Data Stream"
MEDIUM,Spiral Matrix II,28.1,0.7590,https://leetcode.com/problems/spiral-matrix-ii,"Array, Matrix, Simulation"
MEDIUM,Lexicographical Numbers,28.1,0.7639,https://leetcode.com/problems/lexicographical-numbers,"Depth-First Search, Trie"
EASY,Pascal's Triangle II,28.1,0.6808,https://leetcode.com/problems/pascals-triangle-ii,"Array, Dynamic Programming"
MEDIUM,Nth Highest Salary,28.1,0.4029,https://leetcode.com/problems/nth-highest-salary,Database
MEDIUM,Count Numbers with Unique Digits,28.1,0.5629,https://leetcode.com/problems/count-numbers-with-unique-digits,"Math, Dynamic Programming, Backtracking"
MEDIUM,Sender With Largest Word Count,28.1,0.6025,https://leetcode.com/problems/sender-with-largest-word-count,"Array, Hash Table, String, Counting"
HARD,Design a Text Editor,28.1,0.5195,https://leetcode.com/problems/design-a-text-editor,"Linked List, String, Stack, Design, Simulation, Doubly-Linked List"
MEDIUM,Maximum Beauty of an Array After Applying Operation,28.1,0.5840,https://leetcode.com/problems/maximum-beauty-of-an-array-after-applying-operation,"Array, Binary Search, Sliding Window, Sorting"
MEDIUM,Design Linked List,28.1,0.3089,https://leetcode.com/problems/design-linked-list,"Linked List, Design"
MEDIUM,Rank Scores,28.1,0.6892,https://leetcode.com/problems/rank-scores,Database
MEDIUM,Smallest Subsequence of Distinct Characters,28.1,0.7064,https://leetcode.com/problems/smallest-subsequence-of-distinct-characters,"String, Stack, Greedy, Monotonic Stack"
EASY,Kids With the Greatest Number of Candies,28.1,0.8799,https://leetcode.com/problems/kids-with-the-greatest-number-of-candies,Array
HARD,Sum of Good Subsequences,28.1,0.3110,https://leetcode.com/problems/sum-of-good-subsequences,"Array, Hash Table, Dynamic Programming"
MEDIUM,Zero Array Transformation III,28.1,0.5441,https://leetcode.com/problems/zero-array-transformation-iii,"Array, Two Pointers, Greedy, Sorting, Heap (Priority Queue), Prefix Sum"
MEDIUM,Find the Smallest Divisor Given a Threshold,28.1,0.6682,https://leetcode.com/problems/find-the-smallest-divisor-given-a-threshold,"Array, Binary Search"
EASY,Water Bottles,28.1,0.7252,https://leetcode.com/problems/water-bottles,"Math, Simulation"
EASY,Find Numbers with Even Number of Digits,28.1,0.8002,https://leetcode.com/problems/find-numbers-with-even-number-of-digits,"Array, Math"
MEDIUM,Count Complete Tree Nodes,27.2,0.7240,https://leetcode.com/problems/count-complete-tree-nodes,"Binary Search, Bit Manipulation, Tree, Binary Tree"
MEDIUM,My Calendar I,27.2,0.5841,https://leetcode.com/problems/my-calendar-i,"Array, Binary Search, Design, Segment Tree, Ordered Set"
EASY,Valid Perfect Square,27.2,0.4512,https://leetcode.com/problems/valid-perfect-square,"Math, Binary Search"
MEDIUM,Rotated Digits,27.2,0.6415,https://leetcode.com/problems/rotated-digits,"Math, Dynamic Programming"
MEDIUM,Lowest Common Ancestor of a Binary Search Tree,27.2,0.7142,https://leetcode.com/problems/lowest-common-ancestor-of-a-binary-search-tree,"Tree, Depth-First Search, Binary Search Tree, Binary Tree, Binary Lifting, Lowest Common Ancestor"
EASY,Binary Tree Preorder Traversal,27.2,0.7674,https://leetcode.com/problems/binary-tree-preorder-traversal,"Stack, Tree, Depth-First Search, Binary Tree"
MEDIUM,Number of Enclaves,27.2,0.7228,https://leetcode.com/problems/number-of-enclaves,"Array, Depth-First Search, Breadth-First Search, Union-Find, Matrix"
MEDIUM,Minimum Operations to Reduce X to Zero,27.2,0.4504,https://leetcode.com/problems/minimum-operations-to-reduce-x-to-zero,"Array, Hash Table, Binary Search, Sliding Window, Prefix Sum"
MEDIUM,Maximum Score From Removing Substrings,27.2,0.6641,https://leetcode.com/problems/maximum-score-from-removing-substrings,"String, Stack, Greedy"
HARD,Kth Ancestor of a Tree Node,27.2,0.3971,https://leetcode.com/problems/kth-ancestor-of-a-tree-node,"Binary Search, Dynamic Programming, Bit Manipulation, Tree, Depth-First Search, Breadth-First Search, Design, Binary Lifting"
EASY,Robot Return to Origin,27.2,0.7821,https://leetcode.com/problems/robot-return-to-origin,"String, Simulation"
MEDIUM,Minimum Difference Between Largest and Smallest Value in Three Moves,27.2,0.5919,https://leetcode.com/problems/minimum-difference-between-largest-and-smallest-value-in-three-moves,"Array, Greedy, Sorting"
MEDIUM,Smallest Integer Divisible by K,27.2,0.5414,https://leetcode.com/problems/smallest-integer-divisible-by-k,"Hash Table, Math, Pigeonhole Principle"
MEDIUM,Sum Root to Leaf Numbers,27.2,0.7042,https://leetcode.com/problems/sum-root-to-leaf-numbers,"Tree, Depth-First Search, Binary Tree"
MEDIUM,Number of Subsequences That Satisfy the Given Sum Condition,27.2,0.4896,https://leetcode.com/problems/number-of-subsequences-that-satisfy-the-given-sum-condition,"Array, Two Pointers, Binary Search, Sorting"
HARD,Painting a Grid With Three Different Colors,27.2,0.7687,https://leetcode.com/problems/painting-a-grid-with-three-different-colors,"Dynamic Programming, Graph Coloring"
MEDIUM,Product Price at a Given Date,27.2,0.5867,https://leetcode.com/problems/product-price-at-a-given-date,Database
MEDIUM,Delete the Middle Node of a Linked List,27.2,0.6089,https://leetcode.com/problems/delete-the-middle-node-of-a-linked-list,"Linked List, Two Pointers"
MEDIUM,Longest Subarray of 1's After Deleting One Element,27.2,0.7160,https://leetcode.com/problems/longest-subarray-of-1s-after-deleting-one-element,"Array, Dynamic Programming, Sliding Window"
EASY,To Be Or Not To Be,27.2,0.6346,https://leetcode.com/problems/to-be-or-not-to-be,
MEDIUM,The kth Factor of n,27.2,0.7081,https://leetcode.com/problems/the-kth-factor-of-n,"Math, Number Theory, Prime Factorization"
MEDIUM,Check if Grid can be Cut into Sections,27.2,0.6805,https://leetcode.com/problems/check-if-grid-can-be-cut-into-sections,"Array, Sorting"
MEDIUM,Reschedule Meetings for Maximum Free Time I,27.2,0.5390,https://leetcode.com/problems/reschedule-meetings-for-maximum-free-time-i,"Array, Greedy, Sliding Window"
EASY,Longest Harmonious Subsequence,27.2,0.6516,https://leetcode.com/problems/longest-harmonious-subsequence,"Array, Hash Table, Sliding Window, Sorting, Counting"
MEDIUM,Find Leaves of Binary Tree,26.3,0.8138,https://leetcode.com/problems/find-leaves-of-binary-tree,"Tree, Depth-First Search, Binary Tree, DP on Trees"
HARD,Student Attendance Record II,26.3,0.5699,https://leetcode.com/problems/student-attendance-record-ii,Dynamic Programming
HARD,Design Search Autocomplete System,26.3,0.5009,https://leetcode.com/problems/design-search-autocomplete-system,"String, Depth-First Search, Design, Trie, Sorting, Heap (Priority Queue), Data Stream"
MEDIUM,Longest Absolute File Path,26.3,0.4997,https://leetcode.com/problems/longest-absolute-file-path,"String, Stack, Depth-First Search"
MEDIUM,Walls and Gates,26.3,0.6419,https://leetcode.com/problems/walls-and-gates,"Array, Breadth-First Search, Matrix"
HARD,Optimal Account Balancing,26.3,0.5070,https://leetcode.com/problems/optimal-account-balancing,"Array, Dynamic Programming, Backtracking, Bit Manipulation, Bitmask"
MEDIUM,Expressive Words,26.3,0.4706,https://leetcode.com/problems/expressive-words,"Array, Two Pointers, String"
HARD,Max Points on a Line,26.3,0.3151,https://leetcode.com/problems/max-points-on-a-line,"Array, Hash Table, Math, Geometry, Euclidean Algorithm, Greatest Common Divisor"
MEDIUM,RLE Iterator,26.3,0.5963,https://leetcode.com/problems/rle-iterator,"Array, Design, Counting, Iterator"
EASY,Valid Word Abbreviation,26.3,0.3705,https://leetcode.com/problems/valid-word-abbreviation,"Two Pointers, String"
HARD,Frog Jump,26.3,0.4767,https://leetcode.com/problems/frog-jump,"Array, Dynamic Programming"
HARD,Best Time to Buy and Sell Stock IV,26.3,0.5140,https://leetcode.com/problems/best-time-to-buy-and-sell-stock-iv,"Array, Dynamic Programming"
EASY,Reverse Bits,26.3,0.6944,https://leetcode.com/problems/reverse-bits,"Divide and Conquer, Bit Manipulation"
EASY,Make The String Great,26.3,0.6875,https://leetcode.com/problems/make-the-string-great,"String, Stack"
MEDIUM,Interval List Intersections,26.3,0.7321,https://leetcode.com/problems/interval-list-intersections,"Array, Two Pointers, Sweep Line"
MEDIUM,Check if Word Can Be Placed In Crossword,26.3,0.5086,https://leetcode.com/problems/check-if-word-can-be-placed-in-crossword,"Array, Matrix, Enumeration"
MEDIUM,Maximum Sum Circular Subarray,26.3,0.5156,https://leetcode.com/problems/maximum-sum-circular-subarray,"Array, Divide and Conquer, Dynamic Programming, Queue, Monotonic Queue"
MEDIUM,Tuple with Same Product,26.3,0.7006,https://leetcode.com/problems/tuple-with-same-product,"Array, Hash Table, Counting"
EASY,Convert 1D Array Into 2D Array,26.3,0.7250,https://leetcode.com/problems/convert-1d-array-into-2d-array,"Array, Matrix, Simulation"
HARD,Robot Room Cleaner,26.3,0.7804,https://leetcode.com/problems/robot-room-cleaner,"Backtracking, Interactive"
MEDIUM,My Calendar II,26.3,0.6351,https://leetcode.com/problems/my-calendar-ii,"Array, Binary Search, Design, Segment Tree, Prefix Sum, Ordered Set"
HARD,Minimum Cost to Cut a Stick,26.3,0.6346,https://leetcode.com/problems/minimum-cost-to-cut-a-stick,"Array, Dynamic Programming, Sorting"
MEDIUM,Count Submatrices With All Ones,26.3,0.7101,https://leetcode.com/problems/count-submatrices-with-all-ones,"Array, Dynamic Programming, Stack, Matrix, Monotonic Stack"
MEDIUM,Bag of Tokens,26.3,0.5992,https://leetcode.com/problems/bag-of-tokens,"Array, Two Pointers, Greedy, Sorting"
EASY,Missing Ranges,26.3,0.3570,https://leetcode.com/problems/missing-ranges,Array
MEDIUM,Heaters,26.3,0.4268,https://leetcode.com/problems/heaters,"Array, Two Pointers, Binary Search, Sorting"
HARD,All O`one Data Structure,26.3,0.4457,https://leetcode.com/problems/all-oone-data-structure,"Hash Table, Linked List, Design, Doubly-Linked List"
MEDIUM,132 Pattern,26.3,0.3514,https://leetcode.com/problems/132-pattern,"Array, Binary Search, Stack, Monotonic Stack, Ordered Set"
HARD,Maximum Sum of 3 Non-Overlapping Subarrays,26.3,0.6005,https://leetcode.com/problems/maximum-sum-of-3-non-overlapping-subarrays,"Array, Dynamic Programming, Sliding Window, Prefix Sum"
MEDIUM,Ones and Zeroes,26.3,0.5384,https://leetcode.com/problems/ones-and-zeroes,"Array, String, Dynamic Programming, Knapsack Problem, 0-1 Knapsack"
MEDIUM,Divide Array Into Arrays With Max Difference,26.3,0.7906,https://leetcode.com/problems/divide-array-into-arrays-with-max-difference,"Array, Greedy, Sorting"
HARD,Maximum Score of a Node Sequence,26.3,0.4061,https://leetcode.com/problems/maximum-score-of-a-node-sequence,"Array, Graph Theory, Sorting, Enumeration"
EASY,First Letter to Appear Twice,26.3,0.7528,https://leetcode.com/problems/first-letter-to-appear-twice,"Hash Table, String, Bit Manipulation, Counting"
EASY,Power of Four,26.3,0.5266,https://leetcode.com/problems/power-of-four,"Math, Bit Manipulation, Recursion"
MEDIUM,Count Special Subsequences,26.3,0.3006,https://leetcode.com/problems/count-special-subsequences,"Array, Hash Table, Math, Enumeration"
EASY,Duplicate Emails,26.3,0.7446,https://leetcode.com/problems/duplicate-emails,Database
EASY,Invalid Tweets,26.3,0.8528,https://leetcode.com/problems/invalid-tweets,Database
MEDIUM,Find the Length of the Longest Common Prefix,26.3,0.6229,https://leetcode.com/problems/find-the-length-of-the-longest-common-prefix,"Array, Hash Table, String, Trie"
EASY,Project Employees I,26.3,0.6742,https://leetcode.com/problems/project-employees-i,Database
EASY,Adjacent Increasing Subarrays Detection I,26.3,0.4801,https://leetcode.com/problems/adjacent-increasing-subarrays-detection-i,Array
MEDIUM,Maximum Number of Distinct Elements After Operations,26.3,0.5211,https://leetcode.com/problems/maximum-number-of-distinct-elements-after-operations,"Array, Greedy, Sorting"
EASY,User Activity for the Past 30 Days I,26.3,0.5171,https://leetcode.com/problems/user-activity-for-the-past-30-days-i,Database
EASY,Queries Quality and Percentage,26.3,0.5507,https://leetcode.com/problems/queries-quality-and-percentage,Database
MEDIUM,Count Number of Nice Subarrays,26.3,0.7578,https://leetcode.com/problems/count-number-of-nice-subarrays,"Array, Hash Table, Math, Sliding Window, Prefix Sum"
EASY,Delete Duplicate Emails,26.3,0.6694,https://leetcode.com/problems/delete-duplicate-emails,Database
MEDIUM,Convert Sorted List to Binary Search Tree,25.4,0.6746,https://leetcode.com/problems/convert-sorted-list-to-binary-search-tree,"Linked List, Divide and Conquer, Tree, Binary Search Tree, Binary Tree"
MEDIUM,Bulls and Cows,25.4,0.5304,https://leetcode.com/problems/bulls-and-cows,"Hash Table, String, Counting"
HARD,Shortest Distance from All Buildings,25.4,0.4501,https://leetcode.com/problems/shortest-distance-from-all-buildings,"Array, Breadth-First Search, Matrix"
MEDIUM,Path with Maximum Probability,25.4,0.6580,https://leetcode.com/problems/path-with-maximum-probability,"Array, Graph Theory, Heap (Priority Queue), Shortest Path, Dijkstra's Algorithm"
MEDIUM,Kth Smallest Element in a Sorted Matrix,25.4,0.6511,https://leetcode.com/problems/kth-smallest-element-in-a-sorted-matrix,"Array, Binary Search, Sorting, Heap (Priority Queue), Matrix"
HARD,Distinct Subsequences,25.4,0.5430,https://leetcode.com/problems/distinct-subsequences,"String, Dynamic Programming"
MEDIUM,Rank Teams by Votes,25.4,0.6006,https://leetcode.com/problems/rank-teams-by-votes,"Array, Hash Table, String, Sorting, Counting"
EASY,Defanging an IP Address,25.4,0.9017,https://leetcode.com/problems/defanging-an-ip-address,String
MEDIUM,Build an Array With Stack Operations,25.4,0.8083,https://leetcode.com/problems/build-an-array-with-stack-operations,"Array, Stack, Simulation"
EASY,Counting Bits,25.4,0.8077,https://leetcode.com/problems/counting-bits,"Dynamic Programming, Bit Manipulation"
HARD,Create Maximum Number,25.4,0.3719,https://leetcode.com/problems/create-maximum-number,"Array, Two Pointers, Stack, Greedy, Monotonic Stack"
EASY,Relative Ranks,25.4,0.7526,https://leetcode.com/problems/relative-ranks,"Array, Sorting, Heap (Priority Queue)"
MEDIUM,Stock Price Fluctuation ,25.4,0.4940,https://leetcode.com/problems/stock-price-fluctuation,"Hash Table, Design, Heap (Priority Queue), Data Stream, Ordered Set"
MEDIUM,Find the Most Competitive Subsequence,25.4,0.5358,https://leetcode.com/problems/find-the-most-competitive-subsequence,"Array, Stack, Greedy, Monotonic Stack"
EASY,Find All K-Distant Indices in an Array,25.4,0.7722,https://leetcode.com/problems/find-all-k-distant-indices-in-an-array,"Array, Two Pointers"
MEDIUM,Longest Mountain in Array,25.4,0.4255,https://leetcode.com/problems/longest-mountain-in-array,"Array, Two Pointers, Dynamic Programming, Enumeration"
EASY,Find Mode in Binary Search Tree,25.4,0.5943,https://leetcode.com/problems/find-mode-in-binary-search-tree,"Tree, Depth-First Search, Binary Search Tree, Binary Tree"
EASY,Largest Number At Least Twice of Others,25.4,0.5324,https://leetcode.com/problems/largest-number-at-least-twice-of-others,"Array, Sorting"
MEDIUM,Path With Maximum Minimum Value,25.4,0.5478,https://leetcode.com/problems/path-with-maximum-minimum-value,"Array, Binary Search, Depth-First Search, Breadth-First Search, Union-Find, Heap (Priority Queue), Matrix, Dijkstra's Algorithm"
EASY,Sort Array By Parity,25.4,0.7669,https://leetcode.com/problems/sort-array-by-parity,"Array, Two Pointers, Sorting"
EASY,Toeplitz Matrix,25.4,0.6989,https://leetcode.com/problems/toeplitz-matrix,"Array, Matrix"
MEDIUM,Maximum Product of Word Lengths,25.4,0.6162,https://leetcode.com/problems/maximum-product-of-word-lengths,"Array, String, Bit Manipulation"
EASY,Word Pattern,25.4,0.4471,https://leetcode.com/problems/word-pattern,"Hash Table, String"
MEDIUM,Design Circular Queue,25.4,0.5551,https://leetcode.com/problems/design-circular-queue,"Array, Linked List, Design, Queue"
MEDIUM,Shortest Bridge,25.4,0.5981,https://leetcode.com/problems/shortest-bridge,"Array, Depth-First Search, Breadth-First Search, Matrix"
MEDIUM,Delete Operation for Two Strings,25.4,0.6630,https://leetcode.com/problems/delete-operation-for-two-strings,"String, Dynamic Programming, Longest Common Subsequence"
EASY,Search in a Binary Search Tree,25.4,0.8318,https://leetcode.com/problems/search-in-a-binary-search-tree,"Tree, Binary Search Tree, Binary Tree"
MEDIUM,Count Number of Bad Pairs,25.4,0.5411,https://leetcode.com/problems/count-number-of-bad-pairs,"Array, Hash Table, Math, Counting"
MEDIUM,Minimum Number of Flips to Make the Binary String Alternating,25.4,0.5368,https://leetcode.com/problems/minimum-number-of-flips-to-make-the-binary-string-alternating,"String, Dynamic Programming, Sliding Window"
HARD,Maximum Number of K-Divisible Components,25.4,0.7367,https://leetcode.com/problems/maximum-number-of-k-divisible-components,"Tree, Depth-First Search"
MEDIUM,Number of Ways to Build Sturdy Brick Wall,25.4,0.4933,https://leetcode.com/problems/number-of-ways-to-build-sturdy-brick-wall,"Array, Dynamic Programming, Bit Manipulation, Bitmask"
HARD,Longest Increasing Subsequence II,25.4,0.2660,https://leetcode.com/problems/longest-increasing-subsequence-ii,"Array, Divide and Conquer, Dynamic Programming, Binary Indexed Tree, Segment Tree, Queue, Monotonic Queue"
EASY,Path Sum,25.4,0.5577,https://leetcode.com/problems/path-sum,"Tree, Depth-First Search, Breadth-First Search, Binary Tree"
MEDIUM,Find the Prefix Common Array of Two Arrays,25.4,0.8828,https://leetcode.com/problems/find-the-prefix-common-array-of-two-arrays,"Array, Hash Table, Bit Manipulation"
EASY,Special Array I,25.4,0.8143,https://leetcode.com/problems/special-array-i,Array
EASY,Nim Game,25.4,0.6056,https://leetcode.com/problems/nim-game,"Math, Brainteaser, Minimax, Game Theory, Nim Game, Impartial Game"
MEDIUM,Maximum Sum of Distinct Subarrays With Length K,25.4,0.4354,https://leetcode.com/problems/maximum-sum-of-distinct-subarrays-with-length-k,"Array, Hash Table, Sliding Window"
EASY,N-th Tribonacci Number,25.4,0.6304,https://leetcode.com/problems/n-th-tribonacci-number,"Math, Dynamic Programming, Memoization"
EASY,License Key Formatting,25.0,0.4658,https://leetcode.com/problems/license-key-formatting,String
MEDIUM,Time Needed to Inform All Employees,25.0,0.6061,https://leetcode.com/problems/time-needed-to-inform-all-employees,"Tree, Depth-First Search, Breadth-First Search"
MEDIUM,Sentence Screen Fitting,25.0,0.3642,https://leetcode.com/problems/sentence-screen-fitting,"Array, String, Dynamic Programming"
MEDIUM,Peeking Iterator,25.0,0.6200,https://leetcode.com/problems/peeking-iterator,"Array, Design, Iterator"
HARD,Smallest Rectangle Enclosing Black Pixels,25.0,0.6095,https://leetcode.com/problems/smallest-rectangle-enclosing-black-pixels,"Array, Binary Search, Depth-First Search, Breadth-First Search, Matrix"
MEDIUM,Longest Line of Consecutive One in Matrix,25.0,0.5063,https://leetcode.com/problems/longest-line-of-consecutive-one-in-matrix,"Array, Dynamic Programming, Matrix"
MEDIUM,Number of Boomerangs,25.0,0.5814,https://leetcode.com/problems/number-of-boomerangs,"Array, Hash Table, Math"
EASY,Student Attendance Record I,25.0,0.5054,https://leetcode.com/problems/student-attendance-record-i,String
HARD,Jump Game IV,25.0,0.5110,https://leetcode.com/problems/jump-game-iv,"Array, Hash Table, Breadth-First Search"
HARD,Read N Characters Given read4 II - Call Multiple Times,25.0,0.4337,https://leetcode.com/problems/read-n-characters-given-read4-ii-call-multiple-times,"Array, Simulation, Interactive"
MEDIUM,Longest Word in Dictionary through Deleting,25.0,0.5307,https://leetcode.com/problems/longest-word-in-dictionary-through-deleting,"Array, Two Pointers, String, Sorting"
MEDIUM,Brace Expansion,25.0,0.6689,https://leetcode.com/problems/brace-expansion,"String, Backtracking, Stack, Breadth-First Search, Sorting"
MEDIUM,Binary Tree Longest Consecutive Sequence II,25.0,0.5018,https://leetcode.com/problems/binary-tree-longest-consecutive-sequence-ii,"Tree, Depth-First Search, Binary Tree, DP on Trees"
MEDIUM,Design Tic-Tac-Toe,25.0,0.5876,https://leetcode.com/problems/design-tic-tac-toe,"Array, Hash Table, Design, Matrix, Simulation"
MEDIUM,Range Sum Query 2D - Mutable,25.0,0.4596,https://leetcode.com/problems/range-sum-query-2d-mutable,"Array, Design, Binary Indexed Tree, Segment Tree, Matrix, Sqrt Decomposition"
HARD,Word Squares,25.0,0.5476,https://leetcode.com/problems/word-squares,"Array, String, Backtracking, Trie"
MEDIUM,Game of Life,25.0,0.7308,https://leetcode.com/problems/game-of-life,"Array, Matrix, Simulation"
HARD,Word Abbreviation,25.0,0.6274,https://leetcode.com/problems/word-abbreviation,"Array, String, Greedy, Trie, Sorting"
MEDIUM,Maximize Distance to Closest Person,25.0,0.5009,https://leetcode.com/problems/maximize-distance-to-closest-person,Array
MEDIUM,The Maze,25.0,0.6054,https://leetcode.com/problems/the-maze,"Array, Depth-First Search, Breadth-First Search, Matrix"
HARD,Palindrome Pairs,25.0,0.3765,https://leetcode.com/problems/palindrome-pairs,"Array, Hash Table, String, Trie, Hash Function"
MEDIUM,Different Ways to Add Parentheses,25.0,0.7369,https://leetcode.com/problems/different-ways-to-add-parentheses,"Math, String, Dynamic Programming, Recursion, Memoization, Bracket Sequences"
HARD,Rearrange String k Distance Apart,25.0,0.4003,https://leetcode.com/problems/rearrange-string-k-distance-apart,"Hash Table, String, Greedy, Sorting, Heap (Priority Queue), Counting"
MEDIUM,Magic Squares In Grid,25.0,0.5523,https://leetcode.com/problems/magic-squares-in-grid,"Array, Hash Table, Math, Matrix"
EASY,Positions of Large Groups,25.0,0.5441,https://leetcode.com/problems/positions-of-large-groups,String
MEDIUM,Path Sum II,25.0,0.6299,https://leetcode.com/problems/path-sum-ii,"Backtracking, Tree, Depth-First Search, Binary Tree"
MEDIUM,Shopping Offers,25.0,0.5284,https://leetcode.com/problems/shopping-offers,"Array, Dynamic Programming, Backtracking, Bit Manipulation, Memoization, Bitmask, Knapsack Problem, Complete Knapsack"
MEDIUM,Array of Doubled Pairs,25.0,0.4003,https://leetcode.com/problems/array-of-doubled-pairs,"Array, Hash Table, Greedy, Sorting"
MEDIUM,Binary Tree Longest Consecutive Sequence,25.0,0.5488,https://leetcode.com/problems/binary-tree-longest-consecutive-sequence,"Tree, Depth-First Search, Binary Tree, DP on Trees"
MEDIUM,Longest Substring with At Most K Distinct Characters,25.0,0.5015,https://leetcode.com/problems/longest-substring-with-at-most-k-distinct-characters,"Hash Table, String, Sliding Window"
HARD,Encode String with Shortest Length,25.0,0.5058,https://leetcode.com/problems/encode-string-with-shortest-length,"String, Dynamic Programming"
MEDIUM,Strobogrammatic Number II,25.0,0.5356,https://leetcode.com/problems/strobogrammatic-number-ii,"Array, String, Recursion"
HARD,Minimum Window Subsequence,25.0,0.4388,https://leetcode.com/problems/minimum-window-subsequence,"String, Dynamic Programming, Sliding Window"
MEDIUM,Campus Bikes II,25.0,0.5585,https://leetcode.com/problems/campus-bikes-ii,"Array, Dynamic Programming, Backtracking, Bit Manipulation, Bitmask, Hungarian Algorithm, Bipartite Graph, Successive Shortest Path Algorithm, Matching (Graph), Minimum-Cost Flow, Flow Network"
MEDIUM,Paint Fence,25.0,0.4855,https://leetcode.com/problems/paint-fence,Dynamic Programming
MEDIUM,Split Array into Consecutive Subsequences,25.0,0.5256,https://leetcode.com/problems/split-array-into-consecutive-subsequences,"Array, Hash Table, Greedy, Heap (Priority Queue)"
MEDIUM,The Maze II,25.0,0.5524,https://leetcode.com/problems/the-maze-ii,"Array, Depth-First Search, Breadth-First Search, Graph Theory, Heap (Priority Queue), Matrix, Shortest Path, Dijkstra's Algorithm, Heuristic Search, A* Search"
MEDIUM,Guess Number Higher or Lower II,25.0,0.5357,https://leetcode.com/problems/guess-number-higher-or-lower-ii,"Math, Dynamic Programming, Minimax, Game Theory"
MEDIUM,Compare Strings by Frequency of the Smallest Character,25.0,0.6367,https://leetcode.com/problems/compare-strings-by-frequency-of-the-smallest-character,"Array, Hash Table, String, Binary Search, Sorting"
MEDIUM,Design Snake Game,25.0,0.4011,https://leetcode.com/problems/design-snake-game,"Array, Hash Table, Design, Queue, Simulation"
HARD,Perfect Rectangle,25.0,0.3939,https://leetcode.com/problems/perfect-rectangle,"Array, Hash Table, Math, Geometry, Sweep Line"
MEDIUM,Flip Equivalent Binary Trees,25.0,0.6949,https://leetcode.com/problems/flip-equivalent-binary-trees,"Tree, Depth-First Search, Binary Tree"
MEDIUM,Implement Magic Dictionary,25.0,0.5824,https://leetcode.com/problems/implement-magic-dictionary,"Hash Table, String, Depth-First Search, Design, Trie"
EASY,Confusing Number,25.0,0.4988,https://leetcode.com/problems/confusing-number,Math
EASY,Design Compressed String Iterator,25.0,0.4051,https://leetcode.com/problems/design-compressed-string-iterator,"Array, String, Design, Iterator"
EASY,Meeting Rooms,25.0,0.5958,https://leetcode.com/problems/meeting-rooms,"Array, Sorting, Quicksort"
MEDIUM,Video Stitching,25.0,0.5303,https://leetcode.com/problems/video-stitching,"Array, Dynamic Programming, Greedy"
EASY,X of a Kind in a Deck of Cards,25.0,0.3056,https://leetcode.com/problems/x-of-a-kind-in-a-deck-of-cards,"Array, Hash Table, Math, Counting, Number Theory, Euclidean Algorithm, Greatest Common Divisor"
MEDIUM,Flatten a Multilevel Doubly Linked List,25.0,0.6348,https://leetcode.com/problems/flatten-a-multilevel-doubly-linked-list,"Linked List, Depth-First Search, Doubly-Linked List"
MEDIUM,Design Add and Search Words Data Structure,25.0,0.4907,https://leetcode.com/problems/design-add-and-search-words-data-structure,"String, Depth-First Search, Design, Trie"
EASY,Shortest Completing Word,25.0,0.6384,https://leetcode.com/problems/shortest-completing-word,"Array, Hash Table, String"
EASY,Subtree of Another Tree,25.0,0.5224,https://leetcode.com/problems/subtree-of-another-tree,"Tree, Depth-First Search, String Matching, Binary Tree, Hash Function"
MEDIUM,Partition to K Equal Sum Subsets,25.0,0.3890,https://leetcode.com/problems/partition-to-k-equal-sum-subsets,"Array, Dynamic Programming, Backtracking, Bit Manipulation, Memoization, Bitmask"
MEDIUM,Number of Connected Components in an Undirected Graph,25.0,0.6516,https://leetcode.com/problems/number-of-connected-components-in-an-undirected-graph,"Depth-First Search, Breadth-First Search, Union-Find, Graph Theory"
HARD,Closest Binary Search Tree Value II,25.0,0.6135,https://leetcode.com/problems/closest-binary-search-tree-value-ii,"Two Pointers, Stack, Tree, Depth-First Search, Binary Search Tree, Heap (Priority Queue), Binary Tree"
MEDIUM,Bold Words in String,25.0,0.5353,https://leetcode.com/problems/bold-words-in-string,"Array, Hash Table, String, Trie, String Matching, Aho–Corasick Algorithm"
MEDIUM,Find Positive Integer Solution for a Given Equation,25.0,0.7022,https://leetcode.com/problems/find-positive-integer-solution-for-a-given-equation,"Math, Two Pointers, Binary Search, Interactive"
EASY,Print in Order,25.0,0.7346,https://leetcode.com/problems/print-in-order,Concurrency
MEDIUM,Super Ugly Number,25.0,0.4664,https://leetcode.com/problems/super-ugly-number,"Array, Math, Dynamic Programming"
EASY,Divisor Game,25.0,0.7269,https://leetcode.com/problems/divisor-game,"Math, Dynamic Programming, Brainteaser, Game Theory, Impartial Game"
MEDIUM,Simplified Fractions,25.0,0.7025,https://leetcode.com/problems/simplified-fractions,"Math, String, Number Theory, Euclidean Algorithm, Greatest Common Divisor"
MEDIUM,Continuous Subarray Sum,25.0,0.3169,https://leetcode.com/problems/continuous-subarray-sum,"Array, Hash Table, Math, Prefix Sum, Pigeonhole Principle"
EASY,Find the Town Judge,25.0,0.5112,https://leetcode.com/problems/find-the-town-judge,"Array, Hash Table, Graph Theory"
HARD,Find Minimum in Rotated Sorted Array II,25.0,0.4704,https://leetcode.com/problems/find-minimum-in-rotated-sorted-array-ii,"Array, Binary Search"
MEDIUM,Pyramid Transition Matrix,25.0,0.6060,https://leetcode.com/problems/pyramid-transition-matrix,"Hash Table, String, Backtracking, Bit Manipulation"
HARD,Pizza With 3n Slices,25.0,0.5446,https://leetcode.com/problems/pizza-with-3n-slices,"Array, Dynamic Programming, Greedy, Heap (Priority Queue)"
EASY,Element Appearing More Than 25% In Sorted Array,25.0,0.6150,https://leetcode.com/problems/element-appearing-more-than-25-in-sorted-array,Array
HARD,Frog Position After T Seconds,25.0,0.3885,https://leetcode.com/problems/frog-position-after-t-seconds,"Tree, Depth-First Search, Breadth-First Search, Graph Theory"
HARD,K Empty Slots,25.0,0.3803,https://leetcode.com/problems/k-empty-slots,"Array, Binary Indexed Tree, Segment Tree, Queue, Sliding Window, Heap (Priority Queue), Ordered Set, Monotonic Queue"
MEDIUM,Unique Word Abbreviation,25.0,0.2804,https://leetcode.com/problems/unique-word-abbreviation,"Array, Hash Table, String, Design"
MEDIUM,Zigzag Iterator,25.0,0.6718,https://leetcode.com/problems/zigzag-iterator,"Array, Design, Queue, Iterator"
EASY,Sentence Similarity,25.0,0.4491,https://leetcode.com/problems/sentence-similarity,"Array, Hash Table, String"
MEDIUM,Flip Game II,25.0,0.5237,https://leetcode.com/problems/flip-game-ii,"Math, Dynamic Programming, Backtracking, Memoization, Minimax, Game Theory, Sprague–Grundy Theorem, Impartial Game"
MEDIUM,Generalized Abbreviation,25.0,0.6095,https://leetcode.com/problems/generalized-abbreviation,"String, Backtracking, Bit Manipulation"
EASY,Binary Watch,25.0,0.6625,https://leetcode.com/problems/binary-watch,"Backtracking, Bit Manipulation"
MEDIUM,Find Permutation,25.0,0.6674,https://leetcode.com/problems/find-permutation,"Array, String, Stack, Greedy"
MEDIUM,Plus One Linked List,25.0,0.6119,https://leetcode.com/problems/plus-one-linked-list,"Linked List, Math"
EASY,Flip Game,25.0,0.6509,https://leetcode.com/problems/flip-game,String
EASY,Similar RGB Color,25.0,0.6895,https://leetcode.com/problems/similar-rgb-color,"Math, String, Enumeration"
HARD,Minimum Unique Word Abbreviation,25.0,0.4060,https://leetcode.com/problems/minimum-unique-word-abbreviation,"Array, String, Backtracking, Bit Manipulation"
MEDIUM,Convex Polygon,25.0,0.4031,https://leetcode.com/problems/convex-polygon,"Array, Math, Geometry, Polygons"
EASY,Find Anagram Mappings,25.0,0.8397,https://leetcode.com/problems/find-anagram-mappings,"Array, Hash Table"
EASY,Valid Word Square,25.0,0.4296,https://leetcode.com/problems/valid-word-square,"Array, Matrix"
EASY,Single-Row Keyboard,25.0,0.8783,https://leetcode.com/problems/single-row-keyboard,"Hash Table, String"
HARD,Erect the Fence,25.0,0.5351,https://leetcode.com/problems/erect-the-fence,"Array, Math, Geometry, Convex Hull, Polygons"
MEDIUM,Lonely Pixel I,25.0,0.6272,https://leetcode.com/problems/lonely-pixel-i,"Array, Hash Table, Matrix"
MEDIUM,Verify Preorder Serialization of a Binary Tree,25.0,0.4792,https://leetcode.com/problems/verify-preorder-serialization-of-a-binary-tree,"String, Stack, Tree, Binary Tree"
MEDIUM,Letter Tile Possibilities,25.0,0.8353,https://leetcode.com/problems/letter-tile-possibilities,"Hash Table, String, Backtracking, Counting"
EASY,Delete Columns to Make Sorted,25.0,0.7819,https://leetcode.com/problems/delete-columns-to-make-sorted,"Array, String, Longest Increasing Subsequence"
MEDIUM,Check If a String Contains All Binary Codes of Size K,25.0,0.6165,https://leetcode.com/problems/check-if-a-string-contains-all-binary-codes-of-size-k,"Hash Table, String, Bit Manipulation, Rolling Hash, Hash Function, Directed Acyclic Graph"
MEDIUM,Escape The Ghosts,25.0,0.6427,https://leetcode.com/problems/escape-the-ghosts,"Array, Math"
MEDIUM,Range Sum of Sorted Subarray Sums,25.0,0.6300,https://leetcode.com/problems/range-sum-of-sorted-subarray-sums,"Array, Two Pointers, Binary Search, Sorting, Prefix Sum"
MEDIUM,Magical String,25.0,0.5638,https://leetcode.com/problems/magical-string,"Two Pointers, String"
HARD,Freedom Trail,25.0,0.5964,https://leetcode.com/problems/freedom-trail,"String, Dynamic Programming, Depth-First Search, Breadth-First Search"
EASY,Valid Boomerang,25.0,0.4034,https://leetcode.com/problems/valid-boomerang,"Array, Math, Geometry"
HARD,Minimum Falling Path Sum II,25.0,0.6292,https://leetcode.com/problems/minimum-falling-path-sum-ii,"Array, Dynamic Programming, Matrix"
MEDIUM,Beautiful Arrangement II,25.0,0.6145,https://leetcode.com/problems/beautiful-arrangement-ii,"Array, Math"
EASY,Longest Uncommon Subsequence I,25.0,0.6269,https://leetcode.com/problems/longest-uncommon-subsequence-i,String
MEDIUM,Lonely Pixel II,25.0,0.4871,https://leetcode.com/problems/lonely-pixel-ii,"Array, Hash Table, Matrix"
HARD,Maximum Average Subarray II,25.0,0.3783,https://leetcode.com/problems/maximum-average-subarray-ii,"Array, Binary Search, Prefix Sum"
HARD,Coin Path,25.0,0.3442,https://leetcode.com/problems/coin-path,"Array, Dynamic Programming"
MEDIUM,Ambiguous Coordinates,25.0,0.5654,https://leetcode.com/problems/ambiguous-coordinates,"String, Backtracking, Enumeration"
EASY,Occurrences After Bigram,25.0,0.6411,https://leetcode.com/problems/occurrences-after-bigram,String
MEDIUM,Largest Values From Labels,25.0,0.6475,https://leetcode.com/problems/largest-values-from-labels,"Array, Hash Table, Greedy, Sorting, Counting"
EASY,Distance Between Bus Stops,25.0,0.5709,https://leetcode.com/problems/distance-between-bus-stops,Array
MEDIUM,Find Elements in a Contaminated Binary Tree,25.0,0.8415,https://leetcode.com/problems/find-elements-in-a-contaminated-binary-tree,"Hash Table, Tree, Depth-First Search, Breadth-First Search, Design, Binary Tree"
MEDIUM,People Whose List of Favorite Companies Is Not a Subset of Another List,25.0,0.6091,https://leetcode.com/problems/people-whose-list-of-favorite-companies-is-not-a-subset-of-another-list,"Array, Hash Table, String"
MEDIUM,The k Strongest Values in an Array,25.0,0.6297,https://leetcode.com/problems/the-k-strongest-values-in-an-array,"Array, Two Pointers, Sorting"
MEDIUM,Wiggle Sort,25.0,0.6850,https://leetcode.com/problems/wiggle-sort,"Array, Greedy, Sorting"
HARD,Super Egg Drop,25.0,0.3088,https://leetcode.com/problems/super-egg-drop,"Math, Binary Search, Dynamic Programming"
EASY,Rings and Rods,25.0,0.8159,https://leetcode.com/problems/rings-and-rods,"Hash Table, String"
EASY,Find Target Indices After Sorting Array,25.0,0.7834,https://leetcode.com/problems/find-target-indices-after-sorting-array,"Array, Binary Search, Sorting"
EASY,Rearrange Spaces Between Words,25.0,0.4439,https://leetcode.com/problems/rearrange-spaces-between-words,String
EASY,Find if Path Exists in Graph,25.0,0.5587,https://leetcode.com/problems/find-if-path-exists-in-graph,"Depth-First Search, Breadth-First Search, Union-Find, Graph Theory"
MEDIUM,Furthest Building You Can Reach,25.0,0.5117,https://leetcode.com/problems/furthest-building-you-can-reach,"Array, Greedy, Heap (Priority Queue)"
MEDIUM,The Number of Weak Characters in the Game,25.0,0.4469,https://leetcode.com/problems/the-number-of-weak-characters-in-the-game,"Array, Stack, Greedy, Sorting, Monotonic Stack"
MEDIUM,Search Suggestions System,25.0,0.6524,https://leetcode.com/problems/search-suggestions-system,"Array, String, Binary Search, Trie, Sorting, Heap (Priority Queue)"
MEDIUM,Design Twitter,25.0,0.4560,https://leetcode.com/problems/design-twitter,"Hash Table, Linked List, Design, Heap (Priority Queue)"
MEDIUM,Evaluate the Bracket Pairs of a String,25.0,0.7576,https://leetcode.com/problems/evaluate-the-bracket-pairs-of-a-string,"Array, Hash Table, String"
MEDIUM,Minimum Remove to Make Valid Parentheses,25.0,0.7163,https://leetcode.com/problems/minimum-remove-to-make-valid-parentheses,"String, Stack"
MEDIUM,Minimum Number of Vertices to Reach All Nodes,25.0,0.8178,https://leetcode.com/problems/minimum-number-of-vertices-to-reach-all-nodes,"Graph Theory, Directed Acyclic Graph"
MEDIUM,Map of Highest Peak,25.0,0.7628,https://leetcode.com/problems/map-of-highest-peak,"Array, Breadth-First Search, Matrix"
MEDIUM,Remove All Occurrences of a Substring,25.0,0.7870,https://leetcode.com/problems/remove-all-occurrences-of-a-substring,"String, Stack, Simulation"
MEDIUM,Best Sightseeing Pair,25.0,0.6272,https://leetcode.com/problems/best-sightseeing-pair,"Array, Dynamic Programming"
MEDIUM,Number of Longest Increasing Subsequence,25.0,0.5277,https://leetcode.com/problems/number-of-longest-increasing-subsequence,"Array, Dynamic Programming, Binary Indexed Tree, Segment Tree, Longest Increasing Subsequence"
EASY,Shuffle String,25.0,0.8555,https://leetcode.com/problems/shuffle-string,"Array, String"
EASY,Minimum Absolute Difference,25.0,0.7517,https://leetcode.com/problems/minimum-absolute-difference,"Array, Sorting"
EASY,Count Good Triplets,25.0,0.8557,https://leetcode.com/problems/count-good-triplets,"Array, Enumeration"
EASY,Counting Words With a Given Prefix,25.0,0.8440,https://leetcode.com/problems/counting-words-with-a-given-prefix,"Array, String, String Matching"
MEDIUM,Watering Plants,25.0,0.8009,https://leetcode.com/problems/watering-plants,"Array, Simulation"
EASY,Special Array With X Elements Greater Than or Equal X,25.0,0.6707,https://leetcode.com/problems/special-array-with-x-elements-greater-than-or-equal-x,"Array, Binary Search, Sorting"
EASY,Latest Time by Replacing Hidden Digits,25.0,0.4413,https://leetcode.com/problems/latest-time-by-replacing-hidden-digits,"String, Greedy"
MEDIUM,Sentence Similarity III,25.0,0.4839,https://leetcode.com/problems/sentence-similarity-iii,"Array, Two Pointers, String"
EASY,Maximum Number of Words Found in Sentences,25.0,0.8676,https://leetcode.com/problems/maximum-number-of-words-found-in-sentences,"Array, String"
MEDIUM,Destroying Asteroids,25.0,0.5985,https://leetcode.com/problems/destroying-asteroids,"Array, Greedy, Sorting"
MEDIUM,Queries on Number of Points Inside a Circle,25.0,0.8690,https://leetcode.com/problems/queries-on-number-of-points-inside-a-circle,"Array, Math, Geometry"
EASY,Most Frequent Number Following Key In an Array,25.0,0.5973,https://leetcode.com/problems/most-frequent-number-following-key-in-an-array,"Array, Hash Table, Counting"
MEDIUM,Minimum Consecutive Cards to Pick Up,25.0,0.5408,https://leetcode.com/problems/minimum-consecutive-cards-to-pick-up,"Array, Hash Table, Sliding Window"
EASY,Mean of Array After Removing Some Elements,25.0,0.7232,https://leetcode.com/problems/mean-of-array-after-removing-some-elements,"Array, Sorting"
MEDIUM,Design Most Recently Used Queue,25.0,0.7809,https://leetcode.com/problems/design-most-recently-used-queue,"Array, Linked List, Divide and Conquer, Design, Simulation, Doubly-Linked List, Sqrt Decomposition, Treap, Splay Tree"
MEDIUM,Binary Searchable Numbers in an Unsorted Array,25.0,0.6354,https://leetcode.com/problems/binary-searchable-numbers-in-an-unsorted-array,"Array, Binary Search, Stack, Monotonic Stack"
MEDIUM,Find All Lonely Numbers in the Array,25.0,0.6397,https://leetcode.com/problems/find-all-lonely-numbers-in-the-array,"Array, Hash Table, Counting"
EASY,Count Prefixes of a Given String,25.0,0.7441,https://leetcode.com/problems/count-prefixes-of-a-given-string,"Array, String"
EASY,Replace All Digits with Characters,25.0,0.8297,https://leetcode.com/problems/replace-all-digits-with-characters,String
EASY,Largest Subarray Length K,25.0,0.6570,https://leetcode.com/problems/largest-subarray-length-k,"Array, Greedy"
MEDIUM,Minimum Number of Operations to Reinitialize a Permutation,25.0,0.7291,https://leetcode.com/problems/minimum-number-of-operations-to-reinitialize-a-permutation,"Array, Math, Simulation"
MEDIUM,Minimize Product Sum of Two Arrays,25.0,0.8973,https://leetcode.com/problems/minimize-product-sum-of-two-arrays,"Array, Greedy, Sorting"
MEDIUM,All Divisions With the Highest Score of a Binary Array,25.0,0.6588,https://leetcode.com/problems/all-divisions-with-the-highest-score-of-a-binary-array,Array
EASY,Smallest Index With Equal Value,25.0,0.7378,https://leetcode.com/problems/smallest-index-with-equal-value,Array
MEDIUM,Next Closest Time,25.0,0.4704,https://leetcode.com/problems/next-closest-time,"Hash Table, String, Backtracking, Enumeration"
HARD,Cracking the Safe,25.0,0.5879,https://leetcode.com/problems/cracking-the-safe,"String, Depth-First Search, Graph Theory, Eulerian Circuit, Eulerian Path, Eulerian Graph"
MEDIUM,Most Stones Removed with Same Row or Column,25.0,0.6350,https://leetcode.com/problems/most-stones-removed-with-same-row-or-column,"Hash Table, Depth-First Search, Union-Find, Graph Theory, Bipartite Graph"
HARD,Minimum Cost to Hire K Workers,25.0,0.6382,https://leetcode.com/problems/minimum-cost-to-hire-k-workers,"Array, Greedy, Sorting, Heap (Priority Queue)"
HARD,Minimize Max Distance to Gas Station,25.0,0.5412,https://leetcode.com/problems/minimize-max-distance-to-gas-station,"Array, Binary Search"
HARD,Brace Expansion II,25.0,0.7925,https://leetcode.com/problems/brace-expansion-ii,"Hash Table, String, Backtracking, Stack, Breadth-First Search, Sorting"
MEDIUM,Shortest Way to Form String,25.0,0.6183,https://leetcode.com/problems/shortest-way-to-form-string,"Two Pointers, String, Binary Search, Greedy"
HARD,Bricks Falling When Hit,25.0,0.3798,https://leetcode.com/problems/bricks-falling-when-hit,"Array, Union-Find, Matrix"
HARD,String Transforms Into Another String,25.0,0.3463,https://leetcode.com/problems/string-transforms-into-another-string,"Hash Table, String, Graph Theory"
HARD,Confusing Number II,25.0,0.4716,https://leetcode.com/problems/confusing-number-ii,"Math, Backtracking"
HARD,Divide Chocolate,25.0,0.6074,https://leetcode.com/problems/divide-chocolate,"Array, Binary Search"
HARD,Optimize Water Distribution in a Village,25.0,0.6564,https://leetcode.com/problems/optimize-water-distribution-in-a-village,"Union-Find, Graph Theory, Heap (Priority Queue), Minimum Spanning Tree, Prim's Algorithm, Kruskal's Algorithm, Borůvka's Algorithm"
MEDIUM,3Sum Smaller,25.0,0.5140,https://leetcode.com/problems/3sum-smaller,"Array, Two Pointers, Binary Search, Sorting"
MEDIUM,Output Contest Matches,25.0,0.7755,https://leetcode.com/problems/output-contest-matches,"String, Recursion, Simulation"
MEDIUM,Hand of Straights,25.0,0.5843,https://leetcode.com/problems/hand-of-straights,"Array, Hash Table, Greedy, Sorting"
HARD,Cat and Mouse,25.0,0.3625,https://leetcode.com/problems/cat-and-mouse,"Math, Dynamic Programming, Graph Theory, Topological Sort, Memoization, Minimax, Game Theory, Zero-Sum Game"
MEDIUM,Online Election,25.0,0.5321,https://leetcode.com/problems/online-election,"Array, Hash Table, Binary Search, Design"
MEDIUM,Image Overlap,25.0,0.7086,https://leetcode.com/problems/image-overlap,"Array, Matrix"
HARD,Stream of Characters,25.0,0.5293,https://leetcode.com/problems/stream-of-characters,"Array, String, Design, Trie, Data Stream, Aho–Corasick Algorithm"
MEDIUM,Random Point in Non-overlapping Rectangles,25.0,0.4075,https://leetcode.com/problems/random-point-in-non-overlapping-rectangles,"Array, Math, Binary Search, Reservoir Sampling, Prefix Sum, Ordered Set, Randomized"
MEDIUM,Linked List Components,25.0,0.5828,https://leetcode.com/problems/linked-list-components,"Array, Hash Table, Linked List"
MEDIUM,Longest String Chain,25.0,0.6352,https://leetcode.com/problems/longest-string-chain,"Array, Hash Table, Two Pointers, String, Dynamic Programming, Sorting"
HARD,Basic Calculator III,25.0,0.5354,https://leetcode.com/problems/basic-calculator-iii,"Math, String, Stack, Recursion"
HARD,Tiling a Rectangle with the Fewest Squares,25.0,0.5542,https://leetcode.com/problems/tiling-a-rectangle-with-the-fewest-squares,Backtracking
MEDIUM,Insert into a Sorted Circular Linked List,25.0,0.3859,https://leetcode.com/problems/insert-into-a-sorted-circular-linked-list,Linked List
MEDIUM,Exam Room,25.0,0.4382,https://leetcode.com/problems/exam-room,"Design, Heap (Priority Queue), Ordered Set"
MEDIUM,Minimum Knight Moves,25.0,0.4211,https://leetcode.com/problems/minimum-knight-moves,"Breadth-First Search, Heuristic Search, Bidirectional Search, A* Search"
MEDIUM,Binary Tree Coloring Game,25.0,0.5317,https://leetcode.com/problems/binary-tree-coloring-game,"Tree, Depth-First Search, Binary Tree"
HARD,Random Pick with Blacklist,25.0,0.3554,https://leetcode.com/problems/random-pick-with-blacklist,"Array, Hash Table, Math, Binary Search, Sorting, Randomized"
MEDIUM,All Possible Full Binary Trees,25.0,0.8279,https://leetcode.com/problems/all-possible-full-binary-trees,"Dynamic Programming, Tree, Recursion, Memoization, Binary Tree"
HARD,Count of Range Sum,25.0,0.3998,https://leetcode.com/problems/count-of-range-sum,"Array, Binary Search, Divide and Conquer, Binary Indexed Tree, Segment Tree, Merge Sort, Ordered Set, Treap"
MEDIUM,Search in a Sorted Array of Unknown Size,25.0,0.7317,https://leetcode.com/problems/search-in-a-sorted-array-of-unknown-size,"Array, Binary Search, Interactive"
MEDIUM,Construct Binary Tree from Preorder and Postorder Traversal,25.0,0.7811,https://leetcode.com/problems/construct-binary-tree-from-preorder-and-postorder-traversal,"Array, Hash Table, Divide and Conquer, Tree, Binary Tree"
MEDIUM,Populating Next Right Pointers in Each Node,25.0,0.6783,https://leetcode.com/problems/populating-next-right-pointers-in-each-node,"Linked List, Tree, Depth-First Search, Breadth-First Search, Binary Tree"
HARD,Minimum Distance to Type a Word Using Two Fingers,25.0,0.7233,https://leetcode.com/problems/minimum-distance-to-type-a-word-using-two-fingers,"String, Dynamic Programming"
MEDIUM,Beautiful Array,25.0,0.7066,https://leetcode.com/problems/beautiful-array,"Array, Math, Divide and Conquer"
MEDIUM,Maximum Side Length of a Square with Sum Less than or Equal to Threshold,25.0,0.6547,https://leetcode.com/problems/maximum-side-length-of-a-square-with-sum-less-than-or-equal-to-threshold,"Array, Binary Search, Matrix, Prefix Sum"
HARD,Divide Array Into Increasing Sequences,25.0,0.6542,https://leetcode.com/problems/divide-array-into-increasing-sequences,"Array, Counting"
HARD,Minimum Cost to Merge Stones,25.0,0.4709,https://leetcode.com/problems/minimum-cost-to-merge-stones,"Array, Dynamic Programming, Prefix Sum"
HARD,My Calendar III,25.0,0.7233,https://leetcode.com/problems/my-calendar-iii,"Binary Search, Design, Segment Tree, Prefix Sum, Ordered Set"
HARD,Smallest Range Covering Elements from K Lists,25.0,0.7039,https://leetcode.com/problems/smallest-range-covering-elements-from-k-lists,"Array, Hash Table, Greedy, Sliding Window, Sorting, Heap (Priority Queue)"
MEDIUM,Integer Break,25.0,0.6277,https://leetcode.com/problems/integer-break,"Math, Dynamic Programming"
HARD,Number of Ways of Cutting a Pizza,25.0,0.6161,https://leetcode.com/problems/number-of-ways-of-cutting-a-pizza,"Array, Dynamic Programming, Memoization, Matrix, Prefix Sum"
HARD,Employee Free Time,25.0,0.7302,https://leetcode.com/problems/employee-free-time,"Array, Sweep Line, Sorting, Heap (Priority Queue)"
MEDIUM,Find Two Non-overlapping Sub-arrays Each With Target Sum,25.0,0.4963,https://leetcode.com/problems/find-two-non-overlapping-sub-arrays-each-with-target-sum,"Array, Hash Table, Binary Search, Dynamic Programming, Sliding Window"
MEDIUM,Camelcase Matching,25.0,0.6605,https://leetcode.com/problems/camelcase-matching,"Array, Two Pointers, String, Trie, String Matching"
HARD,K-Similar Strings,25.0,0.4130,https://leetcode.com/problems/k-similar-strings,"Hash Table, String, Breadth-First Search"
MEDIUM,Flip String to Monotone Increasing,25.0,0.6196,https://leetcode.com/problems/flip-string-to-monotone-increasing,"String, Dynamic Programming"
MEDIUM,Add Two Numbers II,25.0,0.6306,https://leetcode.com/problems/add-two-numbers-ii,"Linked List, Math, Stack"
HARD,Cherry Pickup II,25.0,0.7263,https://leetcode.com/problems/cherry-pickup-ii,"Array, Dynamic Programming, Matrix"
EASY,Buddy Strings,25.0,0.3427,https://leetcode.com/problems/buddy-strings,"Hash Table, String"
HARD,Number of Atoms,25.0,0.6525,https://leetcode.com/problems/number-of-atoms,"Hash Table, String, Stack, Sorting"
HARD,Delete Columns to Make Sorted III,25.0,0.7262,https://leetcode.com/problems/delete-columns-to-make-sorted-iii,"Array, String, Dynamic Programming"
HARD,Design Skiplist,25.0,0.5967,https://leetcode.com/problems/design-skiplist,"Linked List, Design"
HARD,Max Chunks To Make Sorted II,25.0,0.5513,https://leetcode.com/problems/max-chunks-to-make-sorted-ii,"Array, Stack, Greedy, Sorting, Monotonic Stack"
HARD,Largest Component Size by Common Factor,25.0,0.4401,https://leetcode.com/problems/largest-component-size-by-common-factor,"Array, Hash Table, Math, Union-Find, Number Theory, Prime Factorization"
EASY,Range Sum of BST,25.0,0.8764,https://leetcode.com/problems/range-sum-of-bst,"Tree, Depth-First Search, Binary Search Tree, Binary Tree"
HARD,Kth Smallest Number in Multiplication Table,25.0,0.5508,https://leetcode.com/problems/kth-smallest-number-in-multiplication-table,"Math, Binary Search"
HARD,Reaching Points,25.0,0.3467,https://leetcode.com/problems/reaching-points,"Math, Euclidean Algorithm, Greatest Common Divisor"
MEDIUM,Tree Diameter,25.0,0.6127,https://leetcode.com/problems/tree-diameter,"Tree, Depth-First Search, Breadth-First Search, Graph Theory, Topological Sort, DP on Trees"
MEDIUM,Filling Bookcase Shelves,25.0,0.6867,https://leetcode.com/problems/filling-bookcase-shelves,"Array, Dynamic Programming"
MEDIUM,Diagonal Traverse II,25.0,0.5834,https://leetcode.com/problems/diagonal-traverse-ii,"Array, Sorting, Heap (Priority Queue)"
HARD,Maximum Profit in Job Scheduling,25.0,0.5484,https://leetcode.com/problems/maximum-profit-in-job-scheduling,"Array, Binary Search, Dynamic Programming, Sorting"
EASY,Minimum Distance Between BST Nodes,25.0,0.6190,https://leetcode.com/problems/minimum-distance-between-bst-nodes,"Tree, Depth-First Search, Breadth-First Search, Binary Search Tree, Binary Tree"
MEDIUM,Number of Good Leaf Nodes Pairs,25.0,0.7177,https://leetcode.com/problems/number-of-good-leaf-nodes-pairs,"Tree, Depth-First Search, Binary Tree, DP on Trees"
MEDIUM,Word Subsets,25.0,0.5602,https://leetcode.com/problems/word-subsets,"Array, Hash Table, String"
HARD,Parallel Courses II,25.0,0.3154,https://leetcode.com/problems/parallel-courses-ii,"Dynamic Programming, Bit Manipulation, Graph Theory, Bitmask, Directed Acyclic Graph"
MEDIUM,Largest Submatrix With Rearrangements,25.0,0.8016,https://leetcode.com/problems/largest-submatrix-with-rearrangements,"Array, Greedy, Sorting, Matrix"
MEDIUM,Delete Columns to Make Sorted II,25.0,0.4975,https://leetcode.com/problems/delete-columns-to-make-sorted-ii,"Array, String, Greedy"
MEDIUM,Remove Interval,25.0,0.6741,https://leetcode.com/problems/remove-interval,Array
MEDIUM,Avoid Flood in The City,25.0,0.3894,https://leetcode.com/problems/avoid-flood-in-the-city,"Array, Hash Table, Binary Search, Greedy, Heap (Priority Queue)"
MEDIUM,All Paths from Source Lead to Destination,25.0,0.3732,https://leetcode.com/problems/all-paths-from-source-lead-to-destination,"Graph Theory, Topological Sort, Kosaraju's Algorithm, Tarjan's SCC Algorithm"
MEDIUM,Largest Sum of Averages,25.0,0.5547,https://leetcode.com/problems/largest-sum-of-averages,"Array, Dynamic Programming, Prefix Sum"
HARD,Numbers With Repeated Digits,25.0,0.4874,https://leetcode.com/problems/numbers-with-repeated-digits,"Math, Dynamic Programming"
MEDIUM,Binary String With Substrings Representing 1 To N,25.0,0.5875,https://leetcode.com/problems/binary-string-with-substrings-representing-1-to-n,"Hash Table, String, Bit Manipulation, Sliding Window"
HARD,Max Value of Equation,25.0,0.4530,https://leetcode.com/problems/max-value-of-equation,"Array, Queue, Sliding Window, Heap (Priority Queue), Monotonic Queue"
MEDIUM,Last Moment Before All Ants Fall Out of a Plank,25.0,0.6807,https://leetcode.com/problems/last-moment-before-all-ants-fall-out-of-a-plank,"Array, Brainteaser, Simulation"
HARD,Super Palindromes,25.0,0.4044,https://leetcode.com/problems/super-palindromes,"Math, String, Enumeration"
HARD,Distinct Echo Substrings,25.0,0.5382,https://leetcode.com/problems/distinct-echo-substrings,"String, Trie, Rolling Hash, Suffix Array, Hash Function, Suffix Automaton, Suffix Tree"
MEDIUM,Decrease Elements To Make Array Zigzag,25.0,0.4971,https://leetcode.com/problems/decrease-elements-to-make-array-zigzag,"Array, Greedy"
HARD,Longest Chunked Palindrome Decomposition,25.0,0.5906,https://leetcode.com/problems/longest-chunked-palindrome-decomposition,"Two Pointers, String, Dynamic Programming, Greedy, Rolling Hash, Hash Function"
HARD,Number of Ways to Stay in the Same Place After Some Steps,25.0,0.5017,https://leetcode.com/problems/number-of-ways-to-stay-in-the-same-place-after-some-steps,Dynamic Programming
MEDIUM,Find the Minimum Number of Fibonacci Numbers Whose Sum Is K,25.0,0.6481,https://leetcode.com/problems/find-the-minimum-number-of-fibonacci-numbers-whose-sum-is-k,"Math, Greedy"
MEDIUM,Find Root of N-Ary Tree,25.0,0.7858,https://leetcode.com/problems/find-root-of-n-ary-tree,"Hash Table, Bit Manipulation, Tree, Depth-First Search"
HARD,Profitable Schemes,25.0,0.4865,https://leetcode.com/problems/profitable-schemes,"Array, Dynamic Programming, Knapsack Problem, 0-1 Knapsack"
HARD,Median Employee Salary,25.0,0.6578,https://leetcode.com/problems/median-employee-salary,Database
MEDIUM,4 Keys Keyboard,25.0,0.5647,https://leetcode.com/problems/4-keys-keyboard,"Math, Dynamic Programming"
HARD,Transform to Chessboard,25.0,0.5174,https://leetcode.com/problems/transform-to-chessboard,"Array, Math, Bit Manipulation, Matrix"
MEDIUM,Random Flip Matrix,25.0,0.4708,https://leetcode.com/problems/random-flip-matrix,"Hash Table, Math, Reservoir Sampling, Randomized"
MEDIUM,Complete Binary Tree Inserter,25.0,0.6529,https://leetcode.com/problems/complete-binary-tree-inserter,"Tree, Breadth-First Search, Design, Binary Tree"
HARD,Minimum Time to Build Blocks,25.0,0.4934,https://leetcode.com/problems/minimum-time-to-build-blocks,"Array, Math, Greedy, Heap (Priority Queue)"
MEDIUM,All People Report to the Given Manager,25.0,0.8376,https://leetcode.com/problems/all-people-report-to-the-given-manager,Database
HARD,Form Largest Integer With Digits That Add up to Target,25.0,0.5015,https://leetcode.com/problems/form-largest-integer-with-digits-that-add-up-to-target,"Array, Dynamic Programming, Knapsack Problem, Complete Knapsack"
MEDIUM,Number of Substrings With Only 1s,25.0,0.5735,https://leetcode.com/problems/number-of-substrings-with-only-1s,"Math, String"
MEDIUM,Maximum Number of Non-Overlapping Subarrays With Sum Equals Target,25.0,0.4945,https://leetcode.com/problems/maximum-number-of-non-overlapping-subarrays-with-sum-equals-target,"Array, Hash Table, Greedy, Prefix Sum"
HARD,Move Sub-Tree of N-Ary Tree,25.0,0.5988,https://leetcode.com/problems/move-sub-tree-of-n-ary-tree,"Tree, Depth-First Search"
MEDIUM,Guess the Majority in a Hidden Array,25.0,0.6906,https://leetcode.com/problems/guess-the-majority-in-a-hidden-array,"Array, Math, Interactive, Boyer–Moore Majority Vote Algorithm"
EASY,Unique Email Addresses,25.0,0.6799,https://leetcode.com/problems/unique-email-addresses,"Array, Hash Table, String"
MEDIUM,Bomb Enemy,25.0,0.5287,https://leetcode.com/problems/bomb-enemy,"Array, Dynamic Programming, Matrix"
MEDIUM,Campus Bikes,25.0,0.5910,https://leetcode.com/problems/campus-bikes,"Array, Sorting, Heap (Priority Queue)"
MEDIUM,UTF-8 Validation,25.0,0.4671,https://leetcode.com/problems/utf-8-validation,"Array, Bit Manipulation"
MEDIUM,Longest Substring with At Most Two Distinct Characters,25.0,0.5719,https://leetcode.com/problems/longest-substring-with-at-most-two-distinct-characters,"Hash Table, String, Sliding Window"
HARD,Maximum Vacation Days,25.0,0.4683,https://leetcode.com/problems/maximum-vacation-days,"Array, Dynamic Programming, Matrix"
MEDIUM,Sentence Similarity II,25.0,0.5142,https://leetcode.com/problems/sentence-similarity-ii,"Array, Hash Table, String, Depth-First Search, Breadth-First Search, Union-Find"
EASY,Strobogrammatic Number,25.0,0.4748,https://leetcode.com/problems/strobogrammatic-number,"Hash Table, Two Pointers, String"
MEDIUM,Sort Transformed Array,25.0,0.5830,https://leetcode.com/problems/sort-transformed-array,"Array, Math, Two Pointers, Sorting"
HARD,Max Sum of Rectangle No Larger Than K,25.0,0.4611,https://leetcode.com/problems/max-sum-of-rectangle-no-larger-than-k,"Array, Binary Search, Matrix, Prefix Sum, Ordered Set"
MEDIUM,Add Bold Tag in String,25.0,0.5152,https://leetcode.com/problems/add-bold-tag-in-string,"Array, Hash Table, String, Trie, String Matching, Aho–Corasick Algorithm"
MEDIUM,Longest Univalue Path,25.0,0.4451,https://leetcode.com/problems/longest-univalue-path,"Tree, Depth-First Search, Binary Tree, DP on Trees"
HARD,Redundant Connection II,25.0,0.3668,https://leetcode.com/problems/redundant-connection-ii,"Depth-First Search, Breadth-First Search, Union-Find, Graph Theory"
MEDIUM,Range Addition,25.0,0.7312,https://leetcode.com/problems/range-addition,"Array, Prefix Sum"
EASY,Palindrome Permutation,25.0,0.6872,https://leetcode.com/problems/palindrome-permutation,"Hash Table, String, Bit Manipulation"
MEDIUM,Knight Dialer,25.0,0.6220,https://leetcode.com/problems/knight-dialer,Dynamic Programming
MEDIUM,Design Phone Directory,25.0,0.5324,https://leetcode.com/problems/design-phone-directory,"Array, Hash Table, Linked List, Design, Queue"
MEDIUM,Repeated DNA Sequences,25.0,0.5410,https://leetcode.com/problems/repeated-dna-sequences,"Hash Table, String, Bit Manipulation, Sliding Window, Rolling Hash, Hash Function, Z Algorithm, Boyer–Moore String-Search Algorithm"
MEDIUM,Flatten 2D Vector,25.0,0.5055,https://leetcode.com/problems/flatten-2d-vector,"Array, Two Pointers, Design, Iterator"
MEDIUM,Unique Binary Search Trees,25.0,0.6427,https://leetcode.com/problems/unique-binary-search-trees,"Math, Dynamic Programming, Tree, Binary Search Tree, Binary Tree"
MEDIUM,Line Reflection,25.0,0.3643,https://leetcode.com/problems/line-reflection,"Array, Hash Table, Math"
MEDIUM,Water and Jug Problem,25.0,0.4646,https://leetcode.com/problems/water-and-jug-problem,"Math, Depth-First Search, Breadth-First Search, Bézout's Lemma, Euclidean Algorithm, Greatest Common Divisor, Extended Euclidean Algorithm"
MEDIUM,Encode and Decode TinyURL,25.0,0.8641,https://leetcode.com/problems/encode-and-decode-tinyurl,"Hash Table, String, Design, Hash Function"
HARD,Palindrome Partitioning II,25.0,0.3804,https://leetcode.com/problems/palindrome-partitioning-ii,"String, Dynamic Programming"
EASY,Closest Binary Search Tree Value,25.0,0.4912,https://leetcode.com/problems/closest-binary-search-tree-value,"Binary Search, Tree, Depth-First Search, Binary Search Tree, Binary Tree"
MEDIUM,Path with Maximum Gold,25.0,0.6862,https://leetcode.com/problems/path-with-maximum-gold,"Array, Backtracking, Matrix"
MEDIUM,Longest Substring with At Least K Repeating Characters,25.0,0.4676,https://leetcode.com/problems/longest-substring-with-at-least-k-repeating-characters,"Hash Table, String, Divide and Conquer, Sliding Window"
MEDIUM,Distribute Coins in Binary Tree,25.0,0.7739,https://leetcode.com/problems/distribute-coins-in-binary-tree,"Tree, Depth-First Search, Binary Tree, DP on Trees"
EASY,Valid Mountain Array,25.0,0.3584,https://leetcode.com/problems/valid-mountain-array,Array
MEDIUM,Parallel Courses,25.0,0.6241,https://leetcode.com/problems/parallel-courses,"Graph Theory, Topological Sort, Directed Acyclic Graph"
HARD,Dungeon Game,25.0,0.4236,https://leetcode.com/problems/dungeon-game,"Array, Dynamic Programming, Matrix"
HARD,Shortest Path to Get All Keys,25.0,0.5512,https://leetcode.com/problems/shortest-path-to-get-all-keys,"Array, Bit Manipulation, Breadth-First Search, Matrix"
EASY,Guess Number Higher or Lower,25.0,0.5838,https://leetcode.com/problems/guess-number-higher-or-lower,"Binary Search, Interactive"
MEDIUM,Reveal Cards In Increasing Order,25.0,0.8382,https://leetcode.com/problems/reveal-cards-in-increasing-order,"Array, Queue, Sorting, Simulation"
HARD,Find K-th Smallest Pair Distance,25.0,0.4685,https://leetcode.com/problems/find-k-th-smallest-pair-distance,"Array, Two Pointers, Binary Search, Sorting"
HARD,Smallest Good Base,25.0,0.4759,https://leetcode.com/problems/smallest-good-base,"Math, Binary Search"
HARD,Couples Holding Hands,25.0,0.5980,https://leetcode.com/problems/couples-holding-hands,"Greedy, Depth-First Search, Breadth-First Search, Union-Find, Graph Theory"
HARD,Unique Paths III,25.0,0.8299,https://leetcode.com/problems/unique-paths-iii,"Array, Backtracking, Bit Manipulation, Matrix, Hamiltonian Path"
HARD,Scramble String,25.0,0.4572,https://leetcode.com/problems/scramble-string,"String, Dynamic Programming"
MEDIUM,Non-decreasing Array,25.0,0.2563,https://leetcode.com/problems/non-decreasing-array,Array
MEDIUM,Integer Replacement,25.0,0.3807,https://leetcode.com/problems/integer-replacement,"Dynamic Programming, Greedy, Bit Manipulation, Memoization"
EASY,DI String Match,25.0,0.8138,https://leetcode.com/problems/di-string-match,"Array, Two Pointers, String, Greedy"
EASY,Binary Tree Postorder Traversal,25.0,0.7908,https://leetcode.com/problems/binary-tree-postorder-traversal,"Stack, Tree, Depth-First Search, Binary Tree"
MEDIUM,Alphabet Board Path,25.0,0.5203,https://leetcode.com/problems/alphabet-board-path,"Hash Table, String"
HARD,Similar String Groups,25.0,0.5663,https://leetcode.com/problems/similar-string-groups,"Array, Hash Table, String, Depth-First Search, Breadth-First Search, Union-Find"
MEDIUM,Iterator for Combination,25.0,0.7275,https://leetcode.com/problems/iterator-for-combination,"String, Backtracking, Design, Iterator"
HARD,Patching Array,25.0,0.5479,https://leetcode.com/problems/patching-array,"Array, Greedy"
MEDIUM,Max Consecutive Ones II,25.0,0.5217,https://leetcode.com/problems/max-consecutive-ones-ii,"Array, Dynamic Programming, Sliding Window"
EASY,Longest Continuous Increasing Subsequence,25.0,0.5246,https://leetcode.com/problems/longest-continuous-increasing-subsequence,Array
MEDIUM,Insert into a Binary Search Tree,25.0,0.7365,https://leetcode.com/problems/insert-into-a-binary-search-tree,"Tree, Binary Search Tree, Binary Tree"
EASY,Baseball Game,25.0,0.8117,https://leetcode.com/problems/baseball-game,"Array, Stack, Simulation"
HARD,Critical Connections in a Network,25.0,0.6062,https://leetcode.com/problems/critical-connections-in-a-network,"Depth-First Search, Graph Theory, Biconnected Component, Bridge (Graph)"
MEDIUM,Sum of Mutated Array Closest to Target,25.0,0.4673,https://leetcode.com/problems/sum-of-mutated-array-closest-to-target,"Array, Binary Search, Sorting"
MEDIUM,Subdomain Visit Count,25.0,0.7724,https://leetcode.com/problems/subdomain-visit-count,"Array, Hash Table, String, Counting"
MEDIUM,Count Servers that Communicate,25.0,0.7360,https://leetcode.com/problems/count-servers-that-communicate,"Array, Depth-First Search, Breadth-First Search, Union-Find, Matrix, Counting"
MEDIUM,Minimum Cost to Connect Sticks,25.0,0.7210,https://leetcode.com/problems/minimum-cost-to-connect-sticks,"Array, Greedy, Heap (Priority Queue)"
EASY,Reverse Only Letters,25.0,0.6918,https://leetcode.com/problems/reverse-only-letters,"Two Pointers, String"
EASY,Number of Steps to Reduce a Number to Zero,25.0,0.8596,https://leetcode.com/problems/number-of-steps-to-reduce-a-number-to-zero,"Math, Bit Manipulation"
EASY,Decompress Run-Length Encoded List,25.0,0.8631,https://leetcode.com/problems/decompress-run-length-encoded-list,Array
HARD,Maximum Number of Ways to Partition an Array,25.0,0.3627,https://leetcode.com/problems/maximum-number-of-ways-to-partition-an-array,"Array, Hash Table, Counting, Enumeration, Prefix Sum"
MEDIUM,Maximum Number of Points with Cost,25.0,0.4157,https://leetcode.com/problems/maximum-number-of-points-with-cost,"Array, Dynamic Programming, Matrix"
MEDIUM,Matrix Block Sum,25.0,0.7710,https://leetcode.com/problems/matrix-block-sum,"Array, Matrix, Prefix Sum"
MEDIUM,Minimize Hamming Distance After Swap Operations,25.0,0.6976,https://leetcode.com/problems/minimize-hamming-distance-after-swap-operations,"Array, Depth-First Search, Union-Find"
MEDIUM,Describe the Painting,25.0,0.5325,https://leetcode.com/problems/describe-the-painting,"Array, Hash Table, Sorting, Prefix Sum"
HARD,Find All People With Secret,25.0,0.4836,https://leetcode.com/problems/find-all-people-with-secret,"Depth-First Search, Breadth-First Search, Union-Find, Graph Theory, Sorting"
MEDIUM,Words Within Two Edits of Dictionary,25.0,0.7336,https://leetcode.com/problems/words-within-two-edits-of-dictionary,"Array, String, Trie"
EASY,Merge Two 2D Arrays by Summing Values,25.0,0.8163,https://leetcode.com/problems/merge-two-2d-arrays-by-summing-values,"Array, Hash Table, Two Pointers"
MEDIUM,Push Dominoes,25.0,0.6308,https://leetcode.com/problems/push-dominoes,"Two Pointers, String, Dynamic Programming"
MEDIUM,Sort Integers by The Power Value,25.0,0.7183,https://leetcode.com/problems/sort-integers-by-the-power-value,"Dynamic Programming, Memoization, Sorting"
MEDIUM,Arithmetic Subarrays,25.0,0.8371,https://leetcode.com/problems/arithmetic-subarrays,"Array, Hash Table, Sorting"
HARD,The Earliest and Latest Rounds Where Players Compete,25.0,0.7198,https://leetcode.com/problems/the-earliest-and-latest-rounds-where-players-compete,"Dynamic Programming, Memoization"
HARD,Number of Unique Good Subsequences,25.0,0.5290,https://leetcode.com/problems/number-of-unique-good-subsequences,"String, Dynamic Programming"
HARD,Number of Flowers in Full Bloom,25.0,0.5809,https://leetcode.com/problems/number-of-flowers-in-full-bloom,"Array, Hash Table, Binary Search, Sorting, Prefix Sum, Ordered Set"
HARD,Minimum Obstacle Removal to Reach Corner,25.0,0.7117,https://leetcode.com/problems/minimum-obstacle-removal-to-reach-corner,"Array, Breadth-First Search, Graph Theory, Heap (Priority Queue), Matrix, Shortest Path, 0-1 BFS, Dijkstra's Algorithm"
MEDIUM,Smallest String Starting From Leaf,25.0,0.6143,https://leetcode.com/problems/smallest-string-starting-from-leaf,"String, Backtracking, Tree, Depth-First Search, Binary Tree"
EASY,Special Positions in a Binary Matrix,25.0,0.7286,https://leetcode.com/problems/special-positions-in-a-binary-matrix,"Array, Matrix"
HARD,Rank Transform of a Matrix,25.0,0.4264,https://leetcode.com/problems/rank-transform-of-a-matrix,"Array, Union-Find, Graph Theory, Topological Sort, Sorting, Matrix"
MEDIUM,Number of Good Ways to Split a String,25.0,0.6858,https://leetcode.com/problems/number-of-good-ways-to-split-a-string,"Hash Table, String, Dynamic Programming, Bit Manipulation, Prefix Sum"
MEDIUM,Split a String Into the Max Number of Unique Substrings,25.0,0.6880,https://leetcode.com/problems/split-a-string-into-the-max-number-of-unique-substrings,"Hash Table, String, Backtracking"
HARD,Maximum XOR With an Element From Array,25.0,0.5956,https://leetcode.com/problems/maximum-xor-with-an-element-from-array,"Array, Bit Manipulation, Trie"
MEDIUM,Jump Game VII,25.0,0.3568,https://leetcode.com/problems/jump-game-vii,"String, Dynamic Programming, Sliding Window, Prefix Sum"
MEDIUM,Number of Zero-Filled Subarrays,25.0,0.7003,https://leetcode.com/problems/number-of-zero-filled-subarrays,"Array, Math"
HARD,Build a Matrix With Conditions,25.0,0.7940,https://leetcode.com/problems/build-a-matrix-with-conditions,"Array, Graph Theory, Topological Sort, Matrix, Directed Acyclic Graph"
HARD,Number of Good Paths,25.0,0.5675,https://leetcode.com/problems/number-of-good-paths,"Array, Hash Table, Tree, Union-Find, Graph Theory, Sorting"
MEDIUM,Unique Binary Search Trees II,25.0,0.6342,https://leetcode.com/problems/unique-binary-search-trees-ii,"Dynamic Programming, Backtracking, Tree, Binary Search Tree, Binary Tree"
EASY,Largest Local Values in a Matrix,25.0,0.8772,https://leetcode.com/problems/largest-local-values-in-a-matrix,"Array, Matrix"
HARD,Minimum Number of Days to Eat N Oranges,25.0,0.3654,https://leetcode.com/problems/minimum-number-of-days-to-eat-n-oranges,"Dynamic Programming, Memoization"
HARD,Cat and Mouse II,25.0,0.4044,https://leetcode.com/problems/cat-and-mouse-ii,"Array, Math, Dynamic Programming, Graph Theory, Topological Sort, Memoization, Minimax, Matrix, Game Theory, Zero-Sum Game"
HARD,Checking Existence of Edge Length Limited Paths,25.0,0.6371,https://leetcode.com/problems/checking-existence-of-edge-length-limited-paths,"Array, Two Pointers, Union-Find, Graph Theory, Sorting"
HARD,Maximum Score of a Good Subarray,25.0,0.6422,https://leetcode.com/problems/maximum-score-of-a-good-subarray,"Array, Two Pointers, Binary Search, Stack, Monotonic Stack, Cartesian Tree"
MEDIUM,Eliminate Maximum Number of Monsters,25.0,0.5130,https://leetcode.com/problems/eliminate-maximum-number-of-monsters,"Array, Greedy, Sorting"
HARD,Parallel Courses III,25.0,0.6681,https://leetcode.com/problems/parallel-courses-iii,"Array, Dynamic Programming, Graph Theory, Topological Sort, Directed Acyclic Graph"
HARD,Paths in Matrix Whose Sum Is Divisible by K,25.0,0.5869,https://leetcode.com/problems/paths-in-matrix-whose-sum-is-divisible-by-k,"Array, Dynamic Programming, Matrix"
MEDIUM,Count Number of Distinct Integers After Reverse Operations,25.0,0.8188,https://leetcode.com/problems/count-number-of-distinct-integers-after-reverse-operations,"Array, Hash Table, Math, Counting"
MEDIUM,Closest Nodes Queries in a Binary Search Tree,25.0,0.4497,https://leetcode.com/problems/closest-nodes-queries-in-a-binary-search-tree,"Array, Binary Search, Tree, Depth-First Search, Binary Search Tree, Binary Tree"
MEDIUM,Frog Jump II,25.0,0.6251,https://leetcode.com/problems/frog-jump-ii,"Array, Binary Search, Greedy"
MEDIUM,Disconnect Path in a Binary Matrix by at Most One Flip,25.0,0.2829,https://leetcode.com/problems/disconnect-path-in-a-binary-matrix-by-at-most-one-flip,"Array, Dynamic Programming, Depth-First Search, Breadth-First Search, Matrix"
MEDIUM,Check if There is a Path With Equal Number of 0's And 1's,25.0,0.5192,https://leetcode.com/problems/check-if-there-is-a-path-with-equal-number-of-0s-and-1s,"Array, Dynamic Programming, Matrix"
MEDIUM,Prime Subtraction Operation,25.0,0.5545,https://leetcode.com/problems/prime-subtraction-operation,"Array, Math, Binary Search, Greedy, Number Theory"
HARD,Count Subarrays With Score Less Than K,25.0,0.6223,https://leetcode.com/problems/count-subarrays-with-score-less-than-k,"Array, Binary Search, Sliding Window, Prefix Sum"
EASY,Evaluate Boolean Binary Tree,25.0,0.8241,https://leetcode.com/problems/evaluate-boolean-binary-tree,"Tree, Depth-First Search, Binary Tree"
HARD,Car Fleet II,25.0,0.5847,https://leetcode.com/problems/car-fleet-ii,"Array, Math, Stack, Heap (Priority Queue), Monotonic Stack"
MEDIUM,Number of Ways to Arrive at Destination,25.0,0.3777,https://leetcode.com/problems/number-of-ways-to-arrive-at-destination,"Dynamic Programming, Graph Theory, Topological Sort, Shortest Path, Dijkstra's Algorithm"
MEDIUM,Deepest Leaves Sum,25.0,0.8662,https://leetcode.com/problems/deepest-leaves-sum,"Tree, Depth-First Search, Breadth-First Search, Binary Tree"
MEDIUM,Maximum Non Negative Product in a Matrix,25.0,0.5178,https://leetcode.com/problems/maximum-non-negative-product-in-a-matrix,"Array, Dynamic Programming, Matrix"
HARD,Minimum Adjacent Swaps for K Consecutive Ones,25.0,0.4280,https://leetcode.com/problems/minimum-adjacent-swaps-for-k-consecutive-ones,"Array, Greedy, Sliding Window, Prefix Sum"
MEDIUM,Number of Restricted Paths From First to Last Node,25.0,0.4191,https://leetcode.com/problems/number-of-restricted-paths-from-first-to-last-node,"Dynamic Programming, Graph Theory, Topological Sort, Heap (Priority Queue), Shortest Path, Dijkstra's Algorithm"
MEDIUM,Merge Triplets to Form Target Triplet,25.0,0.6950,https://leetcode.com/problems/merge-triplets-to-form-target-triplet,"Array, Greedy"
MEDIUM,Number of Wonderful Substrings,25.0,0.6659,https://leetcode.com/problems/number-of-wonderful-substrings,"Hash Table, String, Bit Manipulation, Prefix Sum"
HARD,Count Fertile Pyramids in a Land,25.0,0.6684,https://leetcode.com/problems/count-fertile-pyramids-in-a-land,"Array, Dynamic Programming, Matrix"
MEDIUM,Create Binary Tree From Descriptions,25.0,0.8391,https://leetcode.com/problems/create-binary-tree-from-descriptions,"Array, Hash Table, Tree, Binary Tree"
EASY,Check if Number Has Equal Digit Count and Digit Value,25.0,0.7330,https://leetcode.com/problems/check-if-number-has-equal-digit-count-and-digit-value,"Hash Table, String, Counting"
MEDIUM,Longest Binary Subsequence Less Than or Equal to K,25.0,0.5273,https://leetcode.com/problems/longest-binary-subsequence-less-than-or-equal-to-k,"String, Dynamic Programming, Greedy, Memoization"
HARD,Sum of Prefix Scores of Strings,25.0,0.6089,https://leetcode.com/problems/sum-of-prefix-scores-of-strings,"Array, String, Trie, Counting"
EASY,Determine if Two Events Have Conflict,25.0,0.5364,https://leetcode.com/problems/determine-if-two-events-have-conflict,"Array, String"
HARD,String Transformation,25.0,0.2731,https://leetcode.com/problems/string-transformation,"Math, String, Dynamic Programming, String Matching"
MEDIUM,Longest Uncommon Subsequence II,25.0,0.4573,https://leetcode.com/problems/longest-uncommon-subsequence-ii,"Array, Hash Table, Two Pointers, String, Sorting"
MEDIUM,Beautiful Arrangement,25.0,0.6497,https://leetcode.com/problems/beautiful-arrangement,"Array, Dynamic Programming, Backtracking, Bit Manipulation, Bitmask"
MEDIUM,All Ancestors of a Node in a Directed Acyclic Graph,25.0,0.6236,https://leetcode.com/problems/all-ancestors-of-a-node-in-a-directed-acyclic-graph,"Depth-First Search, Breadth-First Search, Graph Theory, Topological Sort, Directed Acyclic Graph"
HARD,Maximum Employees to Be Invited to a Meeting,25.0,0.6175,https://leetcode.com/problems/maximum-employees-to-be-invited-to-a-meeting,"Array, Dynamic Programming, Depth-First Search, Graph Theory, Topological Sort, Kosaraju's Algorithm, Tarjan's SCC Algorithm"
MEDIUM,Solving Questions With Brainpower,25.0,0.6019,https://leetcode.com/problems/solving-questions-with-brainpower,"Array, Dynamic Programming"
MEDIUM,Boundary of Binary Tree,25.0,0.4820,https://leetcode.com/problems/boundary-of-binary-tree,"Tree, Depth-First Search, Binary Tree"
EASY,Product Sales Analysis I,25.0,0.8627,https://leetcode.com/problems/product-sales-analysis-i,Database
MEDIUM,Where Will the Ball Fall,25.0,0.7243,https://leetcode.com/problems/where-will-the-ball-fall,"Array, Matrix, Simulation"
HARD,Maximum Value of K Coins From Piles,25.0,0.6052,https://leetcode.com/problems/maximum-value-of-k-coins-from-piles,"Array, Dynamic Programming, Prefix Sum"
HARD,Longest Happy Prefix,25.0,0.5398,https://leetcode.com/problems/longest-happy-prefix,"String, Rolling Hash, String Matching, Hash Function, Z Algorithm, Knuth–Morris–Pratt Algorithm"
HARD,Number of Ways to Reorder Array to Get Same BST,25.0,0.5429,https://leetcode.com/problems/number-of-ways-to-reorder-array-to-get-same-bst,"Array, Math, Divide and Conquer, Dynamic Programming, Tree, Union-Find, Binary Search Tree, Memoization, Combinatorics, Binary Tree, Fermat's Little Theorem"
HARD,Strange Printer II,25.0,0.6137,https://leetcode.com/problems/strange-printer-ii,"Array, Graph Theory, Topological Sort, Matrix, Directed Acyclic Graph"
HARD,Minimum Cost to Connect Two Groups of Points,25.0,0.5085,https://leetcode.com/problems/minimum-cost-to-connect-two-groups-of-points,"Array, Dynamic Programming, Bit Manipulation, Matrix, Bitmask, Bipartite Graph, Successive Shortest Path Algorithm, Matching (Graph), Minimum-Cost Flow, Flow Network"
MEDIUM,Throne Inheritance,25.0,0.6831,https://leetcode.com/problems/throne-inheritance,"Hash Table, Tree, Depth-First Search, Design"
HARD,Fancy Sequence,25.0,0.4166,https://leetcode.com/problems/fancy-sequence,"Math, Design, Segment Tree, Number Theory, Fermat's Little Theorem"
HARD,Distribute Repeating Integers,25.0,0.4119,https://leetcode.com/problems/distribute-repeating-integers,"Array, Hash Table, Dynamic Programming, Backtracking, Bit Manipulation, Counting, Bitmask"
HARD,Minimum Operations to Make a Subsequence,25.0,0.5024,https://leetcode.com/problems/minimum-operations-to-make-a-subsequence,"Array, Hash Table, Binary Search, Greedy, Longest Increasing Subsequence"
MEDIUM,Find Kth Largest XOR Coordinate Value,25.0,0.6475,https://leetcode.com/problems/find-kth-largest-xor-coordinate-value,"Array, Divide and Conquer, Bit Manipulation, Sorting, Heap (Priority Queue), Matrix, Prefix Sum, Quickselect"
HARD,Maximum Score from Performing Multiplication Operations,25.0,0.4366,https://leetcode.com/problems/maximum-score-from-performing-multiplication-operations,"Array, Dynamic Programming"
HARD,Maximum Number of Groups Getting Fresh Donuts,25.0,0.4182,https://leetcode.com/problems/maximum-number-of-groups-getting-fresh-donuts,"Array, Dynamic Programming, Bit Manipulation, Memoization, Bitmask"
MEDIUM,Minimum Path Cost in a Hidden Grid,25.0,0.5920,https://leetcode.com/problems/minimum-path-cost-in-a-hidden-grid,"Array, Depth-First Search, Breadth-First Search, Graph Theory, Heap (Priority Queue), Matrix, Interactive, Shortest Path"
MEDIUM,Kth Smallest Subarray Sum,25.0,0.5336,https://leetcode.com/problems/kth-smallest-subarray-sum,"Array, Binary Search, Sliding Window"
HARD,Last Day Where You Can Still Cross,25.0,0.6876,https://leetcode.com/problems/last-day-where-you-can-still-cross,"Array, Binary Search, Depth-First Search, Breadth-First Search, Union-Find, Matrix"
MEDIUM,Operations on Tree,25.0,0.4612,https://leetcode.com/problems/operations-on-tree,"Array, Hash Table, Tree, Depth-First Search, Breadth-First Search, Design"
MEDIUM,Minimum Operations to Convert Number,25.0,0.5260,https://leetcode.com/problems/minimum-operations-to-convert-number,"Array, Breadth-First Search"
MEDIUM,Minimum Cost to Set Cooking Time,25.0,0.4517,https://leetcode.com/problems/minimum-cost-to-set-cooking-time,"Math, Enumeration"
MEDIUM,Maximum Split of Positive Even Integers,25.0,0.5996,https://leetcode.com/problems/maximum-split-of-positive-even-integers,"Math, Backtracking, Greedy"
HARD,Minimum Time to Remove All Cars Containing Illegal Goods,25.0,0.4219,https://leetcode.com/problems/minimum-time-to-remove-all-cars-containing-illegal-goods,"String, Dynamic Programming"
HARD,Maximum AND Sum of Array,25.0,0.5128,https://leetcode.com/problems/maximum-and-sum-of-array,"Array, Dynamic Programming, Bit Manipulation, Bitmask"
EASY,Count Asterisks,25.0,0.8358,https://leetcode.com/problems/count-asterisks,String
EASY,Merge Similar Items,25.0,0.7776,https://leetcode.com/problems/merge-similar-items,"Array, Hash Table, Sorting, Ordered Set"
MEDIUM,Finding the Number of Visible Mountains,25.0,0.3746,https://leetcode.com/problems/finding-the-number-of-visible-mountains,"Array, Stack, Sorting, Monotonic Stack"
MEDIUM,Longest Uploaded Prefix,25.0,0.5561,https://leetcode.com/problems/longest-uploaded-prefix,"Hash Table, Binary Search, Union-Find, Design, Binary Indexed Tree, Segment Tree, Heap (Priority Queue), Ordered Set"
HARD,Number of Pairs Satisfying Inequality,25.0,0.4805,https://leetcode.com/problems/number-of-pairs-satisfying-inequality,"Array, Binary Search, Divide and Conquer, Binary Indexed Tree, Segment Tree, Merge Sort, Ordered Set"
HARD,Number of Beautiful Partitions,25.0,0.3349,https://leetcode.com/problems/number-of-beautiful-partitions,"String, Dynamic Programming, Prefix Sum"
MEDIUM,Make Number of Distinct Characters Equal,25.0,0.2792,https://leetcode.com/problems/make-number-of-distinct-characters-equal,"Hash Table, String, Counting"
MEDIUM,Increment Submatrices by One,25.0,0.7382,https://leetcode.com/problems/increment-submatrices-by-one,"Array, Matrix, Prefix Sum"
HARD,Sum of Imbalance Numbers of All Subarrays,25.0,0.4406,https://leetcode.com/problems/sum-of-imbalance-numbers-of-all-subarrays,"Array, Hash Table, Enumeration"
MEDIUM,Minimum Absolute Difference Between Elements With Constraint,25.0,0.3815,https://leetcode.com/problems/minimum-absolute-difference-between-elements-with-constraint,"Array, Binary Search, Ordered Set"
HARD,Count K-Subsequences of a String With Maximum Beauty,25.0,0.3048,https://leetcode.com/problems/count-k-subsequences-of-a-string-with-maximum-beauty,"Hash Table, Math, String, Greedy, Sorting, Combinatorics, Fermat's Little Theorem"
MEDIUM,Find Champion II,25.0,0.7020,https://leetcode.com/problems/find-champion-ii,Graph Theory
MEDIUM,Find Longest Special Substring That Occurs Thrice II,25.0,0.3915,https://leetcode.com/problems/find-longest-special-substring-that-occurs-thrice-ii,"Hash Table, String, Binary Search, Sliding Window, Counting"
EASY,Number of Valid Clock Times,25.0,0.4842,https://leetcode.com/problems/number-of-valid-clock-times,"String, Enumeration"
MEDIUM,Maximum Length of Semi-Decreasing Subarrays,25.0,0.7003,https://leetcode.com/problems/maximum-length-of-semi-decreasing-subarrays,"Array, Stack, Sorting, Monotonic Stack"
HARD,Parsing A Boolean Expression,25.0,0.6981,https://leetcode.com/problems/parsing-a-boolean-expression,"String, Stack, Recursion"
MEDIUM,Find Valid Matrix Given Row and Column Sums,25.0,0.8256,https://leetcode.com/problems/find-valid-matrix-given-row-and-column-sums,"Array, Greedy, Matrix, Flow Network"
MEDIUM,Split Two Strings to Make Palindrome,25.0,0.3281,https://leetcode.com/problems/split-two-strings-to-make-palindrome,"Two Pointers, String"
MEDIUM,Reordered Power of 2,25.0,0.6587,https://leetcode.com/problems/reordered-power-of-2,"Hash Table, Math, Sorting, Counting, Enumeration"
MEDIUM,Count Subarrays With More Ones Than Zeros,25.0,0.4975,https://leetcode.com/problems/count-subarrays-with-more-ones-than-zeros,"Array, Hash Table, Binary Search, Divide and Conquer, Binary Indexed Tree, Segment Tree, Merge Sort, Ordered Set"
MEDIUM,Shortest Distance to Target Color,25.0,0.5655,https://leetcode.com/problems/shortest-distance-to-target-color,"Array, Binary Search, Dynamic Programming"
MEDIUM,Maximum Font to Fit a Sentence in a Screen,25.0,0.6197,https://leetcode.com/problems/maximum-font-to-fit-a-sentence-in-a-screen,"Array, String, Binary Search, Interactive"
MEDIUM,Minimum Path Cost in a Grid,25.0,0.6846,https://leetcode.com/problems/minimum-path-cost-in-a-grid,"Array, Dynamic Programming, Matrix"
MEDIUM,Circle and Rectangle Overlapping,25.0,0.6736,https://leetcode.com/problems/circle-and-rectangle-overlapping,"Math, Geometry"
MEDIUM,Find Latest Group of Size M,25.0,0.4423,https://leetcode.com/problems/find-latest-group-of-size-m,"Array, Hash Table, Binary Search, Simulation"
HARD,The Most Similar Path in a Graph,25.0,0.5948,https://leetcode.com/problems/the-most-similar-path-in-a-graph,"Array, String, Dynamic Programming, Graph Theory"
MEDIUM,Put Boxes Into the Warehouse I,25.0,0.6791,https://leetcode.com/problems/put-boxes-into-the-warehouse-i,"Array, Greedy, Sorting"
HARD,Check If String Is Transformable With Substring Sort Operations,25.0,0.5194,https://leetcode.com/problems/check-if-string-is-transformable-with-substring-sort-operations,"String, Greedy, Sorting"
MEDIUM,Put Boxes Into the Warehouse II,25.0,0.6630,https://leetcode.com/problems/put-boxes-into-the-warehouse-ii,"Array, Greedy, Sorting"
MEDIUM,Find Nearest Right Node in Binary Tree,25.0,0.7493,https://leetcode.com/problems/find-nearest-right-node-in-binary-tree,"Tree, Breadth-First Search, Binary Tree"
MEDIUM,Check If Two Expression Trees are Equivalent,25.0,0.7138,https://leetcode.com/problems/check-if-two-expression-trees-are-equivalent,"Hash Table, Tree, Depth-First Search, Binary Tree, Counting"
MEDIUM,Correct a Binary Tree,25.0,0.7417,https://leetcode.com/problems/correct-a-binary-tree,"Hash Table, Tree, Depth-First Search, Breadth-First Search, Binary Tree"
MEDIUM,Change the Root of a Binary Tree,25.0,0.7421,https://leetcode.com/problems/change-the-root-of-a-binary-tree,"Tree, Depth-First Search, Binary Tree"
HARD,Count Ways to Distribute Candies,25.0,0.6280,https://leetcode.com/problems/count-ways-to-distribute-candies,Dynamic Programming
MEDIUM,Change Minimum Characters to Satisfy One of Three Conditions,25.0,0.3840,https://leetcode.com/problems/change-minimum-characters-to-satisfy-one-of-three-conditions,"Hash Table, String, Counting, Prefix Sum"
HARD,Checking Existence of Edge Length Limited Paths II,25.0,0.5099,https://leetcode.com/problems/checking-existence-of-edge-length-limited-paths-ii,"Depth-First Search, Union-Find, Graph Theory, Design, Sorting, Heap (Priority Queue), Minimum Spanning Tree"
HARD,Tree of Coprimes,25.0,0.4512,https://leetcode.com/problems/tree-of-coprimes,"Array, Math, Tree, Depth-First Search, Number Theory"
HARD,Find the Subtasks That Did Not Execute,25.0,0.7834,https://leetcode.com/problems/find-the-subtasks-that-did-not-execute,Database
MEDIUM,Count Pairs of Equal Substrings With Minimum Difference,25.0,0.6273,https://leetcode.com/problems/count-pairs-of-equal-substrings-with-minimum-difference,"Hash Table, String, Greedy"
EASY,Find Customers With Positive Revenue this Year,25.0,0.8759,https://leetcode.com/problems/find-customers-with-positive-revenue-this-year,Database
MEDIUM,Minimum Adjacent Swaps to Reach the Kth Smallest Number,25.0,0.7192,https://leetcode.com/problems/minimum-adjacent-swaps-to-reach-the-kth-smallest-number,"Two Pointers, String, Greedy"
HARD,Number of Ways to Rearrange Sticks With K Sticks Visible,25.0,0.6283,https://leetcode.com/problems/number-of-ways-to-rearrange-sticks-with-k-sticks-visible,"Math, Dynamic Programming, Combinatorics"
MEDIUM,Minimum Speed to Arrive on Time,25.0,0.4823,https://leetcode.com/problems/minimum-speed-to-arrive-on-time,"Array, Binary Search"
HARD,Minimum Cost to Change the Final Value of Expression,25.0,0.5017,https://leetcode.com/problems/minimum-cost-to-change-the-final-value-of-expression,"Math, String, Dynamic Programming, Stack"
MEDIUM,Longest Word With All Prefixes,25.0,0.7312,https://leetcode.com/problems/longest-word-with-all-prefixes,"Array, String, Depth-First Search, Trie"
HARD,Minimum Skips to Arrive at Meeting On Time,25.0,0.3917,https://leetcode.com/problems/minimum-skips-to-arrive-at-meeting-on-time,"Array, Dynamic Programming"
MEDIUM,Minimum Absolute Difference Queries,25.0,0.4630,https://leetcode.com/problems/minimum-absolute-difference-queries,"Array, Prefix Sum"
MEDIUM,Find a Peak Element II,25.0,0.5568,https://leetcode.com/problems/find-a-peak-element-ii,"Array, Binary Search, Matrix"
MEDIUM,Longest Common Subsequence Between Sorted Arrays,25.0,0.8097,https://leetcode.com/problems/longest-common-subsequence-between-sorted-arrays,"Array, Hash Table, Counting"
HARD,Erect the Fence II,25.0,0.4958,https://leetcode.com/problems/erect-the-fence-ii,"Array, Math, Geometry, Minimum Enclosing Circle"
MEDIUM,Paths in Maze That Lead to Same Room,25.0,0.5657,https://leetcode.com/problems/paths-in-maze-that-lead-to-same-room,Graph Theory
MEDIUM,Watering Plants II,25.0,0.4914,https://leetcode.com/problems/watering-plants-ii,"Array, Two Pointers, Simulation"
HARD,Recover the Original Array,25.0,0.4207,https://leetcode.com/problems/recover-the-original-array,"Array, Hash Table, Two Pointers, Sorting, Enumeration"
MEDIUM,Count Words Obtained After Adding a Letter,25.0,0.4425,https://leetcode.com/problems/count-words-obtained-after-adding-a-letter,"Array, Hash Table, String, Bit Manipulation, Sorting"
MEDIUM,Remove All Ones With Row and Column Flips,25.0,0.7598,https://leetcode.com/problems/remove-all-ones-with-row-and-column-flips,"Array, Math, Bit Manipulation, Matrix"
HARD,Minimum White Tiles After Covering With Carpets,25.0,0.3953,https://leetcode.com/problems/minimum-white-tiles-after-covering-with-carpets,"String, Dynamic Programming, Prefix Sum"
MEDIUM,Remove All Ones With Row and Column Flips II,25.0,0.6689,https://leetcode.com/problems/remove-all-ones-with-row-and-column-flips-ii,"Array, Bit Manipulation, Breadth-First Search, Matrix"
EASY,Minimum Number of Operations to Convert Time,25.0,0.6660,https://leetcode.com/problems/minimum-number-of-operations-to-convert-time,"String, Greedy"
HARD, Check if There Is a Valid Parentheses String Path,25.0,0.4079,https://leetcode.com/problems/check-if-there-is-a-valid-parentheses-string-path,"Array, Dynamic Programming, Matrix, Bracket Sequences"
MEDIUM,Design an ATM Machine,25.0,0.4639,https://leetcode.com/problems/design-an-atm-machine,"Array, Greedy, Design"
MEDIUM,Maximum White Tiles Covered by a Carpet,25.0,0.3654,https://leetcode.com/problems/maximum-white-tiles-covered-by-a-carpet,"Array, Binary Search, Greedy, Sliding Window, Sorting, Prefix Sum"
MEDIUM,Minimum Lines to Represent a Line Chart,25.0,0.2744,https://leetcode.com/problems/minimum-lines-to-represent-a-line-chart,"Array, Math, Geometry, Sorting, Number Theory"
HARD,Booking Concert Tickets in Groups,25.0,0.2040,https://leetcode.com/problems/booking-concert-tickets-in-groups,"Binary Search, Design, Binary Indexed Tree, Segment Tree"
MEDIUM,Count Positions on Street With Required Brightness,25.0,0.6227,https://leetcode.com/problems/count-positions-on-street-with-required-brightness,"Array, Prefix Sum"
HARD,Design Video Sharing Platform,25.0,0.6364,https://leetcode.com/problems/design-video-sharing-platform,"Hash Table, Design, Heap (Priority Queue)"
HARD,Minimum Flips in Binary Tree to Get Result,25.0,0.5679,https://leetcode.com/problems/minimum-flips-in-binary-tree-to-get-result,"Dynamic Programming, Tree, Depth-First Search, Binary Tree"
HARD,Subarray With Elements Greater Than Varying Threshold,25.0,0.4625,https://leetcode.com/problems/subarray-with-elements-greater-than-varying-threshold,"Array, Stack, Union-Find, Monotonic Stack"
HARD,Shortest Impossible Sequence of Rolls,25.0,0.6938,https://leetcode.com/problems/shortest-impossible-sequence-of-rolls,"Array, Hash Table, Greedy"
HARD,Sort Array by Moving Items to Empty Space,25.0,0.4550,https://leetcode.com/problems/sort-array-by-moving-items-to-empty-space,"Array, Hash Table, Sorting"
HARD,Minimize Maximum Value in a Grid,25.0,0.6981,https://leetcode.com/problems/minimize-maximum-value-in-a-grid,"Array, Union-Find, Graph Theory, Topological Sort, Sorting, Matrix"
HARD,Count Subarrays With Median K,25.0,0.4949,https://leetcode.com/problems/count-subarrays-with-median-k,"Array, Hash Table, Prefix Sum"
EASY,Extract Kth Character From The Rope Tree,25.0,0.7342,https://leetcode.com/problems/extract-kth-character-from-the-rope-tree,"Tree, Depth-First Search, Binary Tree"
EASY,Count Houses in a Circular Street,25.0,0.8587,https://leetcode.com/problems/count-houses-in-a-circular-street,"Array, Interactive"
MEDIUM,Count Pairs of Points With Distance k,25.0,0.3275,https://leetcode.com/problems/count-pairs-of-points-with-distance-k,"Array, Hash Table, Bit Manipulation"
MEDIUM,Determine if a Cell Is Reachable at a Given Time,25.0,0.3759,https://leetcode.com/problems/determine-if-a-cell-is-reachable-at-a-given-time,Math
MEDIUM,Minimum Increment Operations to Make Array Beautiful,25.0,0.3482,https://leetcode.com/problems/minimum-increment-operations-to-make-array-beautiful,"Array, Dynamic Programming"
EASY,Find Champion I,25.0,0.7327,https://leetcode.com/problems/find-champion-i,"Array, Matrix"
MEDIUM,Maximum Score After Applying Operations on a Tree,25.0,0.4684,https://leetcode.com/problems/maximum-score-after-applying-operations-on-a-tree,"Dynamic Programming, Tree, Depth-First Search, DP on Trees"
HARD,Count the Number of Good Partitions,25.0,0.4955,https://leetcode.com/problems/count-the-number-of-good-partitions,"Array, Hash Table, Math, Combinatorics"
MEDIUM,Number of Equal Numbers Blocks,25.0,0.6270,https://leetcode.com/problems/number-of-equal-numbers-blocks,"Array, Binary Search, Interactive"
MEDIUM,Minimum Cost to Make Array Equalindromic,25.0,0.2361,https://leetcode.com/problems/minimum-cost-to-make-array-equalindromic,"Array, Math, Binary Search, Greedy, Sorting"
HARD,Amount of New Area Painted Each Day,25.0,0.5566,https://leetcode.com/problems/amount-of-new-area-painted-each-day,"Array, Segment Tree, Ordered Set"
EASY,Arranging Coins,25.0,0.4865,https://leetcode.com/problems/arranging-coins,"Math, Binary Search"
MEDIUM,Last Stone Weight II,25.0,0.6094,https://leetcode.com/problems/last-stone-weight-ii,"Array, Dynamic Programming, Knapsack Problem, 0-1 Knapsack"
MEDIUM,Department Highest Salary,25.0,0.5963,https://leetcode.com/problems/department-highest-salary,Database
MEDIUM,Min Cost to Connect All Points,25.0,0.7181,https://leetcode.com/problems/min-cost-to-connect-all-points,"Array, Union-Find, Graph Theory, Minimum Spanning Tree, Prim's Algorithm, Kruskal's Algorithm, Borůvka's Algorithm"
MEDIUM,Regions Cut By Slashes,25.0,0.7756,https://leetcode.com/problems/regions-cut-by-slashes,"Array, Hash Table, Depth-First Search, Breadth-First Search, Union-Find, Matrix, Planar Graph"
MEDIUM,Find the Maximum Length of Valid Subsequence I,25.0,0.5474,https://leetcode.com/problems/find-the-maximum-length-of-valid-subsequence-i,"Array, Dynamic Programming"
MEDIUM,Minimum Deletions to Make String Balanced,25.0,0.6815,https://leetcode.com/problems/minimum-deletions-to-make-string-balanced,"String, Dynamic Programming, Stack"
MEDIUM,Find the Number of Ways to Place People I,25.0,0.6371,https://leetcode.com/problems/find-the-number-of-ways-to-place-people-i,"Array, Math, Geometry, Sorting, Enumeration"
MEDIUM,Find the Maximum Length of Valid Subsequence II,25.0,0.5687,https://leetcode.com/problems/find-the-maximum-length-of-valid-subsequence-ii,"Array, Dynamic Programming"
MEDIUM,Game Play Analysis IV,25.0,0.4255,https://leetcode.com/problems/game-play-analysis-iv,Database
MEDIUM,Immediate Food Delivery II,25.0,0.5710,https://leetcode.com/problems/immediate-food-delivery-ii,Database
MEDIUM,Exchange Seats,25.0,0.7494,https://leetcode.com/problems/exchange-seats,Database
HARD,Find the Maximum Sequence Value of Array,25.0,0.2219,https://leetcode.com/problems/find-the-maximum-sequence-value-of-array,"Array, Dynamic Programming, Bit Manipulation"
HARD,Maximum Frequency of an Element After Performing Operations II,25.0,0.5363,https://leetcode.com/problems/maximum-frequency-of-an-element-after-performing-operations-ii,"Array, Binary Search, Sliding Window, Sorting, Prefix Sum"
EASY,Find N Unique Integers Sum up to Zero,25.0,0.7846,https://leetcode.com/problems/find-n-unique-integers-sum-up-to-zero,"Array, Math"
HARD,Count Non-Decreasing Subarrays After K Operations,25.0,0.2508,https://leetcode.com/problems/count-non-decreasing-subarrays-after-k-operations,"Array, Stack, Segment Tree, Queue, Sliding Window, Monotonic Stack, Monotonic Queue"
EASY,Minimum Pair Removal to Sort Array I,25.0,0.6507,https://leetcode.com/problems/minimum-pair-removal-to-sort-array-i,"Array, Hash Table, Linked List, Heap (Priority Queue), Simulation, Doubly-Linked List, Ordered Set"
MEDIUM,Fill a Special Grid,25.0,0.7108,https://leetcode.com/problems/fill-a-special-grid,"Array, Divide and Conquer, Matrix"
MEDIUM,Factorial Trailing Zeroes,25.0,0.4747,https://leetcode.com/problems/factorial-trailing-zeroes,Math
MEDIUM,Count the Number of Fair Pairs,25.0,0.5256,https://leetcode.com/problems/count-the-number-of-fair-pairs,"Array, Two Pointers, Binary Search, Sorting"
MEDIUM,Find the Largest Area of Square Inside Two Rectangles,25.0,0.6679,https://leetcode.com/problems/find-the-largest-area-of-square-inside-two-rectangles,"Array, Math, Geometry"
MEDIUM,Confirmation Rate,25.0,0.6286,https://leetcode.com/problems/confirmation-rate,Database
MEDIUM,Construct Binary Search Tree from Preorder Traversal,25.0,0.8465,https://leetcode.com/problems/construct-binary-search-tree-from-preorder-traversal,"Array, Stack, Tree, Binary Search Tree, Monotonic Stack, Binary Tree"
EASY,Clear Digits,25.0,0.8275,https://leetcode.com/problems/clear-digits,"String, Stack, Simulation"
MEDIUM,Convert Object to JSON String,25.0,0.7796,https://leetcode.com/problems/convert-object-to-json-string,
MEDIUM,Number of Same-End Substrings,25.0,0.6178,https://leetcode.com/problems/number-of-same-end-substrings,"Array, Hash Table, String, Counting, Prefix Sum"
HARD,Check if DFS Strings Are Palindromes,25.0,0.2113,https://leetcode.com/problems/check-if-dfs-strings-are-palindromes,"Array, Hash Table, String, Tree, Depth-First Search, Hash Function"
MEDIUM,Adjacent Increasing Subarrays Detection II,25.0,0.5880,https://leetcode.com/problems/adjacent-increasing-subarrays-detection-ii,"Array, Binary Search"
EASY,Percentage of Users Attended a Contest,25.0,0.6132,https://leetcode.com/problems/percentage-of-users-attended-a-contest,Database
MEDIUM,Two Best Non-Overlapping Events,25.0,0.6388,https://leetcode.com/problems/two-best-non-overlapping-events,"Array, Binary Search, Dynamic Programming, Sorting, Heap (Priority Queue)"
MEDIUM,House Robber IV,25.0,0.6450,https://leetcode.com/problems/house-robber-iv,"Array, Binary Search, Dynamic Programming, Greedy"
MEDIUM,Reschedule Meetings for Maximum Free Time II,25.0,0.6006,https://leetcode.com/problems/reschedule-meetings-for-maximum-free-time-ii,"Array, Greedy, Enumeration"
MEDIUM,The k-th Lexicographical String of All Happy Strings of Length n,25.0,0.8708,https://leetcode.com/problems/the-k-th-lexicographical-string-of-all-happy-strings-of-length-n,"String, Backtracking"
MEDIUM,Check if Number is a Sum of Powers of Three,25.0,0.7941,https://leetcode.com/problems/check-if-number-is-a-sum-of-powers-of-three,Math
MEDIUM,Bulb Switcher,25.0,0.5656,https://leetcode.com/problems/bulb-switcher,"Math, Brainteaser"
HARD,Largest Color Value in a Directed Graph,25.0,0.5716,https://leetcode.com/problems/largest-color-value-in-a-directed-graph,"Hash Table, String, Dynamic Programming, Graph Theory, Topological Sort, Memoization, Counting, Directed Acyclic Graph"
MEDIUM,Cutting Ribbons,25.0,0.5309,https://leetcode.com/problems/cutting-ribbons,"Array, Binary Search"
MEDIUM,Find the Punishment Number of an Integer,25.0,0.8157,https://leetcode.com/problems/find-the-punishment-number-of-an-integer,"Math, Backtracking"
MEDIUM,Maximum Number That Sum of the Prices Is Less Than or Equal to K,25.0,0.3851,https://leetcode.com/problems/maximum-number-that-sum-of-the-prices-is-less-than-or-equal-to-k,"Math, Binary Search, Dynamic Programming, Bit Manipulation"
HARD,Find the Number of Ways to Place People II,25.0,0.6420,https://leetcode.com/problems/find-the-number-of-ways-to-place-people-ii,"Array, Math, Geometry, Sorting, Enumeration"
HARD,Longest Common Suffix Queries,25.0,0.5235,https://leetcode.com/problems/longest-common-suffix-queries,"Array, String, Trie"
MEDIUM,Restore IP Addresses,25.0,0.5717,https://leetcode.com/problems/restore-ip-addresses,"String, Backtracking"
MEDIUM,Construct Binary Tree from Inorder and Postorder Traversal,25.0,0.6967,https://leetcode.com/problems/construct-binary-tree-from-inorder-and-postorder-traversal,"Array, Hash Table, Divide and Conquer, Tree, Binary Tree"
MEDIUM,Longest Nice Subarray,25.0,0.6483,https://leetcode.com/problems/longest-nice-subarray,"Array, Bit Manipulation, Sliding Window"
EASY,Not Boring Movies,25.0,0.7523,https://leetcode.com/problems/not-boring-movies,Database
EASY,The Number of Employees Which Report to Each Employee,25.0,0.5396,https://leetcode.com/problems/the-number-of-employees-which-report-to-each-employee,Database
MEDIUM,Spiral Matrix III,25.0,0.8461,https://leetcode.com/problems/spiral-matrix-iii,"Array, Matrix, Simulation"
EASY,Return Length of Arguments Passed,25.0,0.9444,https://leetcode.com/problems/return-length-of-arguments-passed,
EASY,Largest Odd Number in String,25.0,0.6817,https://leetcode.com/problems/largest-odd-number-in-string,"Math, String, Greedy"
MEDIUM,Maximum Matrix Sum,25.0,0.6750,https://leetcode.com/problems/maximum-matrix-sum,"Array, Greedy, Matrix"
MEDIUM,Design Task Manager,25.0,0.4871,https://leetcode.com/problems/design-task-manager,"Hash Table, Design, Heap (Priority Queue), Ordered Set"
MEDIUM,Partition Array According to Given Pivot,25.0,0.9075,https://leetcode.com/problems/partition-array-according-to-given-pivot,"Array, Two Pointers, Simulation"
MEDIUM,Longest Palindromic Subsequence After at Most K Operations,25.0,0.3781,https://leetcode.com/problems/longest-palindromic-subsequence-after-at-most-k-operations,"String, Dynamic Programming"
EASY,Find the K-th Character in String Game I,25.0,0.8163,https://leetcode.com/problems/find-the-k-th-character-in-string-game-i,"Math, Bit Manipulation, Recursion, Simulation"
MEDIUM,Maximum Erasure Value,25.0,0.6449,https://leetcode.com/problems/maximum-erasure-value,"Array, Hash Table, Sliding Window"
EASY,Divide an Array Into Subarrays With Minimum Cost I,25.0,0.8030,https://leetcode.com/problems/divide-an-array-into-subarrays-with-minimum-cost-i,"Array, Sorting, Enumeration"
HARD,Longest Balanced Subarray II,25.0,0.3366,https://leetcode.com/problems/longest-balanced-subarray-ii,"Array, Hash Table, Divide and Conquer, Segment Tree, Prefix Sum"
EASY,Minimum Depth of Binary Tree,25.0,0.5385,https://leetcode.com/problems/minimum-depth-of-binary-tree,"Tree, Depth-First Search, Breadth-First Search, Binary Tree"
MEDIUM,Max Number of K-Sum Pairs,25.0,0.5742,https://leetcode.com/problems/max-number-of-k-sum-pairs,"Array, Hash Table, Two Pointers, Sorting"
EASY,Final Value of Variable After Performing Operations,25.0,0.9061,https://leetcode.com/problems/final-value-of-variable-after-performing-operations,"Array, String, Simulation"
EASY,Sleep,25.0,0.8726,https://leetcode.com/problems/sleep,
MEDIUM,Minimum Number of Operations to Make Word K-Periodic,25.0,0.6003,https://leetcode.com/problems/minimum-number-of-operations-to-make-word-k-periodic,"Hash Table, String, Counting"
MEDIUM,Sum of Digit Differences of All Pairs,25.0,0.4301,https://leetcode.com/problems/sum-of-digit-differences-of-all-pairs,"Array, Hash Table, Math, Counting"
MEDIUM,Sum of Subarray Ranges,25.0,0.6199,https://leetcode.com/problems/sum-of-subarray-ranges,"Array, Stack, Monotonic Stack"
EASY,Last Stone Weight,25.0,0.6680,https://leetcode.com/problems/last-stone-weight,"Array, Heap (Priority Queue)"
EASY,Convert Binary Number in a Linked List to Integer,25.0,0.8245,https://leetcode.com/problems/convert-binary-number-in-a-linked-list-to-integer,"Linked List, Math"
EASY,Number of Students Unable to Eat Lunch,25.0,0.8004,https://leetcode.com/problems/number-of-students-unable-to-eat-lunch,"Array, Stack, Queue, Simulation"
MEDIUM,Swapping Nodes in a Linked List,25.0,0.6983,https://leetcode.com/problems/swapping-nodes-in-a-linked-list,"Linked List, Two Pointers"
MEDIUM,Find the Maximum Number of Elements in Subset,25.0,0.4228,https://leetcode.com/problems/find-the-maximum-number-of-elements-in-subset,"Array, Hash Table, Enumeration"
MEDIUM,Alternating Groups II,25.0,0.5999,https://leetcode.com/problems/alternating-groups-ii,"Array, Sliding Window"
EASY,Finding 3-Digit Even Numbers,25.0,0.7882,https://leetcode.com/problems/finding-3-digit-even-numbers,"Array, Hash Table, Recursion, Sorting, Enumeration"
EASY,Self Dividing Numbers,25.0,0.8127,https://leetcode.com/problems/self-dividing-numbers,Math
HARD,Separate Squares II,25.0,0.5879,https://leetcode.com/problems/separate-squares-ii,"Array, Binary Search, Segment Tree, Sweep Line"
EASY,Number of Equivalent Domino Pairs,25.0,0.6080,https://leetcode.com/problems/number-of-equivalent-domino-pairs,"Array, Hash Table, Counting"
HARD,Maximize Subarray GCD Score,25.0,0.2516,https://leetcode.com/problems/maximize-subarray-gcd-score,"Array, Math, Enumeration, Number Theory"
MEDIUM,Partition String ,25.0,0.5907,https://leetcode.com/problems/partition-string,"Hash Table, String, Trie, Simulation"
EASY,Left and Right Sum Differences,25.0,0.8971,https://leetcode.com/problems/left-and-right-sum-differences,"Array, Prefix Sum"
EASY,Fruits Into Baskets II,25.0,0.7022,https://leetcode.com/problems/fruits-into-baskets-ii,"Array, Binary Search, Segment Tree, Simulation, Ordered Set"
MEDIUM,Minimum Cost Path with Edge Reversals,25.0,0.6153,https://leetcode.com/problems/minimum-cost-path-with-edge-reversals,"Graph Theory, Heap (Priority Queue), Shortest Path"
HARD,N-Queens II,25.0,0.7938,https://leetcode.com/problems/n-queens-ii,"Backtracking, Algorithm X"
MEDIUM,Partition Array for Maximum Sum,25.0,0.7758,https://leetcode.com/problems/partition-array-for-maximum-sum,"Array, Dynamic Programming"
EASY,Count Negative Numbers in a Sorted Matrix,25.0,0.7977,https://leetcode.com/problems/count-negative-numbers-in-a-sorted-matrix,"Array, Binary Search, Matrix"
MEDIUM,Maximum Score From Removing Stones,25.0,0.6876,https://leetcode.com/problems/maximum-score-from-removing-stones,"Math, Greedy, Heap (Priority Queue)"
MEDIUM,Closest Dessert Cost,25.0,0.4907,https://leetcode.com/problems/closest-dessert-cost,"Array, Dynamic Programming, Backtracking, Knapsack Problem, Mixed Knapsack"
HARD,Process Restricted Friend Requests,25.0,0.6191,https://leetcode.com/problems/process-restricted-friend-requests,"Union-Find, Graph Theory"
HARD,Maximize Consecutive Elements in an Array After Modification,25.0,0.3402,https://leetcode.com/problems/maximize-consecutive-elements-in-an-array-after-modification,"Array, Dynamic Programming, Sorting"
MEDIUM,Most Frequent Prime,25.0,0.4563,https://leetcode.com/problems/most-frequent-prime,"Array, Hash Table, Math, Matrix, Counting, Enumeration, Number Theory, Primality Test, Sieve Theory, Prime Number Sieve"
EASY,Latest Time You Can Obtain After Replacing Characters,25.0,0.3548,https://leetcode.com/problems/latest-time-you-can-obtain-after-replacing-characters,"String, Enumeration"
HARD,Minimum Sum of Values by Dividing Array,25.0,0.2847,https://leetcode.com/problems/minimum-sum-of-values-by-dividing-array,"Array, Binary Search, Dynamic Programming, Bit Manipulation, Segment Tree, Queue"
EASY,Employees Whose Manager Left the Company,25.0,0.4895,https://leetcode.com/problems/employees-whose-manager-left-the-company,Database
EASY,Valid Phone Numbers,25.0,0.3107,https://leetcode.com/problems/valid-phone-numbers,Shell
MEDIUM,Minimize the Maximum Difference of Pairs,25.0,0.5105,https://leetcode.com/problems/minimize-the-maximum-difference-of-pairs,"Array, Binary Search, Dynamic Programming, Greedy, Sorting"
EASY,Apply Transform Over Each Element in Array,25.0,0.8615,https://leetcode.com/problems/apply-transform-over-each-element-in-array,
EASY,Find the Maximum Achievable Number,25.0,0.9174,https://leetcode.com/problems/find-the-maximum-achievable-number,Math
MEDIUM,Rabbits in Forest,25.0,0.5802,https://leetcode.com/problems/rabbits-in-forest,"Array, Hash Table, Math, Greedy"
MEDIUM,Maximize Total Cost of Alternating Subarrays,25.0,0.2993,https://leetcode.com/problems/maximize-total-cost-of-alternating-subarrays,"Array, Dynamic Programming"
EASY,Fix Names in a Table,25.0,0.6074,https://leetcode.com/problems/fix-names-in-a-table,Database
EASY,Calculate Money in Leetcode Bank,25.0,0.8257,https://leetcode.com/problems/calculate-money-in-leetcode-bank,Math
MEDIUM,Find the City With the Smallest Number of Neighbors at a Threshold Distance,25.0,0.7390,https://leetcode.com/problems/find-the-city-with-the-smallest-number-of-neighbors-at-a-threshold-distance,"Dynamic Programming, Graph Theory, Shortest Path, Dijkstra's Algorithm, Bellman–Ford Algorithm, Floyd–Warshall Algorithm"
MEDIUM,Count the Number of Substrings With Dominant Ones,25.0,0.4177,https://leetcode.com/problems/count-the-number-of-substrings-with-dominant-ones,"String, Enumeration"
EASY,Find Smallest Letter Greater Than Target,25.0,0.5971,https://leetcode.com/problems/find-smallest-letter-greater-than-target,"Array, Binary Search"
EASY,Final Prices With a Special Discount in a Shop,25.0,0.8436,https://leetcode.com/problems/final-prices-with-a-special-discount-in-a-shop,"Array, Stack, Monotonic Stack"
MEDIUM,Maximum Number of Operations to Move Ones to the End,25.0,0.6692,https://leetcode.com/problems/maximum-number-of-operations-to-move-ones-to-the-end,"String, Greedy, Counting"
MEDIUM,Binary Tree Nodes,25.0,0.7806,https://leetcode.com/problems/binary-tree-nodes,Database
MEDIUM,Corporate Flight Bookings,25.0,0.6892,https://leetcode.com/problems/corporate-flight-bookings,"Array, Prefix Sum"
EASY,Calculate Compressed Mean,25.0,0.8587,https://leetcode.com/problems/calculate-compressed-mean,Database
HARD,Top Three Wineries ,25.0,0.5393,https://leetcode.com/problems/top-three-wineries,Database
EASY,Find Expensive Cities,25.0,0.7708,https://leetcode.com/problems/find-expensive-cities,Database
MEDIUM,Class Performance,25.0,0.8856,https://leetcode.com/problems/class-performance,Database
EASY,Loan Types,25.0,0.6434,https://leetcode.com/problems/loan-types,Database
HARD,Find Beautiful Indices in the Given Array II,25.0,0.2865,https://leetcode.com/problems/find-beautiful-indices-in-the-given-array-ii,"Two Pointers, String, Binary Search, Rolling Hash, String Matching, Hash Function, Z Algorithm, Knuth–Morris–Pratt Algorithm, Boyer–Moore String-Search Algorithm"
EASY,Ant on the Boundary,25.0,0.7448,https://leetcode.com/problems/ant-on-the-boundary,"Array, Simulation, Prefix Sum"
EASY,Lemonade Change,25.0,0.5949,https://leetcode.com/problems/lemonade-change,"Array, Greedy"
MEDIUM,Maximum Area Rectangle With Point Constraints I,25.0,0.5101,https://leetcode.com/problems/maximum-area-rectangle-with-point-constraints-i,"Array, Math, Binary Indexed Tree, Segment Tree, Geometry, Sorting, Enumeration"
MEDIUM,Shifting Letters II,25.0,0.5389,https://leetcode.com/problems/shifting-letters-ii,"Array, String, Prefix Sum"
EASY,Perfect Number,25.0,0.5030,https://leetcode.com/problems/perfect-number,Math
MEDIUM,Minimum Time to Repair Cars,25.0,0.5922,https://leetcode.com/problems/minimum-time-to-repair-cars,"Array, Binary Search"
MEDIUM,Find the Minimum Amount of Time to Brew Potions,25.0,0.6235,https://leetcode.com/problems/find-the-minimum-amount-of-time-to-brew-potions,"Array, Simulation, Prefix Sum"
HARD,Find the Count of Monotonic Pairs I,25.0,0.4721,https://leetcode.com/problems/find-the-count-of-monotonic-pairs-i,"Array, Math, Dynamic Programming, Combinatorics, Prefix Sum"
HARD,Kth Smallest Product of Two Sorted Arrays,25.0,0.4871,https://leetcode.com/problems/kth-smallest-product-of-two-sorted-arrays,"Array, Binary Search"
MEDIUM,Count Cells in Overlapping Horizontal and Vertical Substrings,25.0,0.2746,https://leetcode.com/problems/count-cells-in-overlapping-horizontal-and-vertical-substrings,"Array, String, Rolling Hash, String Matching, Matrix, Hash Function"
HARD,Number of Stable Subsequences,25.0,0.5937,https://leetcode.com/problems/number-of-stable-subsequences,"Array, Dynamic Programming"
MEDIUM,Count Caesar Cipher Pairs,25.0,0.5062,https://leetcode.com/problems/count-caesar-cipher-pairs,"Array, Hash Table, Math, String, Counting"
EASY,Root Equals Sum of Children,25.0,0.8520,https://leetcode.com/problems/root-equals-sum-of-children,"Tree, Binary Tree"
EASY,Monotonic Array,25.0,0.6270,https://leetcode.com/problems/monotonic-array,Array
MEDIUM,Investments in 2016,25.0,0.5196,https://leetcode.com/problems/investments-in-2016,Database
MEDIUM,Maximum Absolute Sum of Any Subarray,25.0,0.7061,https://leetcode.com/problems/maximum-absolute-sum-of-any-subarray,"Array, Dynamic Programming"
EASY,Maximum Product of Two Elements in an Array,24.4,0.8496,https://leetcode.com/problems/maximum-product-of-two-elements-in-an-array,"Array, Sorting, Heap (Priority Queue)"
EASY,Find Missing Elements,23.3,0.8824,https://leetcode.com/problems/find-missing-elements,"Array, Hash Table, Sorting"
MEDIUM,Minimum Cost For Tickets,20.9,0.6749,https://leetcode.com/problems/minimum-cost-for-tickets,"Array, Dynamic Programming"
MEDIUM,Best Time to Buy and Sell Stock with Transaction Fee,20.9,0.7263,https://leetcode.com/problems/best-time-to-buy-and-sell-stock-with-transaction-fee,"Array, Dynamic Programming, Greedy"
EASY,Smallest Missing Integer Greater Than Sequential Prefix Sum,20.9,0.5011,https://leetcode.com/problems/smallest-missing-integer-greater-than-sequential-prefix-sum,"Array, Hash Table, Sorting"
MEDIUM,Insertion Sort List,19.5,0.6036,https://leetcode.com/problems/insertion-sort-list,"Linked List, Sorting"
MEDIUM,Partition Labels,19.5,0.8206,https://leetcode.com/problems/partition-labels,"Hash Table, Two Pointers, String, Greedy"
HARD,Minimum Number of Refueling Stops,19.5,0.4194,https://leetcode.com/problems/minimum-number-of-refueling-stops,"Array, Dynamic Programming, Greedy, Heap (Priority Queue)"
EASY,Design HashMap,19.5,0.6681,https://leetcode.com/problems/design-hashmap,"Array, Hash Table, Linked List, Design, Hash Function"
MEDIUM,Determine if Two Strings Are Close,19.5,0.5444,https://leetcode.com/problems/determine-if-two-strings-are-close,"Hash Table, String, Sorting, Counting"
MEDIUM,Next Greater Element III,19.5,0.3565,https://leetcode.com/problems/next-greater-element-iii,"Math, Two Pointers, String"
MEDIUM,Step-By-Step Directions From a Binary Tree Node to Another,19.5,0.5651,https://leetcode.com/problems/step-by-step-directions-from-a-binary-tree-node-to-another,"String, Tree, Depth-First Search, Binary Tree, Binary Lifting, Lowest Common Ancestor"
EASY,Time Needed to Buy Tickets,19.5,0.7334,https://leetcode.com/problems/time-needed-to-buy-tickets,"Array, Queue, Simulation"
EASY,Array Partition,19.5,0.8222,https://leetcode.com/problems/array-partition,"Array, Greedy, Sorting, Counting Sort"
MEDIUM,Valid Triangle Number,19.5,0.5726,https://leetcode.com/problems/valid-triangle-number,"Array, Two Pointers, Binary Search, Greedy, Sorting"
EASY,Divisible and Non-divisible Sums Difference,19.5,0.9100,https://leetcode.com/problems/divisible-and-non-divisible-sums-difference,Math
HARD,IPO,19.5,0.5386,https://leetcode.com/problems/ipo,"Array, Greedy, Sorting, Heap (Priority Queue)"
EASY,Smallest Divisible Digit Product I,19.5,0.7276,https://leetcode.com/problems/smallest-divisible-digit-product-i,"Math, Enumeration"
MEDIUM,Combination Sum III,18.0,0.7379,https://leetcode.com/problems/combination-sum-iii,"Array, Backtracking"
EASY,Excel Sheet Column Number,18.0,0.6849,https://leetcode.com/problems/excel-sheet-column-number,"Math, String"
MEDIUM,Minimum Number of Arrows to Burst Balloons,18.0,0.6194,https://leetcode.com/problems/minimum-number-of-arrows-to-burst-balloons,"Array, Greedy, Sorting"
MEDIUM,Single Number III,18.0,0.7011,https://leetcode.com/problems/single-number-iii,"Array, Bit Manipulation"
HARD,Serialize and Deserialize N-ary Tree,18.0,0.6900,https://leetcode.com/problems/serialize-and-deserialize-n-ary-tree,"String, Tree, Depth-First Search, Breadth-First Search"
MEDIUM,Stone Game II,18.0,0.7569,https://leetcode.com/problems/stone-game-ii,"Array, Math, Dynamic Programming, Minimax, Prefix Sum, Game Theory, Zero-Sum Game"
HARD,Cherry Pickup,18.0,0.4055,https://leetcode.com/problems/cherry-pickup,"Array, Dynamic Programming, Matrix"
MEDIUM,Construct Quad Tree,18.0,0.7871,https://leetcode.com/problems/construct-quad-tree,"Array, Divide and Conquer, Tree, Matrix"
HARD,Valid Number,18.0,0.2368,https://leetcode.com/problems/valid-number,String
MEDIUM,Minimum Genetic Mutation,18.0,0.5721,https://leetcode.com/problems/minimum-genetic-mutation,"Hash Table, String, Breadth-First Search, Bidirectional Search"
EASY,Design HashSet,18.0,0.6840,https://leetcode.com/problems/design-hashset,"Array, Hash Table, Linked List, Design, Hash Function"
EASY,Subtract the Product and Sum of Digits of an Integer,18.0,0.8664,https://leetcode.com/problems/subtract-the-product-and-sum-of-digits-of-an-integer,Math
HARD,Number of Ways to Form a Target String Given a Dictionary,18.0,0.5625,https://leetcode.com/problems/number-of-ways-to-form-a-target-string-given-a-dictionary,"Array, String, Dynamic Programming"
EASY,Count Binary Substrings,18.0,0.7060,https://leetcode.com/problems/count-binary-substrings,"Two Pointers, String"
MEDIUM,Strictly Palindromic Number,18.0,0.9040,https://leetcode.com/problems/strictly-palindromic-number,"Math, Two Pointers, Brainteaser"
EASY,Fair Candy Swap,18.0,0.6572,https://leetcode.com/problems/fair-candy-swap,"Array, Hash Table, Binary Search, Sorting"
EASY,Defuse the Bomb,18.0,0.7952,https://leetcode.com/problems/defuse-the-bomb,"Array, Sliding Window"
HARD,Recover a Tree From Preorder Traversal,18.0,0.8323,https://leetcode.com/problems/recover-a-tree-from-preorder-traversal,"String, Tree, Depth-First Search, Binary Tree"
HARD,Maximum Number of Events That Can Be Attended II,18.0,0.6337,https://leetcode.com/problems/maximum-number-of-events-that-can-be-attended-ii,"Array, Binary Search, Dynamic Programming, Sorting"
MEDIUM,Find Unique Binary String,18.0,0.8124,https://leetcode.com/problems/find-unique-binary-string,"Array, Hash Table, String, Backtracking"
MEDIUM,Maximum Twin Sum of a Linked List,18.0,0.8325,https://leetcode.com/problems/maximum-twin-sum-of-a-linked-list,"Linked List, Two Pointers, Stack"
MEDIUM,Rectangle Area,18.0,0.5043,https://leetcode.com/problems/rectangle-area,"Math, Geometry"
EASY,Counter II,18.0,0.8125,https://leetcode.com/problems/counter-ii,
EASY,Find Common Characters,18.0,0.7486,https://leetcode.com/problems/find-common-characters,"Array, Hash Table, String"
MEDIUM,Check If Array Pairs Are Divisible by k,18.0,0.4621,https://leetcode.com/problems/check-if-array-pairs-are-divisible-by-k,"Array, Hash Table, Counting"
EASY,Check if the Sentence Is Pangram,18.0,0.8435,https://leetcode.com/problems/check-if-the-sentence-is-pangram,"Hash Table, String"
EASY,Count Hills and Valleys in an Array,18.0,0.6912,https://leetcode.com/problems/count-hills-and-valleys-in-an-array,Array
MEDIUM,Bitwise ORs of Subarrays,18.0,0.5702,https://leetcode.com/problems/bitwise-ors-of-subarrays,"Array, Dynamic Programming, Bit Manipulation"
MEDIUM,Minimum Operations to Make Binary Array Elements Equal to One I,18.0,0.8027,https://leetcode.com/problems/minimum-operations-to-make-binary-array-elements-equal-to-one-i,"Array, Bit Manipulation, Queue, Sliding Window, Prefix Sum"
HARD,Special Binary String,18.0,0.7939,https://leetcode.com/problems/special-binary-string,"String, Divide and Conquer, Sorting"
MEDIUM,Minimum Number of Flips to Make Binary Grid Palindromic II,18.0,0.2567,https://leetcode.com/problems/minimum-number-of-flips-to-make-binary-grid-palindromic-ii,"Array, Two Pointers, Matrix"
MEDIUM,Maximum Value of an Ordered Triplet II,18.0,0.5623,https://leetcode.com/problems/maximum-value-of-an-ordered-triplet-ii,"Array, Prefix Sum"
EASY,Count Odd Numbers in an Interval Range,18.0,0.5482,https://leetcode.com/problems/count-odd-numbers-in-an-interval-range,Math
HARD,Find the Original Typed String II,18.0,0.4519,https://leetcode.com/problems/find-the-original-typed-string-ii,"String, Dynamic Programming, Prefix Sum"
MEDIUM,Range Product Queries of Powers,18.0,0.6120,https://leetcode.com/problems/range-product-queries-of-powers,"Array, Bit Manipulation, Prefix Sum"
MEDIUM,Number of People Aware of a Secret,18.0,0.6063,https://leetcode.com/problems/number-of-people-aware-of-a-secret,"Dynamic Programming, Queue, Simulation"
HARD,Maximize Alternating Sum Using Swaps,18.0,0.6268,https://leetcode.com/problems/maximize-alternating-sum-using-swaps,"Array, Greedy, Union-Find, Sorting"
MEDIUM,Split Array With Minimum Difference,18.0,0.3333,https://leetcode.com/problems/split-array-with-minimum-difference,"Array, Prefix Sum"
MEDIUM,Maximum Product of Splitted Binary Tree,18.0,0.5578,https://leetcode.com/problems/maximum-product-of-splitted-binary-tree,"Tree, Depth-First Search, Binary Tree"
EASY,Trionic Array I,18.0,0.4941,https://leetcode.com/problems/trionic-array-i,Array
MEDIUM,Minimum Bitwise OR From Grid,18.0,0.2728,https://leetcode.com/problems/minimum-bitwise-or-from-grid,"Array, Greedy, Bit Manipulation, Matrix"
MEDIUM,2 Keys Keyboard,18.0,0.5951,https://leetcode.com/problems/2-keys-keyboard,"Math, Dynamic Programming"
MEDIUM,Last Person to Fit in the Bus,18.0,0.7007,https://leetcode.com/problems/last-person-to-fit-in-the-bus,Database
EASY,Matrix Diagonal Sum,18.0,0.8466,https://leetcode.com/problems/matrix-diagonal-sum,"Array, Matrix"
EASY,Replace Elements with Greatest Element on Right Side,18.0,0.7268,https://leetcode.com/problems/replace-elements-with-greatest-element-on-right-side,Array
MEDIUM,Best Time to Buy and Sell Stock V,18.0,0.6013,https://leetcode.com/problems/best-time-to-buy-and-sell-stock-v,"Array, Dynamic Programming"
MEDIUM,Magnetic Force Between Two Balls,18.0,0.7270,https://leetcode.com/problems/magnetic-force-between-two-balls,"Array, Binary Search, Sorting"
MEDIUM,Maximum Length of Repeated Subarray,18.0,0.5159,https://leetcode.com/problems/maximum-length-of-repeated-subarray,"Array, Binary Search, Dynamic Programming, Sliding Window, Rolling Hash, Hash Function"
EASY,Maximum Nesting Depth of the Parentheses,18.0,0.8511,https://leetcode.com/problems/maximum-nesting-depth-of-the-parentheses,"String, Stack, Bracket Sequences"
MEDIUM,Minimum Limit of Balls in a Bag,18.0,0.6587,https://leetcode.com/problems/minimum-limit-of-balls-in-a-bag,"Array, Binary Search"
EASY,Find Words Containing Character,18.0,0.9022,https://leetcode.com/problems/find-words-containing-character,"Array, String"
EASY,Minimum Number of Pushes to Type Word I,18.0,0.7744,https://leetcode.com/problems/minimum-number-of-pushes-to-type-word-i,"Math, String, Greedy"
MEDIUM,Employee Importance,16.4,0.6983,https://leetcode.com/problems/employee-importance,"Array, Hash Table, Tree, Depth-First Search, Breadth-First Search"
EASY,Relative Sort Array,16.4,0.7547,https://leetcode.com/problems/relative-sort-array,"Array, Hash Table, Sorting, Counting Sort, Quicksort, Bubble Sort"
MEDIUM,Meeting Scheduler,16.4,0.5520,https://leetcode.com/problems/meeting-scheduler,"Array, Two Pointers, Sorting"
MEDIUM,Lowest Common Ancestor of a Binary Tree III,16.4,0.8303,https://leetcode.com/problems/lowest-common-ancestor-of-a-binary-tree-iii,"Hash Table, Two Pointers, Tree, Binary Tree, Binary Lifting, Lowest Common Ancestor"
MEDIUM,Delete and Earn,16.4,0.5758,https://leetcode.com/problems/delete-and-earn,"Array, Hash Table, Dynamic Programming"
EASY,Convert a Number to Hexadecimal,16.4,0.5501,https://leetcode.com/problems/convert-a-number-to-hexadecimal,"Math, String, Bit Manipulation"
HARD,Number of Submatrices That Sum to Target,16.4,0.7472,https://leetcode.com/problems/number-of-submatrices-that-sum-to-target,"Array, Hash Table, Matrix, Prefix Sum"
HARD,Minimum Number of Taps to Open to Water a Garden,16.4,0.5109,https://leetcode.com/problems/minimum-number-of-taps-to-open-to-water-a-garden,"Array, Dynamic Programming, Greedy"
MEDIUM,Number of Dice Rolls With Target Sum,16.4,0.6268,https://leetcode.com/problems/number-of-dice-rolls-with-target-sum,Dynamic Programming
HARD,Find the Shortest Superstring,16.4,0.4588,https://leetcode.com/problems/find-the-shortest-superstring,"Array, String, Dynamic Programming, Bit Manipulation, Bitmask, Hamiltonian Path"
HARD,Insert Delete GetRandom O(1) - Duplicates allowed,16.4,0.3705,https://leetcode.com/problems/insert-delete-getrandom-o1-duplicates-allowed,"Array, Hash Table, Math, Design, Randomized"
MEDIUM,Compare Version Numbers,16.4,0.4705,https://leetcode.com/problems/compare-version-numbers,"Two Pointers, String"
HARD,Remove Invalid Parentheses,16.4,0.5018,https://leetcode.com/problems/remove-invalid-parentheses,"String, Backtracking, Breadth-First Search"
EASY,Reverse Words in a String III,16.4,0.8418,https://leetcode.com/problems/reverse-words-in-a-string-iii,"Two Pointers, String"
HARD,Minimum Number of K Consecutive Bit Flips,16.4,0.6246,https://leetcode.com/problems/minimum-number-of-k-consecutive-bit-flips,"Array, Bit Manipulation, Queue, Sliding Window, Prefix Sum, Brute-Force Search"
MEDIUM,Smallest String With Swaps,16.4,0.6108,https://leetcode.com/problems/smallest-string-with-swaps,"Array, Hash Table, String, Depth-First Search, Breadth-First Search, Union-Find, Sorting"
MEDIUM,K-diff Pairs in an Array,16.4,0.4639,https://leetcode.com/problems/k-diff-pairs-in-an-array,"Array, Hash Table, Two Pointers, Binary Search, Sorting"
MEDIUM,Bitwise AND of Numbers Range,16.4,0.4924,https://leetcode.com/problems/bitwise-and-of-numbers-range,Bit Manipulation
EASY,Keyboard Row,16.4,0.7442,https://leetcode.com/problems/keyboard-row,"Array, Hash Table, String"
HARD,Maximum Sum BST in Binary Tree,16.4,0.4903,https://leetcode.com/problems/maximum-sum-bst-in-binary-tree,"Dynamic Programming, Tree, Depth-First Search, Binary Search Tree, Binary Tree, DP on Trees"
EASY,Find Followers Count,16.4,0.6959,https://leetcode.com/problems/find-followers-count,Database
MEDIUM,Minimum Number of Swaps to Make the String Balanced,16.4,0.7806,https://leetcode.com/problems/minimum-number-of-swaps-to-make-the-string-balanced,"Two Pointers, String, Stack, Greedy, Bracket Sequences"
EASY,N-Repeated Element in Size 2N Array,16.4,0.8003,https://leetcode.com/problems/n-repeated-element-in-size-2n-array,"Array, Hash Table, Pigeonhole Principle"
EASY,Count Square Sum Triples,16.4,0.7718,https://leetcode.com/problems/count-square-sum-triples,"Math, Enumeration"
HARD,Maximum Running Time of N Computers,16.4,0.5633,https://leetcode.com/problems/maximum-running-time-of-n-computers,"Array, Binary Search, Greedy, Sorting"
MEDIUM,Ugly Number II,16.4,0.4983,https://leetcode.com/problems/ugly-number-ii,"Hash Table, Math, Dynamic Programming, Heap (Priority Queue)"
EASY,Largest 3-Same-Digit Number in String,16.4,0.7267,https://leetcode.com/problems/largest-3-same-digit-number-in-string,String
EASY,Number of Common Factors,16.4,0.8055,https://leetcode.com/problems/number-of-common-factors,"Math, Enumeration, Number Theory, Euclidean Algorithm, Greatest Common Divisor"
MEDIUM,Product Sales Analysis III,16.4,0.4667,https://leetcode.com/problems/product-sales-analysis-iii,Database
MEDIUM,Minimum Moves to Equal Array Elements,16.4,0.5916,https://leetcode.com/problems/minimum-moves-to-equal-array-elements,"Array, Math"
MEDIUM,Additive Number,16.4,0.3453,https://leetcode.com/problems/additive-number,"String, Backtracking"
MEDIUM,Split Linked List in Parts,16.4,0.7075,https://leetcode.com/problems/split-linked-list-in-parts,Linked List
MEDIUM,Make Sum Divisible by P,16.4,0.4260,https://leetcode.com/problems/make-sum-divisible-by-p,"Array, Hash Table, Prefix Sum"
HARD,Remove Boxes,16.4,0.4983,https://leetcode.com/problems/remove-boxes,"Array, Dynamic Programming, Memoization"
MEDIUM,Longest Happy String,16.4,0.6557,https://leetcode.com/problems/longest-happy-string,"String, Greedy, Heap (Priority Queue)"
MEDIUM,Find Minimum Time to Reach Last Room I,16.4,0.5531,https://leetcode.com/problems/find-minimum-time-to-reach-last-room-i,"Array, Graph Theory, Heap (Priority Queue), Matrix, Shortest Path"
MEDIUM,Maximum Gap,16.4,0.5319,https://leetcode.com/problems/maximum-gap,"Array, Sorting, Bucket Sort, Radix Sort, Pigeonhole Principle"
MEDIUM,Rotating the Box,16.4,0.8248,https://leetcode.com/problems/rotating-the-box,"Array, Two Pointers, Matrix"
MEDIUM,Count the Number of Good Subarrays,16.4,0.6575,https://leetcode.com/problems/count-the-number-of-good-subarrays,"Array, Hash Table, Sliding Window"
MEDIUM,Shortest Subarray to be Removed to Make Array Sorted,16.4,0.5135,https://leetcode.com/problems/shortest-subarray-to-be-removed-to-make-array-sorted,"Array, Two Pointers, Binary Search, Stack, Monotonic Stack"
MEDIUM,Movie Rating,16.4,0.4458,https://leetcode.com/problems/movie-rating,Database
MEDIUM,Nested List Weight Sum,16.4,0.8600,https://leetcode.com/problems/nested-list-weight-sum,"Depth-First Search, Breadth-First Search"
HARD,Minimum Cost Walk in Weighted Graph,16.4,0.6800,https://leetcode.com/problems/minimum-cost-walk-in-weighted-graph,"Array, Bit Manipulation, Union-Find, Graph Theory"
MEDIUM,Ways to Express an Integer as Sum of Powers,16.4,0.4980,https://leetcode.com/problems/ways-to-express-an-integer-as-sum-of-powers,Dynamic Programming
MEDIUM,Minimum Increments to Equalize Leaf Paths,16.4,0.4107,https://leetcode.com/problems/minimum-increments-to-equalize-leaf-paths,"Array, Dynamic Programming, Tree, Depth-First Search"
EASY,Game Play Analysis I,16.4,0.7674,https://leetcode.com/problems/game-play-analysis-i,Database
HARD,Maximize Subarrays After Removing One Conflicting Pair,16.4,0.6408,https://leetcode.com/problems/maximize-subarrays-after-removing-one-conflicting-pair,"Array, Segment Tree, Enumeration, Prefix Sum"
MEDIUM,Smallest Subarrays With Maximum Bitwise OR,16.4,0.6192,https://leetcode.com/problems/smallest-subarrays-with-maximum-bitwise-or,"Array, Binary Search, Bit Manipulation, Sliding Window"
HARD,Rearranging Fruits,16.4,0.5725,https://leetcode.com/problems/rearranging-fruits,"Array, Hash Table, Greedy, Sort"
HARD,Threshold Majority Queries,16.4,0.2227,https://leetcode.com/problems/threshold-majority-queries,"Array, Hash Table, Binary Search, Divide and Conquer, Counting, Prefix Sum"
EASY,Binary Number with Alternating Bits,16.4,0.7007,https://leetcode.com/problems/binary-number-with-alternating-bits,Bit Manipulation
EASY,Convert Integer to the Sum of Two No-Zero Integers,16.4,0.5912,https://leetcode.com/problems/convert-integer-to-the-sum-of-two-no-zero-integers,Math
MEDIUM,Minimum Sensors to Cover Grid,16.4,0.6755,https://leetcode.com/problems/minimum-sensors-to-cover-grid,Math
MEDIUM,Twisted Mirror Path Count,16.4,0.4768,https://leetcode.com/problems/twisted-mirror-path-count,"Array, Dynamic Programming, Matrix"
MEDIUM,Next Greater Numerically Balanced Number,16.4,0.6308,https://leetcode.com/problems/next-greater-numerically-balanced-number,"Hash Table, Math, Backtracking, Counting, Enumeration"
MEDIUM,Minimum Number of Operations to Make All Array Elements Equal to 1,16.4,0.5441,https://leetcode.com/problems/minimum-number-of-operations-to-make-all-array-elements-equal-to-1,"Array, Math, Number Theory, Euclidean Algorithm, Greatest Common Divisor"
MEDIUM,Largest Prime from Consecutive Prime Sum,16.4,0.3952,https://leetcode.com/problems/largest-prime-from-consecutive-prime-sum,"Array, Math, Number Theory"
MEDIUM,Power Update After K-th Largest Insertion I,16.4,0.6633,https://leetcode.com/problems/power-update-after-k-th-largest-insertion-i,"Array, Hash Table, Math, Segment Tree, Sorting, Heap (Priority Queue)"
MEDIUM,Earliest Finish Time for Land and Water Rides II,16.4,0.6416,https://leetcode.com/problems/earliest-finish-time-for-land-and-water-rides-ii,"Array, Two Pointers, Binary Search, Greedy, Sorting"
EASY,Number of Unique Subjects Taught by Each Teacher,16.4,0.8936,https://leetcode.com/problems/number-of-unique-subjects-taught-by-each-teacher,Database
EASY,Largest Perimeter Triangle,16.4,0.6255,https://leetcode.com/problems/largest-perimeter-triangle,"Array, Math, Greedy, Sorting, Quicksort, Polygons"
MEDIUM,Angle Between Hands of a Clock,16.4,0.6992,https://leetcode.com/problems/angle-between-hands-of-a-clock,Math
MEDIUM,Concatenate Non-Zero Digits and Multiply by Sum II,16.4,0.4267,https://leetcode.com/problems/concatenate-non-zero-digits-and-multiply-by-sum-ii,"Math, String, Prefix Sum"
MEDIUM,Sequential Digits,16.4,0.6863,https://leetcode.com/problems/sequential-digits,Enumeration
HARD,Sorted GCD Pair Queries,16.4,0.5828,https://leetcode.com/problems/sorted-gcd-pair-queries,"Array, Hash Table, Math, Binary Search, Combinatorics, Counting, Number Theory, Prefix Sum, Euclidean Algorithm, Greatest Common Divisor"
EASY,GCD of Odd and Even Sums,16.4,0.8958,https://leetcode.com/problems/gcd-of-odd-and-even-sums,"Math, Number Theory"
MEDIUM,Remove Covered Intervals,16.4,0.6023,https://leetcode.com/problems/remove-covered-intervals,"Array, Sorting"
MEDIUM,Filter Occupied Intervals,16.4,0.4583,https://leetcode.com/problems/filter-occupied-intervals,"Array, Sorting"
MEDIUM,Battleships in a Board,14.6,0.7782,https://leetcode.com/problems/battleships-in-a-board,"Array, Depth-First Search, Matrix"
EASY,Base 7,14.6,0.5541,https://leetcode.com/problems/base-7,"Math, String"
MEDIUM,Populating Next Right Pointers in Each Node II,14.6,0.5827,https://leetcode.com/problems/populating-next-right-pointers-in-each-node-ii,"Linked List, Tree, Depth-First Search, Breadth-First Search, Binary Tree"
MEDIUM,Minimize Maximum Pair Sum in Array,14.6,0.8326,https://leetcode.com/problems/minimize-maximum-pair-sum-in-array,"Array, Two Pointers, Greedy, Sorting"
MEDIUM,Rotate Function,14.6,0.5406,https://leetcode.com/problems/rotate-function,"Array, Math, Dynamic Programming"
EASY,Sort Array by Increasing Frequency,14.6,0.8108,https://leetcode.com/problems/sort-array-by-increasing-frequency,"Array, Hash Table, Sorting"
EASY,Sorting the Sentence,14.6,0.8423,https://leetcode.com/problems/sorting-the-sentence,"String, Sorting, Bubble Sort"
EASY,Maximum Population Year,14.6,0.6473,https://leetcode.com/problems/maximum-population-year,"Array, Counting, Prefix Sum"
EASY,Hamming Distance,14.6,0.7711,https://leetcode.com/problems/hamming-distance,Bit Manipulation
MEDIUM,Shuffle an Array,14.6,0.6004,https://leetcode.com/problems/shuffle-an-array,"Array, Math, Design, Randomized"
HARD,Department Top Three Salaries,14.6,0.6191,https://leetcode.com/problems/department-top-three-salaries,Database
EASY,Sum of Left Leaves,14.6,0.6316,https://leetcode.com/problems/sum-of-left-leaves,"Tree, Depth-First Search, Breadth-First Search, Binary Tree"
EASY,Shortest Distance to a Character,14.6,0.7303,https://leetcode.com/problems/shortest-distance-to-a-character,"Array, Two Pointers, String"
MEDIUM,Lowest Common Ancestor of Deepest Leaves,14.6,0.7956,https://leetcode.com/problems/lowest-common-ancestor-of-deepest-leaves,"Hash Table, Tree, Depth-First Search, Breadth-First Search, Binary Tree, Binary Lifting, Lowest Common Ancestor, DP on Trees"
MEDIUM,Implement Rand10() Using Rand7(),14.6,0.4675,https://leetcode.com/problems/implement-rand10-using-rand7,"Math, Rejection Sampling, Randomized, Probability and Statistics"
HARD,Paint House III,14.6,0.6134,https://leetcode.com/problems/paint-house-iii,"Array, Dynamic Programming"
MEDIUM,Satisfiability of Equality Equations,14.6,0.5223,https://leetcode.com/problems/satisfiability-of-equality-equations,"Array, String, Union-Find, Graph Theory"
MEDIUM,Minimum Time to Complete Trips,14.6,0.4003,https://leetcode.com/problems/minimum-time-to-complete-trips,"Array, Binary Search"
MEDIUM,Number of Ways to Split Array,14.6,0.5575,https://leetcode.com/problems/number-of-ways-to-split-array,"Array, Prefix Sum"
EASY,Complement of Base 10 Integer,14.6,0.6340,https://leetcode.com/problems/complement-of-base-10-integer,Bit Manipulation
MEDIUM,Maximum Subsequence Score,14.6,0.5504,https://leetcode.com/problems/maximum-subsequence-score,"Array, Greedy, Sorting, Heap (Priority Queue)"
EASY,Primary Department for Each Employee,14.6,0.7556,https://leetcode.com/problems/primary-department-for-each-employee,Database
MEDIUM,Design Circular Deque,14.6,0.6507,https://leetcode.com/problems/design-circular-deque,"Array, Linked List, Design, Queue"
MEDIUM,XOR Queries of a Subarray,14.6,0.7796,https://leetcode.com/problems/xor-queries-of-a-subarray,"Array, Bit Manipulation, Prefix Sum"
HARD,Minimum Time to Visit a Cell In a Grid,14.6,0.5610,https://leetcode.com/problems/minimum-time-to-visit-a-cell-in-a-grid,"Array, Breadth-First Search, Graph Theory, Heap (Priority Queue), Matrix, Shortest Path"
EASY,String Matching in an Array,14.6,0.6986,https://leetcode.com/problems/string-matching-in-an-array,"Array, String, String Matching"
EASY,Minimum Time Visiting All Points,14.6,0.8486,https://leetcode.com/problems/minimum-time-visiting-all-points,"Array, Math, Geometry"
EASY,Maximum Difference Between Increasing Elements,14.6,0.6668,https://leetcode.com/problems/maximum-difference-between-increasing-elements,Array
MEDIUM,Extra Characters in a String,14.6,0.5722,https://leetcode.com/problems/extra-characters-in-a-string,"Array, Hash Table, String, Dynamic Programming, Trie"
MEDIUM,Arithmetic Slices,14.6,0.6492,https://leetcode.com/problems/arithmetic-slices,"Array, Dynamic Programming, Sliding Window"
MEDIUM,Dota2 Senate,14.6,0.5057,https://leetcode.com/problems/dota2-senate,"String, Greedy, Queue"
MEDIUM,Remove Nodes From Linked List,14.6,0.7525,https://leetcode.com/problems/remove-nodes-from-linked-list,"Linked List, Stack, Recursion, Monotonic Stack"
MEDIUM,Find Kth Bit in Nth Binary String,14.6,0.7372,https://leetcode.com/problems/find-kth-bit-in-nth-binary-string,"String, Recursion, Simulation"
MEDIUM,Count Number of Maximum Bitwise-OR Subsets,14.6,0.8946,https://leetcode.com/problems/count-number-of-maximum-bitwise-or-subsets,"Array, Backtracking, Bit Manipulation, Enumeration"
EASY,Delete Characters to Make Fancy String,14.6,0.7400,https://leetcode.com/problems/delete-characters-to-make-fancy-string,String
EASY,Minimum Value to Get Positive Step by Step Sum,14.6,0.6493,https://leetcode.com/problems/minimum-value-to-get-positive-step-by-step-sum,"Array, Prefix Sum"
EASY,Take Gifts From the Richest Pile,14.6,0.7544,https://leetcode.com/problems/take-gifts-from-the-richest-pile,"Array, Heap (Priority Queue), Simulation"
MEDIUM,Maximum Average Pass Ratio,14.6,0.7409,https://leetcode.com/problems/maximum-average-pass-ratio,"Array, Greedy, Heap (Priority Queue)"
MEDIUM,Detect Cycles in 2D Grid,14.6,0.6366,https://leetcode.com/problems/detect-cycles-in-2d-grid,"Array, Depth-First Search, Breadth-First Search, Union-Find, Matrix"
MEDIUM,Minimize the Maximum Edge Weight of Graph,14.6,0.4502,https://leetcode.com/problems/minimize-the-maximum-edge-weight-of-graph,"Binary Search, Depth-First Search, Breadth-First Search, Graph Theory, Shortest Path"
MEDIUM,Construct the Lexicographically Largest Valid Sequence,14.6,0.7265,https://leetcode.com/problems/construct-the-lexicographically-largest-valid-sequence,"Array, Backtracking"
EASY,Apply Operations to an Array,14.6,0.7474,https://leetcode.com/problems/apply-operations-to-an-array,"Array, Two Pointers, Simulation"
HARD,Find the Minimum Cost Array Permutation,14.6,0.2588,https://leetcode.com/problems/find-the-minimum-cost-array-permutation,"Array, Dynamic Programming, Bit Manipulation, Bitmask"
MEDIUM,Count the Number of Square-Free Subsets,14.6,0.2706,https://leetcode.com/problems/count-the-number-of-square-free-subsets,"Array, Math, Dynamic Programming, Bit Manipulation, Number Theory, Bitmask"
MEDIUM,Walking Robot Simulation II,14.6,0.4309,https://leetcode.com/problems/walking-robot-simulation-ii,"Design, Simulation"
HARD,Count the Number of Powerful Integers,14.6,0.4602,https://leetcode.com/problems/count-the-number-of-powerful-integers,"Math, String, Dynamic Programming"
EASY,Count Equal and Divisible Pairs in an Array,14.6,0.8377,https://leetcode.com/problems/count-equal-and-divisible-pairs-in-an-array,Array
EASY,Count Largest Group,14.6,0.7466,https://leetcode.com/problems/count-largest-group,"Hash Table, Math, Counting"
EASY,Smallest Number With All Set Bits,14.6,0.8014,https://leetcode.com/problems/smallest-number-with-all-set-bits,"Math, Bit Manipulation"
HARD,Count Number of Balanced Permutations,14.6,0.4871,https://leetcode.com/problems/count-number-of-balanced-permutations,"Math, String, Dynamic Programming, Combinatorics"
MEDIUM,Minimum Equal Sum of Two Arrays After Replacing Zeros,14.6,0.5008,https://leetcode.com/problems/minimum-equal-sum-of-two-arrays-after-replacing-zeros,"Array, Greedy"
MEDIUM,Maximum Subarray Sum With Length Divisible by K,14.6,0.4956,https://leetcode.com/problems/maximum-subarray-sum-with-length-divisible-by-k,"Array, Hash Table, Prefix Sum"
MEDIUM,Distribute Candies Among Children II,14.6,0.5537,https://leetcode.com/problems/distribute-candies-among-children-ii,"Math, Combinatorics, Enumeration"
MEDIUM,Find the Lexicographically Largest String From the Box I,14.6,0.4072,https://leetcode.com/problems/find-the-lexicographically-largest-string-from-the-box-i,"Two Pointers, String, Enumeration"
HARD,Sum of k-Mirror Numbers,14.6,0.6355,https://leetcode.com/problems/sum-of-k-mirror-numbers,"Math, Enumeration"
HARD,Trips and Users,14.6,0.3926,https://leetcode.com/problems/trips-and-users,Database
MEDIUM,Find the Minimum Area to Cover All Ones I,14.6,0.7801,https://leetcode.com/problems/find-the-minimum-area-to-cover-all-ones-i,"Array, Matrix"
EASY,Binary Gap,14.6,0.7443,https://leetcode.com/problems/binary-gap,Bit Manipulation
EASY,Minimum Operations to Make Array Sum Divisible by K,14.6,0.9194,https://leetcode.com/problems/minimum-operations-to-make-array-sum-divisible-by-k,"Array, Math"
MEDIUM,Find All Possible Stable Binary Arrays I,14.6,0.5342,https://leetcode.com/problems/find-all-possible-stable-binary-arrays-i,"Dynamic Programming, Prefix Sum"
MEDIUM,Maximum Path Score in a Grid,14.6,0.5351,https://leetcode.com/problems/maximum-path-score-in-a-grid,"Array, Dynamic Programming, Matrix"
HARD,Number of ZigZag Arrays I,14.6,0.5004,https://leetcode.com/problems/number-of-zigzag-arrays-i,"Dynamic Programming, Prefix Sum"
MEDIUM,Design Browser History,14.6,0.7854,https://leetcode.com/problems/design-browser-history,"Array, Linked List, Stack, Design, Doubly-Linked List, Data Stream"
EASY,Find Greatest Common Divisor of Array,14.6,0.8347,https://leetcode.com/problems/find-greatest-common-divisor-of-array,"Array, Math, Number Theory, Euclidean Algorithm, Greatest Common Divisor"
MEDIUM,Reach a Number,14.6,0.4571,https://leetcode.com/problems/reach-a-number,"Math, Binary Search"
EASY,Day of the Year,14.6,0.5067,https://leetcode.com/problems/day-of-the-year,"Math, String"
EASY,Degree of an Array,14.6,0.5870,https://leetcode.com/problems/degree-of-an-array,"Array, Hash Table"
EASY,Minimum Recolors to Get K Consecutive Black Blocks,14.6,0.6903,https://leetcode.com/problems/minimum-recolors-to-get-k-consecutive-black-blocks,"String, Sliding Window"
EASY,Maximum Units on a Truck,14.6,0.7530,https://leetcode.com/problems/maximum-units-on-a-truck,"Array, Greedy, Sorting"
HARD,Get the Maximum Score,14.6,0.4156,https://leetcode.com/problems/get-the-maximum-score,"Array, Two Pointers, Dynamic Programming, Greedy"
EASY,Check If All 1's Are at Least Length K Places Away,14.6,0.6432,https://leetcode.com/problems/check-if-all-1s-are-at-least-length-k-places-away,Array
HARD,Block Placement Queries,14.6,0.4099,https://leetcode.com/problems/block-placement-queries,"Array, Binary Search, Binary Indexed Tree, Segment Tree, Ordered Set"
EASY,Count the Number of Consistent Strings,14.6,0.8856,https://leetcode.com/problems/count-the-number-of-consistent-strings,"Array, Hash Table, String, Bit Manipulation, Counting"
EASY,Smallest Even Multiple,14.6,0.8860,https://leetcode.com/problems/smallest-even-multiple,"Math, Number Theory"
MEDIUM,Super Pow,14.6,0.3758,https://leetcode.com/problems/super-pow,"Math, Divide and Conquer, Euler's Totient Function, Euler's Theorem"
MEDIUM,Minimum Score of a Path Between Two Cities,14.6,0.6626,https://leetcode.com/problems/minimum-score-of-a-path-between-two-cities,"Depth-First Search, Breadth-First Search, Union-Find, Graph Theory"
MEDIUM,Fruits Into Baskets III,14.6,0.3940,https://leetcode.com/problems/fruits-into-baskets-iii,"Array, Binary Search, Segment Tree, Ordered Set"
MEDIUM,Maximum Number of Vowels in a Substring of Given Length,14.6,0.6300,https://leetcode.com/problems/maximum-number-of-vowels-in-a-substring-of-given-length,"String, Sliding Window"
MEDIUM,Find a Safe Walk Through a Grid,14.6,0.5540,https://leetcode.com/problems/find-a-safe-walk-through-a-grid,"Array, Breadth-First Search, Graph Theory, Heap (Priority Queue), Matrix, Shortest Path"
EASY,Maximum Product of Two Digits,14.6,0.7537,https://leetcode.com/problems/maximum-product-of-two-digits,"Math, Sorting"
HARD,Path Existence Queries in a Graph II,14.6,0.6371,https://leetcode.com/problems/path-existence-queries-in-a-graph-ii,"Array, Two Pointers, Binary Search, Dynamic Programming, Greedy, Bit Manipulation, Graph Theory, Sorting"
MEDIUM,Smallest Palindromic Rearrangement I,14.6,0.7432,https://leetcode.com/problems/smallest-palindromic-rearrangement-i,"String, Sorting, Counting Sort"
MEDIUM,Find the Lexicographically Smallest Valid Sequence,14.6,0.5738,https://leetcode.com/problems/find-the-lexicographically-smallest-valid-sequence,"Two Pointers, String, Dynamic Programming, Greedy"
MEDIUM,Valid Square,12.6,0.4557,https://leetcode.com/problems/valid-square,"Math, Geometry"
HARD,Contains Duplicate III,12.6,0.2526,https://leetcode.com/problems/contains-duplicate-iii,"Array, Sliding Window, Sorting, Bucket Sort, Ordered Set"
EASY,Long Pressed Name,12.6,0.3318,https://leetcode.com/problems/long-pressed-name,"Two Pointers, String"
HARD,Design Excel Sum Formula,12.6,0.3941,https://leetcode.com/problems/design-excel-sum-formula,"Array, Hash Table, String, Graph Theory, Design, Topological Sort, Matrix"
HARD,Design In-Memory File System,12.6,0.4835,https://leetcode.com/problems/design-in-memory-file-system,"Hash Table, String, Design, Trie, Sorting"
MEDIUM,Number of Sub-arrays With Odd Sum,12.6,0.5558,https://leetcode.com/problems/number-of-sub-arrays-with-odd-sum,"Array, Math, Dynamic Programming, Prefix Sum"
MEDIUM,Open the Lock,12.6,0.6158,https://leetcode.com/problems/open-the-lock,"Array, Hash Table, String, Breadth-First Search, Bidirectional Search"
HARD,Minimum Insertion Steps to Make a String Palindrome,12.6,0.7449,https://leetcode.com/problems/minimum-insertion-steps-to-make-a-string-palindrome,"String, Dynamic Programming"
MEDIUM,Validate Stack Sequences,12.6,0.7084,https://leetcode.com/problems/validate-stack-sequences,"Array, Stack, Simulation"
MEDIUM,Find and Replace Pattern,12.6,0.7716,https://leetcode.com/problems/find-and-replace-pattern,"Array, Hash Table, String"
MEDIUM,Remove All Adjacent Duplicates in String II,12.6,0.6194,https://leetcode.com/problems/remove-all-adjacent-duplicates-in-string-ii,"String, Stack"
MEDIUM,Reorder Routes to Make All Paths Lead to the City Zero,12.6,0.6618,https://leetcode.com/problems/reorder-routes-to-make-all-paths-lead-to-the-city-zero,"Depth-First Search, Breadth-First Search, Graph Theory"
EASY,To Lower Case,12.6,0.8520,https://leetcode.com/problems/to-lower-case,String
EASY,Customer Placing the Largest Number of Orders,12.6,0.6481,https://leetcode.com/problems/customer-placing-the-largest-number-of-orders,Database
MEDIUM,Longest Palindrome by Concatenating Two Letter Words,12.6,0.5343,https://leetcode.com/problems/longest-palindrome-by-concatenating-two-letter-words,"Array, Hash Table, String, Greedy, Counting"
HARD,Count Subarrays With Fixed Bounds,12.6,0.6917,https://leetcode.com/problems/count-subarrays-with-fixed-bounds,"Array, Queue, Sliding Window, Monotonic Queue"
HARD,Nth Magical Number,12.6,0.3721,https://leetcode.com/problems/nth-magical-number,"Math, Binary Search, Least Common Multiple, Inclusion-Exclusion Principle"
MEDIUM,Smallest Number in Infinite Set,12.6,0.7067,https://leetcode.com/problems/smallest-number-in-infinite-set,"Hash Table, Design, Heap (Priority Queue), Ordered Set"
HARD,Minimum Replacements to Sort the Array,12.6,0.5307,https://leetcode.com/problems/minimum-replacements-to-sort-the-array,"Array, Math, Greedy"
MEDIUM,Design File System,12.6,0.6521,https://leetcode.com/problems/design-file-system,"Hash Table, String, Design, Trie"
MEDIUM,Check if a Parentheses String Can Be Valid,12.6,0.4528,https://leetcode.com/problems/check-if-a-parentheses-string-can-be-valid,"String, Stack, Greedy, Bracket Sequences"
MEDIUM,Customers Who Bought All Products,12.6,0.6460,https://leetcode.com/problems/customers-who-bought-all-products,Database
MEDIUM,String Compression III,12.6,0.6704,https://leetcode.com/problems/string-compression-iii,String
EASY,Get the Size of a DataFrame,12.6,0.8476,https://leetcode.com/problems/get-the-size-of-a-dataframe,
MEDIUM,First Completely Painted Row or Column,12.6,0.6359,https://leetcode.com/problems/first-completely-painted-row-or-column,"Array, Hash Table, Matrix"
EASY,Maximum Ascending Subarray Sum,12.6,0.6628,https://leetcode.com/problems/maximum-ascending-subarray-sum,Array
MEDIUM,Gray Code,12.6,0.6619,https://leetcode.com/problems/gray-code,"Math, Backtracking, Bit Manipulation"
MEDIUM,Find Largest Value in Each Tree Row,12.6,0.6640,https://leetcode.com/problems/find-largest-value-in-each-tree-row,"Tree, Depth-First Search, Breadth-First Search, Binary Tree"
MEDIUM,Minimum Number of Steps to Make Two Strings Anagram,12.6,0.8260,https://leetcode.com/problems/minimum-number-of-steps-to-make-two-strings-anagram,"Hash Table, String, Counting"
MEDIUM,Maximum Value at a Given Index in a Bounded Array,12.6,0.3886,https://leetcode.com/problems/maximum-value-at-a-given-index-in-a-bounded-array,"Math, Binary Search, Greedy"
EASY,Minimum Common Value,12.6,0.6066,https://leetcode.com/problems/minimum-common-value,"Array, Hash Table, Two Pointers, Binary Search"
EASY,Add Two Promises,12.6,0.9170,https://leetcode.com/problems/add-two-promises,
MEDIUM,Find the Minimum and Maximum Number of Nodes Between Critical Points,12.6,0.7299,https://leetcode.com/problems/find-the-minimum-and-maximum-number-of-nodes-between-critical-points,Linked List
HARD,Painting the Walls,12.6,0.4923,https://leetcode.com/problems/painting-the-walls,"Array, Dynamic Programming"
EASY,Sort Array By Parity II,12.6,0.7137,https://leetcode.com/problems/sort-array-by-parity-ii,"Array, Two Pointers, Sorting"
MEDIUM,Number of Steps to Reduce a Number in Binary Representation to One,12.6,0.6374,https://leetcode.com/problems/number-of-steps-to-reduce-a-number-in-binary-representation-to-one,"String, Bit Manipulation, Simulation"
EASY,Sum of All Subset XOR Totals,12.6,0.9015,https://leetcode.com/problems/sum-of-all-subset-xor-totals,"Array, Math, Backtracking, Bit Manipulation, Combinatorics, Enumeration"
MEDIUM,Maximum Distance in Arrays,12.6,0.4563,https://leetcode.com/problems/maximum-distance-in-arrays,"Array, Greedy"
MEDIUM,Minimum Moves to Equal Array Elements II,12.6,0.6246,https://leetcode.com/problems/minimum-moves-to-equal-array-elements-ii,"Array, Math, Sorting"
MEDIUM,Fraction Addition and Subtraction,12.6,0.6665,https://leetcode.com/problems/fraction-addition-and-subtraction,"Math, String, Simulation, Euclidean Algorithm, Greatest Common Divisor"
EASY,Reverse Prefix of Word,12.6,0.8653,https://leetcode.com/problems/reverse-prefix-of-word,"Two Pointers, String, Stack"
HARD,Divide Nodes Into the Maximum Number of Groups,12.6,0.6682,https://leetcode.com/problems/divide-nodes-into-the-maximum-number-of-groups,"Depth-First Search, Breadth-First Search, Union-Find, Graph Theory"
EASY,Group Sold Products By The Date,12.6,0.7838,https://leetcode.com/problems/group-sold-products-by-the-date,Database
EASY,Sort Integers by The Number of 1 Bits,12.6,0.8245,https://leetcode.com/problems/sort-integers-by-the-number-of-1-bits,"Array, Bit Manipulation, Sorting, Counting"
MEDIUM,Cousins in Binary Tree II,12.6,0.7602,https://leetcode.com/problems/cousins-in-binary-tree-ii,"Hash Table, Tree, Depth-First Search, Breadth-First Search, Binary Tree"
MEDIUM,Take K of Each Character From Left and Right,12.6,0.5151,https://leetcode.com/problems/take-k-of-each-character-from-left-and-right,"Hash Table, String, Sliding Window"
MEDIUM,Next Greater Node In Linked List,12.6,0.6487,https://leetcode.com/problems/next-greater-node-in-linked-list,"Array, Linked List, Stack, Monotonic Stack"
MEDIUM,Prime Palindrome,12.6,0.2865,https://leetcode.com/problems/prime-palindrome,"Math, Number Theory, Primality Test"
MEDIUM,Identify the Largest Outlier in an Array,12.6,0.3634,https://leetcode.com/problems/identify-the-largest-outlier-in-an-array,"Array, Hash Table, Counting, Enumeration"
MEDIUM,Adding Spaces to a String,12.6,0.7187,https://leetcode.com/problems/adding-spaces-to-a-string,"Array, Two Pointers, String, Simulation"
MEDIUM,Construct String With Repeat Limit,12.6,0.7075,https://leetcode.com/problems/construct-string-with-repeat-limit,"Hash Table, String, Greedy, Heap (Priority Queue), Counting"
EASY,Classes With at Least 5 Students,12.6,0.6504,https://leetcode.com/problems/classes-with-at-least-5-students,Database
MEDIUM,Reverse Odd Levels of Binary Tree,12.6,0.8665,https://leetcode.com/problems/reverse-odd-levels-of-binary-tree,"Tree, Depth-First Search, Breadth-First Search, Binary Tree"
MEDIUM,Find the Number of Distinct Colors Among the Balls,12.6,0.5409,https://leetcode.com/problems/find-the-number-of-distinct-colors-among-the-balls,"Array, Hash Table, Simulation"
MEDIUM,Max Sum of a Pair With Equal Sum of Digits,12.6,0.6592,https://leetcode.com/problems/max-sum-of-a-pair-with-equal-sum-of-digits,"Array, Hash Table, Sorting, Heap (Priority Queue)"
HARD,Jump Game V,12.6,0.7583,https://leetcode.com/problems/jump-game-v,"Array, Dynamic Programming, Sorting"
EASY,Two Furthest Houses With Different Colors,12.6,0.7165,https://leetcode.com/problems/two-furthest-houses-with-different-colors,"Array, Greedy"
MEDIUM,Simple Bank System,12.6,0.6950,https://leetcode.com/problems/simple-bank-system,"Array, Hash Table, Design, Simulation"
MEDIUM,Merge In Between Linked Lists,12.6,0.8319,https://leetcode.com/problems/merge-in-between-linked-lists,Linked List
EASY,Calculate Special Bonus,12.6,0.5720,https://leetcode.com/problems/calculate-special-bonus,Database
HARD,Find the Count of Good Integers,12.6,0.6927,https://leetcode.com/problems/find-the-count-of-good-integers,"Hash Table, Math, Combinatorics, Enumeration"
EASY,Count Vowel Substrings of a String,12.6,0.7365,https://leetcode.com/problems/count-vowel-substrings-of-a-string,"Hash Table, String"
HARD,Count the Number of Ideal Arrays,12.6,0.5686,https://leetcode.com/problems/count-the-number-of-ideal-arrays,"Math, Dynamic Programming, Combinatorics, Number Theory, Prime Factorization, Fermat's Little Theorem"
MEDIUM,Count Complete Subarrays in an Array,12.6,0.7583,https://leetcode.com/problems/count-complete-subarrays-in-an-array,"Array, Hash Table, Sliding Window"
EASY,Count Operations to Obtain Zero,12.6,0.7979,https://leetcode.com/problems/count-operations-to-obtain-zero,"Math, Simulation"
HARD,Maximum Students Taking Exam,12.6,0.5479,https://leetcode.com/problems/maximum-students-taking-exam,"Array, Dynamic Programming, Bit Manipulation, Matrix, Bitmask, Maximum Flow, Maximum Matching, Bipartite Graph, Edmonds–Karp Algorithm, MPM Algorithm, Push-Relabel Algorithm, Minimum Cut, Matching (Graph), Flow Network, Dinic's Algorithm"
HARD,Longest Subsequence Repeated k Times,12.6,0.7092,https://leetcode.com/problems/longest-subsequence-repeated-k-times,"Hash Table, Two Pointers, String, Backtracking, Counting, Enumeration"
EASY,Find the Original Typed String I,12.6,0.7192,https://leetcode.com/problems/find-the-original-typed-string-i,String
EASY,Find Lucky Integer in an Array,12.6,0.7565,https://leetcode.com/problems/find-lucky-integer-in-an-array,"Array, Hash Table, Counting"
HARD,Maximum Fruits Harvested After at Most K Steps,12.6,0.6103,https://leetcode.com/problems/maximum-fruits-harvested-after-at-most-k-steps,"Array, Binary Search, Sliding Window, Prefix Sum"
EASY,Maximum 69 Number,12.6,0.8462,https://leetcode.com/problems/maximum-69-number,"Math, Greedy"
HARD,Minimum Operations to Make Array Elements Zero,12.6,0.6007,https://leetcode.com/problems/minimum-operations-to-make-array-elements-zero,"Array, Math, Bit Manipulation"
MEDIUM,Minimum Operations to Make the Integer Zero,12.6,0.5803,https://leetcode.com/problems/minimum-operations-to-make-the-integer-zero,"Bit Manipulation, Brainteaser, Enumeration"
EASY,The Two Sneaky Numbers of Digitville,12.6,0.8963,https://leetcode.com/problems/the-two-sneaky-numbers-of-digitville,"Array, Hash Table, Math"
EASY,Find Resultant Array After Removing Anagrams,12.6,0.7000,https://leetcode.com/problems/find-resultant-array-after-removing-anagrams,"Array, Hash Table, String, Sorting"
EASY,Reshape the Matrix,12.6,0.6558,https://leetcode.com/problems/reshape-the-matrix,"Array, Matrix, Simulation"
EASY,Keep Multiplying Found Values by Two,12.6,0.7496,https://leetcode.com/problems/keep-multiplying-found-values-by-two,"Array, Hash Table, Sorting, Simulation"
HARD,Set Intersection Size At Least Two,12.6,0.5817,https://leetcode.com/problems/set-intersection-size-at-least-two,"Array, Greedy, Sorting"
MEDIUM,Count Covered Buildings,12.6,0.5869,https://leetcode.com/problems/count-covered-buildings,"Array, Hash Table, Sorting"
MEDIUM,Four Divisors,12.6,0.5653,https://leetcode.com/problems/four-divisors,"Array, Math, Prime Factorization, Sieve Theory"
HARD,Max Dot Product of Two Subsequences,12.6,0.6937,https://leetcode.com/problems/max-dot-product-of-two-subsequences,"Array, Dynamic Programming, Longest Common Subsequence"
EASY,Design Parking System,12.6,0.8720,https://leetcode.com/problems/design-parking-system,"Design, Simulation, Counting"
HARD,Trionic Array II,12.6,0.4714,https://leetcode.com/problems/trionic-array-ii,"Array, Dynamic Programming"
HARD,Maximum Score From Grid Operations,12.6,0.6334,https://leetcode.com/problems/maximum-score-from-grid-operations,"Array, Dynamic Programming, Matrix, Prefix Sum"
HARD,Minimum Initial Energy to Finish Tasks,12.6,0.7661,https://leetcode.com/problems/minimum-initial-energy-to-finish-tasks,"Array, Greedy, Sorting"
EASY,Find Users With Valid E-Mails,12.6,0.3523,https://leetcode.com/problems/find-users-with-valid-e-mails,Database
EASY,Minimum Difference Between Highest and Lowest of K Scores,12.6,0.6645,https://leetcode.com/problems/minimum-difference-between-highest-and-lowest-of-k-scores,"Array, Sliding Window, Sorting"
MEDIUM,Minimized Maximum of Products Distributed to Any Store,12.6,0.6325,https://leetcode.com/problems/minimized-maximum-of-products-distributed-to-any-store,"Array, Binary Search, Greedy"
EASY,Merge Two Binary Trees,12.6,0.7919,https://leetcode.com/problems/merge-two-binary-trees,"Tree, Depth-First Search, Breadth-First Search, Binary Tree"
MEDIUM,Print Binary Tree,12.6,0.6702,https://leetcode.com/problems/print-binary-tree,"Tree, Depth-First Search, Breadth-First Search, Binary Tree"
HARD,Second Minimum Time to Reach Destination,12.6,0.6236,https://leetcode.com/problems/second-minimum-time-to-reach-destination,"Breadth-First Search, Graph Theory, Shortest Path, Dijkstra's Algorithm, K Shortest Path"
EASY,Count Elements With Maximum Frequency,12.6,0.7970,https://leetcode.com/problems/count-elements-with-maximum-frequency,"Array, Hash Table, Counting"
HARD,Maximum Sum of Subsequence With Non-adjacent Elements,12.6,0.1588,https://leetcode.com/problems/maximum-sum-of-subsequence-with-non-adjacent-elements,"Array, Divide and Conquer, Dynamic Programming, Segment Tree"
EASY,Find Center of Star Graph,12.6,0.8660,https://leetcode.com/problems/find-center-of-star-graph,Graph Theory
HARD,Put Marbles in Bags,12.6,0.7204,https://leetcode.com/problems/put-marbles-in-bags,"Array, Greedy, Sorting, Heap (Priority Queue)"
HARD,Count Palindromic Subsequences,12.6,0.4207,https://leetcode.com/problems/count-palindromic-subsequences,"String, Dynamic Programming"
MEDIUM,Length of Longest Subarray With at Most K Frequency,12.6,0.6049,https://leetcode.com/problems/length-of-longest-subarray-with-at-most-k-frequency,"Array, Hash Table, Sliding Window"
MEDIUM,Maximize Active Section with Trade I,12.6,0.6064,https://leetcode.com/problems/maximize-active-section-with-trade-i,"String, Enumeration"
HARD,Smallest Divisible Digit Product II,12.6,0.4491,https://leetcode.com/problems/smallest-divisible-digit-product-ii,"Math, String, Backtracking, Greedy, Number Theory"
MEDIUM,Range Sum Query - Mutable,12.5,0.4383,https://leetcode.com/problems/range-sum-query-mutable,"Array, Divide and Conquer, Design, Binary Indexed Tree, Segment Tree, Sqrt Decomposition"
MEDIUM,Inorder Successor in BST,12.5,0.5129,https://leetcode.com/problems/inorder-successor-in-bst,"Tree, Depth-First Search, Binary Search Tree, Binary Tree"
MEDIUM,Max Increase to Keep City Skyline,12.5,0.8645,https://leetcode.com/problems/max-increase-to-keep-city-skyline,"Array, Greedy, Matrix"
MEDIUM,Solve the Equation,12.5,0.4675,https://leetcode.com/problems/solve-the-equation,"Math, String, Simulation, Linear Algebra"
MEDIUM,Random Pick Index,12.5,0.6519,https://leetcode.com/problems/random-pick-index,"Hash Table, Math, Reservoir Sampling, Randomized"
HARD,Strong Password Checker,12.5,0.1650,https://leetcode.com/problems/strong-password-checker,"String, Greedy, Heap (Priority Queue)"
EASY,Univalued Binary Tree,12.5,0.7341,https://leetcode.com/problems/univalued-binary-tree,"Tree, Depth-First Search, Breadth-First Search, Binary Tree"
HARD,Best Meeting Point,12.5,0.6146,https://leetcode.com/problems/best-meeting-point,"Array, Math, Sorting, Matrix"
MEDIUM,Count Univalue Subtrees,12.5,0.5761,https://leetcode.com/problems/count-univalue-subtrees,"Tree, Depth-First Search, Binary Tree, DP on Trees"
HARD,The Maze III,12.5,0.5267,https://leetcode.com/problems/the-maze-iii,"Array, String, Depth-First Search, Breadth-First Search, Graph Theory, Heap (Priority Queue), Matrix, Shortest Path, Dijkstra's Algorithm, Heuristic Search, A* Search"
EASY,Leaf-Similar Trees,12.5,0.7036,https://leetcode.com/problems/leaf-similar-trees,"Tree, Depth-First Search, Binary Tree"
EASY,Find Winner on a Tic Tac Toe Game,12.5,0.5471,https://leetcode.com/problems/find-winner-on-a-tic-tac-toe-game,"Array, Hash Table, Matrix, Simulation"
MEDIUM,Longest Word in Dictionary,12.5,0.5548,https://leetcode.com/problems/longest-word-in-dictionary,"Array, Hash Table, String, Trie, Sorting"
MEDIUM,One Edit Distance,12.5,0.3459,https://leetcode.com/problems/one-edit-distance,"Two Pointers, String"
MEDIUM,Dot Product of Two Sparse Vectors,12.5,0.8987,https://leetcode.com/problems/dot-product-of-two-sparse-vectors,"Array, Hash Table, Two Pointers, Design, Linear Algebra"
HARD,Strange Printer,12.5,0.6102,https://leetcode.com/problems/strange-printer,"String, Dynamic Programming"
MEDIUM,Concatenation of Consecutive Binary Numbers,12.5,0.6671,https://leetcode.com/problems/concatenation-of-consecutive-binary-numbers,"Math, Bit Manipulation, Simulation"
EASY,N-ary Tree Preorder Traversal,12.5,0.7700,https://leetcode.com/problems/n-ary-tree-preorder-traversal,"Stack, Tree, Depth-First Search"
MEDIUM,Count Sorted Vowel Strings,12.5,0.7946,https://leetcode.com/problems/count-sorted-vowel-strings,"Math, Dynamic Programming, Combinatorics"
EASY,Uncommon Words from Two Sentences,12.5,0.7587,https://leetcode.com/problems/uncommon-words-from-two-sentences,"Hash Table, String, Counting"
EASY,Path Crossing,12.5,0.6274,https://leetcode.com/problems/path-crossing,"Hash Table, String"
HARD,Arithmetic Slices II - Subsequence,12.5,0.5530,https://leetcode.com/problems/arithmetic-slices-ii-subsequence,"Array, Dynamic Programming"
EASY,Find Words That Can Be Formed by Characters,12.5,0.7177,https://leetcode.com/problems/find-words-that-can-be-formed-by-characters,"Array, Hash Table, String, Counting"
EASY,Cells with Odd Values in a Matrix,12.5,0.7999,https://leetcode.com/problems/cells-with-odd-values-in-a-matrix,"Array, Math, Simulation"
MEDIUM,Non-decreasing Subsequences,12.5,0.6316,https://leetcode.com/problems/non-decreasing-subsequences,"Array, Hash Table, Backtracking, Bit Manipulation"
MEDIUM,Map Sum Pairs,12.5,0.5741,https://leetcode.com/problems/map-sum-pairs,"Hash Table, String, Design, Trie"
MEDIUM,Remove Comments,12.5,0.4052,https://leetcode.com/problems/remove-comments,"Array, String"
HARD,Prefix and Suffix Search,12.5,0.4118,https://leetcode.com/problems/prefix-and-suffix-search,"Array, Hash Table, String, Design, Trie"
MEDIUM,Find the Celebrity,12.5,0.4909,https://leetcode.com/problems/find-the-celebrity,"Two Pointers, Graph Theory, Interactive"
HARD,Escape a Large Maze,12.5,0.3723,https://leetcode.com/problems/escape-a-large-maze,"Array, Hash Table, Depth-First Search, Breadth-First Search, Bidirectional Search"
HARD,Binary Tree Cameras,12.5,0.4818,https://leetcode.com/problems/binary-tree-cameras,"Dynamic Programming, Tree, Depth-First Search, Binary Tree, DP on Trees"
MEDIUM,Design A Leaderboard,12.5,0.6800,https://leetcode.com/problems/design-a-leaderboard,"Hash Table, Design, Sorting"
HARD,Minimize Malware Spread,12.5,0.4349,https://leetcode.com/problems/minimize-malware-spread,"Array, Hash Table, Depth-First Search, Breadth-First Search, Union-Find, Graph Theory"
HARD,Find the Closest Palindrome,12.5,0.3213,https://leetcode.com/problems/find-the-closest-palindrome,"Math, String"
MEDIUM,Possible Bipartition,12.5,0.5311,https://leetcode.com/problems/possible-bipartition,"Depth-First Search, Breadth-First Search, Union-Find, Graph Theory, Graph Coloring, Bipartite Graph"
HARD,Distinct Subsequences II,12.5,0.5669,https://leetcode.com/problems/distinct-subsequences-ii,"String, Dynamic Programming"
HARD,Parse Lisp Expression,12.5,0.5405,https://leetcode.com/problems/parse-lisp-expression,"Hash Table, String, Stack, Recursion"
EASY,Read N Characters Given Read4,12.5,0.4263,https://leetcode.com/problems/read-n-characters-given-read4,"Array, Simulation, Interactive"
MEDIUM,Candy Crush,12.5,0.7768,https://leetcode.com/problems/candy-crush,"Array, Two Pointers, Matrix, Simulation"
MEDIUM,Circular Array Loop,12.5,0.3855,https://leetcode.com/problems/circular-array-loop,"Array, Hash Table, Two Pointers, Floyd's Cycle Finding Algorithm"
HARD,Rectangle Area II,12.5,0.5679,https://leetcode.com/problems/rectangle-area-ii,"Array, Segment Tree, Sweep Line, Ordered Set"
MEDIUM,Maximum Size Subarray Sum Equals k,12.5,0.5098,https://leetcode.com/problems/maximum-size-subarray-sum-equals-k,"Array, Hash Table, Prefix Sum"
MEDIUM,Minesweeper,12.5,0.6897,https://leetcode.com/problems/minesweeper,"Array, Depth-First Search, Breadth-First Search, Matrix"
HARD,Minimum Swaps To Make Sequences Increasing,12.5,0.4198,https://leetcode.com/problems/minimum-swaps-to-make-sequences-increasing,"Array, Dynamic Programming"
MEDIUM,Inorder Successor in BST II,12.5,0.6111,https://leetcode.com/problems/inorder-successor-in-bst-ii,"Tree, Binary Search Tree, Binary Tree"
MEDIUM,Knight Probability in Chessboard,12.5,0.5732,https://leetcode.com/problems/knight-probability-in-chessboard,Dynamic Programming
HARD,Sliding Puzzle,12.5,0.7463,https://leetcode.com/problems/sliding-puzzle,"Array, Dynamic Programming, Backtracking, Breadth-First Search, Memoization, Matrix, Heuristic Search, Bidirectional Search, A* Search"
MEDIUM,Find Duplicate File in System,12.5,0.6755,https://leetcode.com/problems/find-duplicate-file-in-system,"Array, Hash Table, String"
MEDIUM,Binary Tree Upside Down,12.5,0.6563,https://leetcode.com/problems/binary-tree-upside-down,"Tree, Depth-First Search, Binary Tree"
HARD,Basic Calculator IV,12.5,0.4992,https://leetcode.com/problems/basic-calculator-iv,"Hash Table, Math, String, Stack, Recursion"
MEDIUM,Sparse Matrix Multiplication,12.5,0.6938,https://leetcode.com/problems/sparse-matrix-multiplication,"Array, Hash Table, Matrix, Linear Algebra"
EASY,Unique Morse Code Words,12.5,0.8374,https://leetcode.com/problems/unique-morse-code-words,"Array, Hash Table, String"
MEDIUM,Serialize and Deserialize BST,12.5,0.6006,https://leetcode.com/problems/serialize-and-deserialize-bst,"String, Tree, Depth-First Search, Breadth-First Search, Design, Binary Search Tree, Binary Tree"
EASY,Tenth Line,12.5,0.3785,https://leetcode.com/problems/tenth-line,Shell
MEDIUM,Can I Win,12.5,0.3183,https://leetcode.com/problems/can-i-win,"Math, Dynamic Programming, Bit Manipulation, Memoization, Game Theory, Bitmask"
EASY,Number of Lines To Write String,12.5,0.7328,https://leetcode.com/problems/number-of-lines-to-write-string,"Array, String"
HARD,Split Array With Same Average,12.5,0.2761,https://leetcode.com/problems/split-array-with-same-average,"Array, Hash Table, Math, Dynamic Programming, Bit Manipulation, Meet in the Middle, Bitmask"
HARD,Maximum Frequency Stack,12.5,0.6712,https://leetcode.com/problems/maximum-frequency-stack,"Hash Table, Stack, Design, Ordered Set"
MEDIUM,Number of Distinct Islands,12.5,0.6301,https://leetcode.com/problems/number-of-distinct-islands,"Array, Hash Table, Depth-First Search, Breadth-First Search, Union-Find, Sorting, Matrix, Hash Function"
MEDIUM,Missing Element in Sorted Array,12.5,0.5975,https://leetcode.com/problems/missing-element-in-sorted-array,"Array, Binary Search"
HARD,Data Stream as Disjoint Intervals,12.5,0.6066,https://leetcode.com/problems/data-stream-as-disjoint-intervals,"Hash Table, Binary Search, Union-Find, Design, Data Stream, Ordered Set"
MEDIUM,Maximum of Absolute Value Expression,12.5,0.4895,https://leetcode.com/problems/maximum-of-absolute-value-expression,"Array, Math"
MEDIUM,Check Completeness of a Binary Tree,12.5,0.5956,https://leetcode.com/problems/check-completeness-of-a-binary-tree,"Tree, Breadth-First Search, Binary Tree"
HARD,Max Stack,12.5,0.4605,https://leetcode.com/problems/max-stack,"Linked List, Stack, Design, Doubly-Linked List, Ordered Set"
HARD,Dice Roll Simulation,12.5,0.5143,https://leetcode.com/problems/dice-roll-simulation,"Array, Dynamic Programming"
MEDIUM,Longest Repeating Substring,12.5,0.6345,https://leetcode.com/problems/longest-repeating-substring,"String, Binary Search, Dynamic Programming, Rolling Hash, Suffix Array, Hash Function, Suffix Automaton, Suffix Tree"
HARD,Count Different Palindromic Subsequences,12.5,0.4839,https://leetcode.com/problems/count-different-palindromic-subsequences,"String, Dynamic Programming"
HARD,Sort Items by Groups Respecting Dependencies,12.5,0.6612,https://leetcode.com/problems/sort-items-by-groups-respecting-dependencies,"Depth-First Search, Breadth-First Search, Graph Theory, Topological Sort, Directed Acyclic Graph"
MEDIUM,Word Frequency,12.5,0.3017,https://leetcode.com/problems/word-frequency,Shell
MEDIUM,Custom Sort String,12.5,0.7232,https://leetcode.com/problems/custom-sort-string,"Hash Table, String, Sorting"
MEDIUM,Brick Wall,12.5,0.5602,https://leetcode.com/problems/brick-wall,"Array, Hash Table"
MEDIUM,Two City Scheduling,12.5,0.6899,https://leetcode.com/problems/two-city-scheduling,"Array, Greedy, Sorting, Hungarian Algorithm, Successive Shortest Path Algorithm"
MEDIUM,Trim a Binary Search Tree,12.5,0.6687,https://leetcode.com/problems/trim-a-binary-search-tree,"Tree, Depth-First Search, Binary Search Tree, Binary Tree"
MEDIUM,Unique Substrings in Wraparound String,12.5,0.4402,https://leetcode.com/problems/unique-substrings-in-wraparound-string,"String, Dynamic Programming"
EASY,1-bit and 2-bit Characters,12.5,0.4974,https://leetcode.com/problems/1-bit-and-2-bit-characters,Array
MEDIUM,Delete Leaves With a Given Value,12.5,0.7721,https://leetcode.com/problems/delete-leaves-with-a-given-value,"Tree, Depth-First Search, Binary Tree"
EASY,Add to Array-Form of Integer,12.5,0.4571,https://leetcode.com/problems/add-to-array-form-of-integer,"Array, Math"
MEDIUM,Maximum Binary Tree,12.5,0.8587,https://leetcode.com/problems/maximum-binary-tree,"Array, Divide and Conquer, Stack, Tree, Monotonic Stack, Binary Tree, Cartesian Tree"
EASY,Most Common Word,12.5,0.4541,https://leetcode.com/problems/most-common-word,"Array, Hash Table, String, Counting"
MEDIUM,Validate IP Address,12.5,0.2854,https://leetcode.com/problems/validate-ip-address,String
MEDIUM,Binary Tree Pruning,12.5,0.7258,https://leetcode.com/problems/binary-tree-pruning,"Tree, Depth-First Search, Binary Tree"
EASY,Reformat Department Table,12.5,0.7650,https://leetcode.com/problems/reformat-department-table,Database
EASY,Height Checker,12.5,0.8207,https://leetcode.com/problems/height-checker,"Array, Sorting, Counting Sort, Bubble Sort"
HARD,Maximum Number of Visible Points,12.5,0.3854,https://leetcode.com/problems/maximum-number-of-visible-points,"Array, Math, Geometry, Sliding Window, Sorting"
HARD,Minimum Number of Operations to Make Array Continuous,12.5,0.5173,https://leetcode.com/problems/minimum-number-of-operations-to-make-array-continuous,"Array, Hash Table, Binary Search, Sliding Window"
HARD,Escape the Spreading Fire,12.5,0.3949,https://leetcode.com/problems/escape-the-spreading-fire,"Array, Binary Search, Breadth-First Search, Matrix"
MEDIUM,Sort Vowels in a String,12.5,0.8349,https://leetcode.com/problems/sort-vowels-in-a-string,"String, Sorting"
MEDIUM,Jump Game VI,12.5,0.4662,https://leetcode.com/problems/jump-game-vi,"Array, Dynamic Programming, Queue, Heap (Priority Queue), Monotonic Queue"
MEDIUM,Process Tasks Using Servers,12.5,0.4220,https://leetcode.com/problems/process-tasks-using-servers,"Array, Heap (Priority Queue)"
HARD,Delete Duplicate Folders in System,12.5,0.7718,https://leetcode.com/problems/delete-duplicate-folders-in-system,"Array, Hash Table, String, Depth-First Search, Trie, Sorting, Hash Function"
MEDIUM,Count Nodes Equal to Average of Subtree,12.5,0.8870,https://leetcode.com/problems/count-nodes-equal-to-average-of-subtree,"Tree, Depth-First Search, Binary Tree"
MEDIUM,All Paths From Source to Target,12.5,0.8381,https://leetcode.com/problems/all-paths-from-source-to-target,"Backtracking, Depth-First Search, Breadth-First Search, Graph Theory, Directed Acyclic Graph"
HARD,Minimum Moves to Move a Box to Their Target Location,12.5,0.5018,https://leetcode.com/problems/minimum-moves-to-move-a-box-to-their-target-location,"Array, Breadth-First Search, Heap (Priority Queue), Matrix"
MEDIUM,Find Players With Zero or One Losses,12.5,0.7238,https://leetcode.com/problems/find-players-with-zero-or-one-losses,"Array, Hash Table, Sorting, Counting"
MEDIUM,Maximum Number of Accepted Invitations,12.5,0.5275,https://leetcode.com/problems/maximum-number-of-accepted-invitations,"Array, Depth-First Search, Graph Theory, Matrix, Maximum Flow, Maximum Matching, Bipartite Graph, Edmonds–Karp Algorithm, MPM Algorithm, Push-Relabel Algorithm, Matching (Graph), Flow Network, Dinic's Algorithm"
MEDIUM,Count Unreachable Pairs of Nodes in an Undirected Graph,12.5,0.5029,https://leetcode.com/problems/count-unreachable-pairs-of-nodes-in-an-undirected-graph,"Depth-First Search, Breadth-First Search, Union-Find, Graph Theory"
MEDIUM,Minimum Additions to Make Valid String,12.5,0.5151,https://leetcode.com/problems/minimum-additions-to-make-valid-string,"String, Dynamic Programming, Stack, Greedy"
MEDIUM,Maximum Length of Pair Chain,12.5,0.6221,https://leetcode.com/problems/maximum-length-of-pair-chain,"Array, Dynamic Programming, Greedy, Sorting, Longest Increasing Subsequence"
HARD,Maximum Score Words Formed by Letters,12.5,0.8150,https://leetcode.com/problems/maximum-score-words-formed-by-letters,"Array, Hash Table, String, Dynamic Programming, Backtracking, Bit Manipulation, Counting, Bitmask"
MEDIUM,Number of Operations to Make Network Connected,12.5,0.6732,https://leetcode.com/problems/number-of-operations-to-make-network-connected,"Depth-First Search, Breadth-First Search, Union-Find, Graph Theory"
MEDIUM,Construct Smallest Number From DI String,12.5,0.8551,https://leetcode.com/problems/construct-smallest-number-from-di-string,"String, Backtracking, Stack, Greedy"
HARD,Count All Valid Pickup and Delivery Options,12.5,0.6496,https://leetcode.com/problems/count-all-valid-pickup-and-delivery-options,"Math, Dynamic Programming, Combinatorics"
MEDIUM,Minimum Deletions to Make Character Frequencies Unique,12.5,0.6157,https://leetcode.com/problems/minimum-deletions-to-make-character-frequencies-unique,"Hash Table, String, Greedy, Sorting"
MEDIUM,Check if There is a Valid Partition For The Array,12.5,0.5253,https://leetcode.com/problems/check-if-there-is-a-valid-partition-for-the-array,"Array, Dynamic Programming"
MEDIUM,Most Profitable Path in a Tree,12.5,0.6730,https://leetcode.com/problems/most-profitable-path-in-a-tree,"Array, Tree, Depth-First Search, Breadth-First Search, Graph Theory"
HARD,Count Integers in Intervals,12.5,0.3632,https://leetcode.com/problems/count-integers-in-intervals,"Design, Segment Tree, Ordered Set"
HARD,Poor Pigs,12.5,0.5925,https://leetcode.com/problems/poor-pigs,"Math, Dynamic Programming, Combinatorics"
HARD,Remove Max Number of Edges to Keep Graph Fully Traversable,12.5,0.7007,https://leetcode.com/problems/remove-max-number-of-edges-to-keep-graph-fully-traversable,"Union-Find, Graph Theory"
MEDIUM,Maximal Score After Applying K Operations,12.5,0.6423,https://leetcode.com/problems/maximal-score-after-applying-k-operations,"Array, Greedy, Heap (Priority Queue)"
MEDIUM,Numbers With Same Consecutive Differences,12.5,0.5937,https://leetcode.com/problems/numbers-with-same-consecutive-differences,"Backtracking, Breadth-First Search"
HARD,Closest Node to Path in Tree,12.5,0.6216,https://leetcode.com/problems/closest-node-to-path-in-tree,"Array, Tree, Depth-First Search, Breadth-First Search"
EASY,Partition Array Into Three Parts With Equal Sum,12.5,0.4312,https://leetcode.com/problems/partition-array-into-three-parts-with-equal-sum,"Array, Greedy"
HARD,Find Servers That Handled Most Number of Requests,12.5,0.4580,https://leetcode.com/problems/find-servers-that-handled-most-number-of-requests,"Array, Heap (Priority Queue), Simulation, Ordered Set"
MEDIUM,As Far from Land as Possible,12.5,0.5254,https://leetcode.com/problems/as-far-from-land-as-possible,"Array, Dynamic Programming, Breadth-First Search, Matrix"
MEDIUM,K Radius Subarray Averages,12.5,0.4653,https://leetcode.com/problems/k-radius-subarray-averages,"Array, Sliding Window"
MEDIUM,Shortest Path with Alternating Colors,12.5,0.4832,https://leetcode.com/problems/shortest-path-with-alternating-colors,"Breadth-First Search, Graph Theory"
EASY,Decode XORed Array,12.5,0.8755,https://leetcode.com/problems/decode-xored-array,"Array, Bit Manipulation"
MEDIUM,The Number of the Smallest Unoccupied Chair,12.5,0.6033,https://leetcode.com/problems/the-number-of-the-smallest-unoccupied-chair,"Array, Hash Table, Heap (Priority Queue)"
MEDIUM,Binary Tree Level Order Traversal II,12.5,0.6915,https://leetcode.com/problems/binary-tree-level-order-traversal-ii,"Tree, Breadth-First Search, Binary Tree"
MEDIUM,4Sum II,12.5,0.5823,https://leetcode.com/problems/4sum-ii,"Array, Hash Table"
EASY,Find Closest Number to Zero,12.5,0.4819,https://leetcode.com/problems/find-closest-number-to-zero,Array
MEDIUM,Removing Stars From a String,12.5,0.7993,https://leetcode.com/problems/removing-stars-from-a-string,"String, Stack, Simulation"
MEDIUM,Equal Row and Column Pairs,12.5,0.7135,https://leetcode.com/problems/equal-row-and-column-pairs,"Array, Hash Table, Matrix, Simulation"
MEDIUM,Balance a Binary Search Tree,12.5,0.8628,https://leetcode.com/problems/balance-a-binary-search-tree,"Divide and Conquer, Greedy, Tree, Depth-First Search, Binary Search Tree, Binary Tree"
MEDIUM,Generate Binary Strings Without Adjacent Zeros,12.5,0.8873,https://leetcode.com/problems/generate-binary-strings-without-adjacent-zeros,"String, Backtracking, Bit Manipulation"
MEDIUM,Find the Winner of the Circular Game,12.5,0.8235,https://leetcode.com/problems/find-the-winner-of-the-circular-game,"Array, Math, Recursion, Queue, Simulation"
MEDIUM,Nearest Exit from Entrance in Maze,12.5,0.4920,https://leetcode.com/problems/nearest-exit-from-entrance-in-maze,"Array, Breadth-First Search, Matrix"
MEDIUM,Minimum Cost to Convert String I,12.5,0.6299,https://leetcode.com/problems/minimum-cost-to-convert-string-i,"Array, String, Graph Theory, Shortest Path"
MEDIUM,Count Number of Teams,12.5,0.7021,https://leetcode.com/problems/count-number-of-teams,"Array, Dynamic Programming, Binary Indexed Tree, Segment Tree"
EASY,Determine Whether Matrix Can Be Obtained By Rotation,12.5,0.6857,https://leetcode.com/problems/determine-whether-matrix-can-be-obtained-by-rotation,"Array, Matrix"
EASY,Sort By,12.5,0.8304,https://leetcode.com/problems/sort-by,
MEDIUM,Construct K Palindrome Strings,12.5,0.6850,https://leetcode.com/problems/construct-k-palindrome-strings,"Hash Table, String, Greedy, Counting"
MEDIUM,Minimize XOR,12.5,0.6226,https://leetcode.com/problems/minimize-xor,"Greedy, Bit Manipulation"
MEDIUM,Bitwise XOR of All Pairings,12.5,0.6689,https://leetcode.com/problems/bitwise-xor-of-all-pairings,"Array, Bit Manipulation, Brainteaser"
MEDIUM,Grid Game,12.5,0.6086,https://leetcode.com/problems/grid-game,"Array, Matrix, Prefix Sum"
EASY,Find Subsequence of Length K With the Largest Sum,12.5,0.5730,https://leetcode.com/problems/find-subsequence-of-length-k-with-the-largest-sum,"Array, Hash Table, Sorting, Heap (Priority Queue)"
EASY,Teemo Attacking,12.5,0.5820,https://leetcode.com/problems/teemo-attacking,"Array, Simulation"
EASY,Increasing Order Search Tree,12.5,0.7913,https://leetcode.com/problems/increasing-order-search-tree,"Stack, Tree, Depth-First Search, Binary Search Tree, Binary Tree"
MEDIUM,Minimum Score Triangulation of Polygon,12.5,0.6770,https://leetcode.com/problems/minimum-score-triangulation-of-polygon,"Array, Dynamic Programming, Triangulation, Polygons"
MEDIUM,Minimum Cost Tree From Leaf Values,12.5,0.6796,https://leetcode.com/problems/minimum-cost-tree-from-leaf-values,"Array, Dynamic Programming, Stack, Greedy, Monotonic Stack, Cartesian Tree"
EASY,Three Consecutive Odds,12.5,0.6931,https://leetcode.com/problems/three-consecutive-odds,Array
MEDIUM,Maximize the Confusion of an Exam,12.5,0.7060,https://leetcode.com/problems/maximize-the-confusion-of-an-exam,"String, Binary Search, Sliding Window, Prefix Sum"
MEDIUM,Minimum Penalty for a Shop,12.5,0.7125,https://leetcode.com/problems/minimum-penalty-for-a-shop,"String, Prefix Sum"
EASY,Pass the Pillow,12.5,0.5669,https://leetcode.com/problems/pass-the-pillow,"Math, Simulation"
EASY,  Count Symmetric Integers,12.5,0.8318,https://leetcode.com/problems/count-symmetric-integers,"Math, Enumeration"
MEDIUM,Elimination Game,12.5,0.4689,https://leetcode.com/problems/elimination-game,"Math, Recursion"
EASY,Remove Letter To Equalize Frequency,12.5,0.1964,https://leetcode.com/problems/remove-letter-to-equalize-frequency,"Hash Table, String, Counting"
EASY,Function Composition,12.5,0.8677,https://leetcode.com/problems/function-composition,
EASY,Allow One Function Call,12.5,0.8662,https://leetcode.com/problems/allow-one-function-call,
EASY,Count Pairs Whose Sum is Less than Target,12.5,0.8769,https://leetcode.com/problems/count-pairs-whose-sum-is-less-than-target,"Array, Two Pointers, Binary Search, Sorting"
MEDIUM,Count Good Nodes in Binary Tree,12.5,0.7400,https://leetcode.com/problems/count-good-nodes-in-binary-tree,"Tree, Depth-First Search, Breadth-First Search, Binary Tree"
EASY,Cousins in Binary Tree,12.5,0.5985,https://leetcode.com/problems/cousins-in-binary-tree,"Tree, Depth-First Search, Breadth-First Search, Binary Tree"
EASY,Number of Senior Citizens,12.5,0.8121,https://leetcode.com/problems/number-of-senior-citizens,"Array, String"
MEDIUM,Minimum Swaps to Make Strings Equal,12.5,0.6568,https://leetcode.com/problems/minimum-swaps-to-make-strings-equal,"Math, String, Greedy"
MEDIUM,Find the Student that Will Replace the Chalk,12.5,0.5319,https://leetcode.com/problems/find-the-student-that-will-replace-the-chalk,"Array, Binary Search, Simulation, Prefix Sum"
EASY,Sort the People,12.5,0.8481,https://leetcode.com/problems/sort-the-people,"Array, Hash Table, String, Sorting"
MEDIUM,Reach End of Array With Max Score,12.5,0.3392,https://leetcode.com/problems/reach-end-of-array-with-max-score,"Array, Greedy"
MEDIUM,Longest Subarray With Maximum Bitwise AND,12.5,0.6535,https://leetcode.com/problems/longest-subarray-with-maximum-bitwise-and,"Array, Bit Manipulation, Brainteaser"
MEDIUM,Find the Longest Substring Containing Vowels in Even Counts,12.5,0.7559,https://leetcode.com/problems/find-the-longest-substring-containing-vowels-in-even-counts,"Hash Table, String, Bit Manipulation, Prefix Sum"
MEDIUM,Taking Maximum Energy From the Mystic Dungeon,12.5,0.6089,https://leetcode.com/problems/taking-maximum-energy-from-the-mystic-dungeon,"Array, Dynamic Programming, Prefix Sum"
HARD,Maximum Height by Stacking Cuboids ,12.5,0.6270,https://leetcode.com/problems/maximum-height-by-stacking-cuboids,"Array, Dynamic Programming, Sorting"
EASY,Minimum String Length After Removing Substrings,12.5,0.7724,https://leetcode.com/problems/minimum-string-length-after-removing-substrings,"String, Stack, Simulation"
HARD,Minimum Number of Removals to Make Mountain Array,12.5,0.5476,https://leetcode.com/problems/minimum-number-of-removals-to-make-mountain-array,"Array, Binary Search, Dynamic Programming, Greedy"
HARD,Total Characters in String After Transformations II,12.5,0.5766,https://leetcode.com/problems/total-characters-in-string-after-transformations-ii,"Hash Table, Math, String, Dynamic Programming, Counting"
HARD,Minimum Total Distance Traveled,12.5,0.6318,https://leetcode.com/problems/minimum-total-distance-traveled,"Array, Dynamic Programming, Sorting"
MEDIUM,Minimum Number of Changes to Make Binary String Beautiful,12.5,0.7625,https://leetcode.com/problems/minimum-number-of-changes-to-make-binary-string-beautiful,String
MEDIUM,Minimum Array End,12.5,0.5534,https://leetcode.com/problems/minimum-array-end,Bit Manipulation
MEDIUM,Nested List Weight Sum II,12.5,0.6714,https://leetcode.com/problems/nested-list-weight-sum-ii,"Stack, Depth-First Search, Breadth-First Search"
MEDIUM,Flip Columns For Maximum Number of Equal Rows,12.5,0.7853,https://leetcode.com/problems/flip-columns-for-maximum-number-of-equal-rows,"Array, Hash Table, Matrix"
MEDIUM,Count Unguarded Cells in the Grid,12.5,0.6915,https://leetcode.com/problems/count-unguarded-cells-in-the-grid,"Array, Matrix, Simulation"
MEDIUM,Reconstruct Original Digits from English,12.5,0.5339,https://leetcode.com/problems/reconstruct-original-digits-from-english,"Hash Table, Math, String"
HARD,Maximize Subarray Sum After Removing All Occurrences of One Element,12.5,0.2322,https://leetcode.com/problems/maximize-subarray-sum-after-removing-all-occurrences-of-one-element,"Array, Hash Table, Divide and Conquer, Dynamic Programming, Segment Tree, Prefix Sum"
EASY,Average of Levels in Binary Tree,12.5,0.7522,https://leetcode.com/problems/average-of-levels-in-binary-tree,"Tree, Depth-First Search, Breadth-First Search, Binary Tree"
MEDIUM,Course Schedule IV,12.5,0.6042,https://leetcode.com/problems/course-schedule-iv,"Depth-First Search, Breadth-First Search, Graph Theory, Topological Sort"
MEDIUM,Count of Interesting Subarrays,12.5,0.5779,https://leetcode.com/problems/count-of-interesting-subarrays,"Array, Hash Table, Prefix Sum"
MEDIUM,Maximum Frequency After Subarray Operation,12.5,0.3146,https://leetcode.com/problems/maximum-frequency-after-subarray-operation,"Array, Hash Table, Dynamic Programming, Greedy, Enumeration, Prefix Sum"
EASY,Longest Strictly Increasing or Strictly Decreasing Subarray,12.5,0.6480,https://leetcode.com/problems/longest-strictly-increasing-or-strictly-decreasing-subarray,Array
MEDIUM,Maximum Total Damage With Spell Casting,12.5,0.4501,https://leetcode.com/problems/maximum-total-damage-with-spell-casting,"Array, Hash Table, Two Pointers, Binary Search, Dynamic Programming, Sorting, Counting"
MEDIUM,Sum of Distances,12.5,0.5016,https://leetcode.com/problems/sum-of-distances,"Array, Hash Table, Prefix Sum"
MEDIUM,Length of Longest Fibonacci Subsequence,12.5,0.5755,https://leetcode.com/problems/length-of-longest-fibonacci-subsequence,"Array, Hash Table, Dynamic Programming"
HARD,Find the Occurrence of First Almost Equal Substring,12.5,0.1613,https://leetcode.com/problems/find-the-occurrence-of-first-almost-equal-substring,"String, String Matching, Knuth–Morris–Pratt Algorithm"
HARD,Apply Operations to Maximize Score,12.5,0.5337,https://leetcode.com/problems/apply-operations-to-maximize-score,"Array, Math, Stack, Greedy, Sorting, Monotonic Stack, Number Theory"
EASY,Three Divisors,12.5,0.6500,https://leetcode.com/problems/three-divisors,"Math, Enumeration, Number Theory, Prime Factorization, Sieve Theory"
EASY,Minimum Operations to Make Array Values Equal to K,12.5,0.7292,https://leetcode.com/problems/minimum-operations-to-make-array-values-equal-to-k,"Array, Hash Table"
HARD,Count Good Triplets in an Array,12.5,0.6531,https://leetcode.com/problems/count-good-triplets-in-an-array,"Array, Binary Search, Divide and Conquer, Binary Indexed Tree, Segment Tree, Merge Sort, Ordered Set"
EASY,Patients With a Condition,12.5,0.3937,https://leetcode.com/problems/patients-with-a-condition,Database
EASY,Available Captures for Rook,12.5,0.7220,https://leetcode.com/problems/available-captures-for-rook,"Array, Matrix, Simulation"
MEDIUM,Count Subarrays Where Max Element Appears at Least K Times,12.5,0.6232,https://leetcode.com/problems/count-subarrays-where-max-element-appears-at-least-k-times,"Array, Sliding Window"
EASY,Construct the Rectangle,12.5,0.6521,https://leetcode.com/problems/construct-the-rectangle,Math
EASY,Find Most Frequent Vowel and Consonant,12.5,0.8896,https://leetcode.com/problems/find-most-frequent-vowel-and-consonant,"Hash Table, String, Counting"
MEDIUM,Lexicographically Minimum String After Removing Stars,12.5,0.5087,https://leetcode.com/problems/lexicographically-minimum-string-after-removing-stars,"Hash Table, String, Stack, Greedy, Heap (Priority Queue)"
HARD,Maximum Difference Between Even and Odd Frequency II,12.5,0.4837,https://leetcode.com/problems/maximum-difference-between-even-and-odd-frequency-ii,"String, Sliding Window, Enumeration, Prefix Sum"
EASY,Find the Pivot Integer,12.5,0.8375,https://leetcode.com/problems/find-the-pivot-integer,"Math, Prefix Sum"
HARD,Find the K-th Character in String Game II,12.5,0.4823,https://leetcode.com/problems/find-the-k-th-character-in-string-game-ii,"Math, Bit Manipulation, Recursion"
MEDIUM,Finding Pairs With a Certain Sum,12.5,0.6153,https://leetcode.com/problems/finding-pairs-with-a-certain-sum,"Array, Hash Table, Design"
EASY,Valid Word,12.5,0.5086,https://leetcode.com/problems/valid-word,String
MEDIUM,Count Partitions With Max-Min Difference at Most K,12.5,0.5786,https://leetcode.com/problems/count-partitions-with-max-min-difference-at-most-k,"Array, Dynamic Programming, Queue, Sliding Window, Prefix Sum, Monotonic Queue"
EASY,Maximum Unique Subarray Sum After Deletion,12.5,0.4049,https://leetcode.com/problems/maximum-unique-subarray-sum-after-deletion,"Array, Hash Table, Greedy"
MEDIUM,Transpose File,12.5,0.3396,https://leetcode.com/problems/transpose-file,Shell
EASY,Largest Number After Digit Swaps by Parity,12.5,0.6571,https://leetcode.com/problems/largest-number-after-digit-swaps-by-parity,"Sorting, Heap (Priority Queue)"
MEDIUM,Invalid Transactions,12.5,0.3259,https://leetcode.com/problems/invalid-transactions,"Array, Hash Table, String, Sorting"
MEDIUM,Sort Matrix by Diagonals,12.5,0.8470,https://leetcode.com/problems/sort-matrix-by-diagonals,"Array, Sorting, Matrix"
MEDIUM,Alice and Bob Playing Flower Game,12.5,0.5997,https://leetcode.com/problems/alice-and-bob-playing-flower-game,Math
MEDIUM,Minimum Number of People to Teach,12.5,0.6725,https://leetcode.com/problems/minimum-number-of-people-to-teach,"Array, Hash Table, Greedy"
HARD,Replace Non-Coprime Numbers in Array,12.5,0.5765,https://leetcode.com/problems/replace-non-coprime-numbers-in-array,"Array, Math, Stack, Number Theory, Least Common Multiple, Greatest Common Divisor"
EASY,Maximum Number of Words You Can Type,12.5,0.8293,https://leetcode.com/problems/maximum-number-of-words-you-can-type,"Hash Table, String"
MEDIUM,Power Grid Maintenance,12.5,0.5591,https://leetcode.com/problems/power-grid-maintenance,"Array, Hash Table, Depth-First Search, Breadth-First Search, Union-Find, Graph Theory, Heap (Priority Queue), Ordered Set"
HARD,Maximize the Minimum Powered City,12.5,0.6131,https://leetcode.com/problems/maximize-the-minimum-powered-city,"Array, Binary Search, Greedy, Queue, Sliding Window, Prefix Sum"
MEDIUM,Minimum Operations to Convert All Elements to Zero,12.5,0.5283,https://leetcode.com/problems/minimum-operations-to-convert-all-elements-to-zero,"Array, Hash Table, Stack, Greedy, Monotonic Stack"
EASY,Count of Matches in Tournament,12.5,0.8658,https://leetcode.com/problems/count-of-matches-in-tournament,"Math, Simulation"
MEDIUM,Greatest Sum Divisible by Three,12.5,0.5700,https://leetcode.com/problems/greatest-sum-divisible-by-three,"Array, Dynamic Programming, Greedy, Sorting"
HARD,Process String with Special Operations II,12.5,0.3971,https://leetcode.com/problems/process-string-with-special-operations-ii,"String, Simulation"
MEDIUM,Count Special Triplets,12.5,0.4707,https://leetcode.com/problems/count-special-triplets,"Array, Hash Table, Counting"
MEDIUM,Number of Smooth Descent Periods of a Stock,12.5,0.6764,https://leetcode.com/problems/number-of-smooth-descent-periods-of-a-stock,"Array, Math, Two Pointers, Dynamic Programming, Sliding Window"
HARD,Number of Ways to Paint N × 3 Grid,12.5,0.8059,https://leetcode.com/problems/number-of-ways-to-paint-n-3-grid,"Dynamic Programming, Graph Coloring"
HARD,Tallest Billboard,12.5,0.5190,https://leetcode.com/problems/tallest-billboard,"Array, Dynamic Programming, Meet in the Middle, Knapsack Problem, 0-1 Knapsack"
MEDIUM,Minimum ASCII Delete Sum for Two Strings,12.5,0.7118,https://leetcode.com/problems/minimum-ascii-delete-sum-for-two-strings,"String, Dynamic Programming, Longest Common Subsequence"
MEDIUM,Maximum Square Area by Removing Fences From a Field,12.5,0.4941,https://leetcode.com/problems/maximum-square-area-by-removing-fences-from-a-field,"Array, Hash Table, Enumeration"
MEDIUM,Minimum Removals to Balance Array,12.5,0.4766,https://leetcode.com/problems/minimum-removals-to-balance-array,"Array, Binary Search, Sliding Window, Sorting"
MEDIUM,Restaurant Growth,12.5,0.5996,https://leetcode.com/problems/restaurant-growth,Database
MEDIUM,Longest Balanced Substring II,12.5,0.4166,https://leetcode.com/problems/longest-balanced-substring-ii,"Hash Table, String, Prefix Sum"
MEDIUM,Jump Game IX,12.5,0.4617,https://leetcode.com/problems/jump-game-ix,"Array, Dynamic Programming"
MEDIUM,Minimum Jumps to Reach End via Prime Teleportation,12.5,0.4429,https://leetcode.com/problems/minimum-jumps-to-reach-end-via-prime-teleportation,"Array, Hash Table, Math, Breadth-First Search, Number Theory"
MEDIUM,Minimum Moves to Make Array Complementary,12.5,0.6485,https://leetcode.com/problems/minimum-moves-to-make-array-complementary,"Array, Hash Table, Prefix Sum"
EASY,Check if Array is Good,12.5,0.5720,https://leetcode.com/problems/check-if-array-is-good,"Array, Hash Table, Sorting"
MEDIUM,Count the Number of Special Characters II,12.5,0.6033,https://leetcode.com/problems/count-the-number-of-special-characters-ii,"Hash Table, String"
EASY,Earliest Finish Time for Land and Water Rides I,12.5,0.7261,https://leetcode.com/problems/earliest-finish-time-for-land-and-water-rides-i,"Array, Two Pointers, Binary Search, Greedy, Sorting"
HARD,Number of Ways to Assign Edge Weights II,12.5,0.7180,https://leetcode.com/problems/number-of-ways-to-assign-edge-weights-ii,"Array, Math, Dynamic Programming, Bit Manipulation, Tree, Depth-First Search"
MEDIUM,Find Right Interval,12.5,0.5663,https://leetcode.com/problems/find-right-interval,"Array, Binary Search, Sorting"
HARD,K Inverse Pairs Array,12.5,0.4903,https://leetcode.com/problems/k-inverse-pairs-array,Dynamic Programming
EASY,Number of Days Between Two Dates,12.5,0.5362,https://leetcode.com/problems/number-of-days-between-two-dates,"Math, String"
HARD,Constrained Subsequence Sum,12.5,0.5643,https://leetcode.com/problems/constrained-subsequence-sum,"Array, Dynamic Programming, Queue, Sliding Window, Heap (Priority Queue), Monotonic Queue"
EASY,Count Number of Pairs With Absolute Difference K,12.5,0.8551,https://leetcode.com/problems/count-number-of-pairs-with-absolute-difference-k,"Array, Hash Table, Counting"
EASY,Most Frequent Even Element,12.5,0.5429,https://leetcode.com/problems/most-frequent-even-element,"Array, Hash Table, Counting"
EASY,Remove Digit From Number to Maximize Result,12.5,0.4887,https://leetcode.com/problems/remove-digit-from-number-to-maximize-result,"String, Greedy, Enumeration"
MEDIUM,Design a Food Rating System,12.5,0.5289,https://leetcode.com/problems/design-a-food-rating-system,"Array, Hash Table, String, Design, Heap (Priority Queue), Ordered Set"
HARD,Longest Cycle in a Graph,12.5,0.5122,https://leetcode.com/problems/longest-cycle-in-a-graph,"Depth-First Search, Breadth-First Search, Graph Theory, Topological Sort, Kosaraju's Algorithm, Tarjan's SCC Algorithm"
MEDIUM,Amount of Time for Binary Tree to Be Infected,12.5,0.6605,https://leetcode.com/problems/amount-of-time-for-binary-tree-to-be-infected,"Hash Table, Tree, Depth-First Search, Breadth-First Search, Binary Tree"
EASY,Count the Digits That Divide a Number,12.5,0.8621,https://leetcode.com/problems/count-the-digits-that-divide-a-number,Math
MEDIUM,Check if Object Instance of Class,12.5,0.3042,https://leetcode.com/problems/check-if-object-instance-of-class,
MEDIUM,N-ary Tree Level Order Traversal,12.5,0.7168,https://leetcode.com/problems/n-ary-tree-level-order-traversal,"Tree, Breadth-First Search"
MEDIUM,Most Profit Assigning Work,12.5,0.5637,https://leetcode.com/problems/most-profit-assigning-work,"Array, Two Pointers, Binary Search, Greedy, Sorting"
EASY,Verifying an Alien Dictionary,12.5,0.5615,https://leetcode.com/problems/verifying-an-alien-dictionary,"Array, Hash Table, String"
HARD,Check If It Is a Good Array,12.5,0.6594,https://leetcode.com/problems/check-if-it-is-a-good-array,"Array, Math, Number Theory, Bézout's Lemma, Euclidean Algorithm, Greatest Common Divisor, Extended Euclidean Algorithm"
EASY,Widest Vertical Area Between Two Points Containing No Points,12.5,0.8708,https://leetcode.com/problems/widest-vertical-area-between-two-points-containing-no-points,"Array, Sorting"
MEDIUM,Seat Reservation Manager,12.5,0.6748,https://leetcode.com/problems/seat-reservation-manager,"Design, Heap (Priority Queue)"
EASY,Longest Nice Substring,12.5,0.6481,https://leetcode.com/problems/longest-nice-substring,"Hash Table, String, Divide and Conquer, Bit Manipulation, Sliding Window"
HARD,Build Array Where You Can Find The Maximum Exactly K Comparisons,12.5,0.6524,https://leetcode.com/problems/build-array-where-you-can-find-the-maximum-exactly-k-comparisons,"Dynamic Programming, Prefix Sum"
EASY,Maximum Odd Binary Number,12.5,0.8279,https://leetcode.com/problems/maximum-odd-binary-number,"Math, String, Greedy"
EASY,Minimum Bit Flips to Convert Number,12.5,0.8799,https://leetcode.com/problems/minimum-bit-flips-to-convert-number,Bit Manipulation
EASY,Number Complement,12.5,0.7060,https://leetcode.com/problems/number-complement,Bit Manipulation
MEDIUM,Count Sub Islands,12.5,0.7310,https://leetcode.com/problems/count-sub-islands,"Array, Depth-First Search, Breadth-First Search, Union-Find, Matrix"
HARD,Modify Graph Edge Weights,12.5,0.5517,https://leetcode.com/problems/modify-graph-edge-weights,"Graph Theory, Heap (Priority Queue), Shortest Path"
EASY,Find Minimum Operations to Make All Elements Divisible by Three,12.5,0.9065,https://leetcode.com/problems/find-minimum-operations-to-make-all-elements-divisible-by-three,"Array, Math"
EASY,Count the Number of Special Characters I,12.5,0.7712,https://leetcode.com/problems/count-the-number-of-special-characters-i,"Hash Table, String"
MEDIUM,Pairs of Songs With Total Durations Divisible by 60,12.5,0.5356,https://leetcode.com/problems/pairs-of-songs-with-total-durations-divisible-by-60,"Array, Hash Table, Counting"
MEDIUM,Score of Parentheses,12.5,0.6347,https://leetcode.com/problems/score-of-parentheses,"String, Stack, Bracket Sequences"
MEDIUM,Divide Intervals Into Minimum Number of Groups,12.5,0.6354,https://leetcode.com/problems/divide-intervals-into-minimum-number-of-groups,"Array, Two Pointers, Greedy, Sorting, Heap (Priority Queue), Prefix Sum"
MEDIUM,Tweet Counts Per Frequency,12.5,0.4662,https://leetcode.com/problems/tweet-counts-per-frequency,"Hash Table, String, Binary Search, Design, Sorting, Ordered Set"
MEDIUM,Separate Black and White Balls,12.5,0.6384,https://leetcode.com/problems/separate-black-and-white-balls,"Two Pointers, String, Greedy"
MEDIUM,Largest Combination With Bitwise AND Greater Than Zero,12.5,0.8072,https://leetcode.com/problems/largest-combination-with-bitwise-and-greater-than-zero,"Array, Hash Table, Bit Manipulation, Counting"
MEDIUM,Shortest Subarray With OR at Least K II,12.5,0.5013,https://leetcode.com/problems/shortest-subarray-with-or-at-least-k-ii,"Array, Bit Manipulation, Sliding Window"
MEDIUM,Most Beautiful Item for Each Query,12.5,0.6198,https://leetcode.com/problems/most-beautiful-item-for-each-query,"Array, Binary Search, Sorting"
MEDIUM,Find the Power of K-Size Subarrays I,12.5,0.6188,https://leetcode.com/problems/find-the-power-of-k-size-subarrays-i,"Array, Sliding Window"
MEDIUM,Shortest Distance After Road Addition Queries I,12.5,0.6164,https://leetcode.com/problems/shortest-distance-after-road-addition-queries-i,"Array, Breadth-First Search, Graph Theory"
MEDIUM,Find Score of an Array After Marking All Elements,12.5,0.6426,https://leetcode.com/problems/find-score-of-an-array-after-marking-all-elements,"Array, Hash Table, Sorting, Heap (Priority Queue), Simulation"
HARD,Find Minimum Diameter After Merging Two Trees,12.5,0.5679,https://leetcode.com/problems/find-minimum-diameter-after-merging-two-trees,"Tree, Depth-First Search, Breadth-First Search, Graph Theory"
EASY,Number of Segments in a String,12.5,0.3783,https://leetcode.com/problems/number-of-segments-in-a-string,String
EASY,Convert the Temperature,12.5,0.9035,https://leetcode.com/problems/convert-the-temperature,Math
MEDIUM,Maximum Coins From K Consecutive Bags,12.5,0.2790,https://leetcode.com/problems/maximum-coins-from-k-consecutive-bags,"Array, Binary Search, Greedy, Sliding Window, Sorting, Prefix Sum"
MEDIUM,Coloring A Border,12.5,0.5175,https://leetcode.com/problems/coloring-a-border,"Array, Depth-First Search, Breadth-First Search, Matrix"
EASY,Row With Maximum Ones,12.5,0.7415,https://leetcode.com/problems/row-with-maximum-ones,"Array, Matrix"
MEDIUM,Analyze User Website Visit Pattern,12.5,0.4435,https://leetcode.com/problems/analyze-user-website-visit-pattern,"Array, Hash Table, String, Sorting"
EASY,Max Pair Sum in an Array,12.5,0.6140,https://leetcode.com/problems/max-pair-sum-in-an-array,"Array, Hash Table"
MEDIUM,Find Good Days to Rob the Bank,12.5,0.5207,https://leetcode.com/problems/find-good-days-to-rob-the-bank,"Array, Dynamic Programming, Prefix Sum"
EASY,Check if One String Swap Can Make Strings Equal,12.5,0.4955,https://leetcode.com/problems/check-if-one-string-swap-can-make-strings-equal,"Hash Table, String, Counting"
EASY,Minimum Operations to Make the Array Increasing,12.5,0.8248,https://leetcode.com/problems/minimum-operations-to-make-the-array-increasing,"Array, Greedy"
EASY,Sum of Unique Elements,12.5,0.8038,https://leetcode.com/problems/sum-of-unique-elements,"Array, Hash Table, Counting"
EASY,Minimum Number Game,12.5,0.8555,https://leetcode.com/problems/minimum-number-game,"Array, Sorting, Heap (Priority Queue), Simulation"
EASY,Find Indices of Stable Mountains,12.5,0.8657,https://leetcode.com/problems/find-indices-of-stable-mountains,Array
EASY,Divide Array Into Equal Pairs,12.5,0.7924,https://leetcode.com/problems/divide-array-into-equal-pairs,"Array, Hash Table, Bit Manipulation, Counting"
EASY,Maximum Repeating Substring,12.5,0.4245,https://leetcode.com/problems/maximum-repeating-substring,"String, Dynamic Programming, String Matching"
MEDIUM,Minimum Operations to Make a Uni-Value Grid,12.5,0.7080,https://leetcode.com/problems/minimum-operations-to-make-a-uni-value-grid,"Array, Math, Sorting, Matrix"
MEDIUM,Minimum Index of a Valid Split,12.5,0.7519,https://leetcode.com/problems/minimum-index-of-a-valid-split,"Array, Hash Table, Sorting"
HARD,Maximum Number of Points From Grid Queries,12.5,0.5922,https://leetcode.com/problems/maximum-number-of-points-from-grid-queries,"Array, Two Pointers, Breadth-First Search, Union-Find, Sorting, Heap (Priority Queue), Matrix"
EASY,Minimum Cuts to Divide a Circle,12.5,0.5687,https://leetcode.com/problems/minimum-cuts-to-divide-a-circle,"Math, Geometry"
EASY,Maximum Value of an Ordered Triplet I,12.5,0.5808,https://leetcode.com/problems/maximum-value-of-an-ordered-triplet-i,"Array, Prefix Sum"
HARD,Find the String with LCP,12.5,0.6316,https://leetcode.com/problems/find-the-string-with-lcp,"Array, String, Dynamic Programming, Greedy, Union-Find, Matrix"
EASY,Filter Elements from Array,12.5,0.8551,https://leetcode.com/problems/filter-elements-from-array,
MEDIUM,Mirror Reflection,12.5,0.6255,https://leetcode.com/problems/mirror-reflection,"Math, Geometry, Number Theory, Least Common Multiple, Greatest Common Divisor"
EASY,Check if Matrix Is X-Matrix,12.5,0.6737,https://leetcode.com/problems/check-if-matrix-is-x-matrix,"Array, Matrix"
MEDIUM,Make Array Non-decreasing,12.5,0.5738,https://leetcode.com/problems/make-array-non-decreasing,"Array, Stack, Greedy, Monotonic Stack"
MEDIUM,Count the Hidden Sequences,12.5,0.5667,https://leetcode.com/problems/count-the-hidden-sequences,"Array, Prefix Sum"
MEDIUM,Minimum Swaps to Sort by Digit Sum,12.5,0.5018,https://leetcode.com/problems/minimum-swaps-to-sort-by-digit-sum,"Array, Hash Table, Sorting"
EASY,The Latest Login in 2020,12.5,0.7731,https://leetcode.com/problems/the-latest-login-in-2020,Database
MEDIUM,Maximize the Number of Target Nodes After Connecting Trees I,12.5,0.6900,https://leetcode.com/problems/maximize-the-number-of-target-nodes-after-connecting-trees-i,"Tree, Depth-First Search, Breadth-First Search"
MEDIUM,String Without AAA or BBB,12.5,0.4568,https://leetcode.com/problems/string-without-aaa-or-bbb,"String, Greedy"
HARD,Maximize the Number of Target Nodes After Connecting Trees II,12.5,0.7254,https://leetcode.com/problems/maximize-the-number-of-target-nodes-after-connecting-trees-ii,"Tree, Depth-First Search, Breadth-First Search"
MEDIUM,Lexicographically Smallest Equivalent String,12.5,0.8112,https://leetcode.com/problems/lexicographically-smallest-equivalent-string,"String, Union-Find"
EASY,Maximum Difference Between Adjacent Elements in a Circular Array,12.5,0.7529,https://leetcode.com/problems/maximum-difference-between-adjacent-elements-in-a-circular-array,Array
MEDIUM,Max Difference You Can Get From Changing an Integer,12.5,0.4860,https://leetcode.com/problems/max-difference-you-can-get-from-changing-an-integer,"Math, Greedy"
HARD,Find Weighted Median Node in Tree,12.5,0.2679,https://leetcode.com/problems/find-weighted-median-node-in-tree,"Array, Binary Search, Dynamic Programming, Bit Manipulation, Tree, Depth-First Search"
HARD,Number of Squareful Arrays,12.5,0.5196,https://leetcode.com/problems/number-of-squareful-arrays,"Array, Hash Table, Math, Dynamic Programming, Backtracking, Bit Manipulation, Bitmask"
MEDIUM,Matchsticks to Square,12.5,0.4234,https://leetcode.com/problems/matchsticks-to-square,"Array, Dynamic Programming, Backtracking, Bit Manipulation, Bitmask"
MEDIUM,Maximum Nesting Depth of Two Valid Parentheses Strings,12.5,0.7229,https://leetcode.com/problems/maximum-nesting-depth-of-two-valid-parentheses-strings,"String, Stack, Bracket Sequences"
HARD,Minimum Difference in Sums After Removal of Elements,12.5,0.6952,https://leetcode.com/problems/minimum-difference-in-sums-after-removal-of-elements,"Array, Dynamic Programming, Heap (Priority Queue)"
EASY,Decode the Message,12.5,0.8600,https://leetcode.com/problems/decode-the-message,"Hash Table, String"
EASY,Find Common Elements Between Two Arrays,12.5,0.8473,https://leetcode.com/problems/find-common-elements-between-two-arrays,"Array, Hash Table"
EASY,Maximum Subarray With Equal Products,12.5,0.4686,https://leetcode.com/problems/maximum-subarray-with-equal-products,"Array, Math, Sliding Window, Enumeration, Number Theory"
MEDIUM,Vowel Spellchecker,12.5,0.6146,https://leetcode.com/problems/vowel-spellchecker,"Array, Hash Table, String"
MEDIUM,Friend Requests II: Who Has the Most Friends,12.5,0.6378,https://leetcode.com/problems/friend-requests-ii-who-has-the-most-friends,Database
MEDIUM,Subsequence Sum After Capping Elements,12.5,0.2540,https://leetcode.com/problems/subsequence-sum-after-capping-elements,"Array, Two Pointers, Dynamic Programming, Sorting"
MEDIUM,Design Spreadsheet,12.5,0.7336,https://leetcode.com/problems/design-spreadsheet,"Array, Hash Table, String, Design, Matrix"
MEDIUM,Successful Pairs of Spells and Potions,12.5,0.4989,https://leetcode.com/problems/successful-pairs-of-spells-and-potions,"Array, Two Pointers, Binary Search, Sorting"
HARD,Minimum Cost to Reach Destination in Time,12.5,0.4257,https://leetcode.com/problems/minimum-cost-to-reach-destination-in-time,"Array, Dynamic Programming, Graph Theory, Dijkstra's Algorithm"
EASY,Check If Digits Are Equal in String After Operations I,12.5,0.8228,https://leetcode.com/problems/check-if-digits-are-equal-in-string-after-operations-i,"Math, String, Simulation, Combinatorics, Number Theory"
EASY,Make Array Elements Equal to Zero,12.5,0.6814,https://leetcode.com/problems/make-array-elements-equal-to-zero,"Array, Simulation, Prefix Sum"
MEDIUM,Largest Magic Square,12.5,0.7519,https://leetcode.com/problems/largest-magic-square,"Array, Matrix, Prefix Sum"
HARD,Find X-Sum of All K-Long Subarrays II,12.5,0.4109,https://leetcode.com/problems/find-x-sum-of-all-k-long-subarrays-ii,"Array, Hash Table, Sliding Window, Heap (Priority Queue)"
EASY,Actors and Directors Who Cooperated At Least Three Times,12.5,0.7151,https://leetcode.com/problems/actors-and-directors-who-cooperated-at-least-three-times,Database
EASY,Count Partitions with Even Sum Difference,12.5,0.8518,https://leetcode.com/problems/count-partitions-with-even-sum-difference,"Array, Math, Prefix Sum"
MEDIUM,Total Waviness of Numbers in Range I,12.5,0.8691,https://leetcode.com/problems/total-waviness-of-numbers-in-range-i,"Math, Dynamic Programming, Enumeration"
MEDIUM,Count the Number of Computer Unlocking Permutations,12.5,0.5868,https://leetcode.com/problems/count-the-number-of-computer-unlocking-permutations,"Array, Math, Brainteaser, Combinatorics"
EASY,Apple Redistribution into Boxes,12.5,0.7845,https://leetcode.com/problems/apple-redistribution-into-boxes,"Array, Greedy, Sorting"
MEDIUM,Smallest Subtree with all the Deepest Nodes,12.5,0.7773,https://leetcode.com/problems/smallest-subtree-with-all-the-deepest-nodes,"Hash Table, Tree, Depth-First Search, Breadth-First Search, Binary Tree, Binary Lifting, Lowest Common Ancestor, DP on Trees"
HARD,Find Nth Smallest Integer With K One Bits,12.5,0.3448,https://leetcode.com/problems/find-nth-smallest-integer-with-k-one-bits,"Math, Bit Manipulation, Combinatorics"
HARD,Minimum Cost Path with Teleportations,12.5,0.4501,https://leetcode.com/problems/minimum-cost-path-with-teleportations,"Array, Dynamic Programming, Matrix"
HARD,Maximize Cyclic Partition Score,12.5,0.1472,https://leetcode.com/problems/maximize-cyclic-partition-score,"Array, Dynamic Programming"
HARD,Minimum Deletions to Make Array Divisible,12.5,0.6178,https://leetcode.com/problems/minimum-deletions-to-make-array-divisible,"Array, Math, Sorting, Heap (Priority Queue), Number Theory, Euclidean Algorithm, Greatest Common Divisor"
EASY,Prime Number of Set Bits in Binary Representation,12.5,0.7904,https://leetcode.com/problems/prime-number-of-set-bits-in-binary-representation,"Math, Bit Manipulation, Primality Test"
EASY,Sum of Root To Leaf Binary Numbers,12.5,0.7671,https://leetcode.com/problems/sum-of-root-to-leaf-binary-numbers,"Tree, Depth-First Search, Binary Tree"
HARD,Minimum Operations to Equalize Binary String,12.5,0.4481,https://leetcode.com/problems/minimum-operations-to-equalize-binary-string,"Math, String, Breadth-First Search, Union-Find, Ordered Set"
MEDIUM,Market Analysis I,12.5,0.5792,https://leetcode.com/problems/market-analysis-i,Database
HARD,Maximize Spanning Tree Stability with Upgrades,12.5,0.6566,https://leetcode.com/problems/maximize-spanning-tree-stability-with-upgrades,"Binary Search, Greedy, Union-Find, Graph Theory, Minimum Spanning Tree"
MEDIUM,Get Biggest Three Rhombus Sums in a Grid,12.5,0.7132,https://leetcode.com/problems/get-biggest-three-rhombus-sums-in-a-grid,"Array, Math, Sorting, Heap (Priority Queue), Matrix, Prefix Sum"
MEDIUM,Count Submatrices with Top-Left Element and Sum Less Than k,12.5,0.7464,https://leetcode.com/problems/count-submatrices-with-top-left-element-and-sum-less-than-k,"Array, Matrix, Prefix Sum"
MEDIUM,Minimum Absolute Difference in Sliding Submatrix,12.5,0.7832,https://leetcode.com/problems/minimum-absolute-difference-in-sliding-submatrix,"Array, Sorting, Matrix"
MEDIUM,Equal Sum Grid Partition I,12.5,0.5286,https://leetcode.com/problems/equal-sum-grid-partition-i,"Array, Matrix, Enumeration, Prefix Sum"
HARD,Equal Sum Grid Partition II,12.5,0.3934,https://leetcode.com/problems/equal-sum-grid-partition-ii,"Array, Hash Table, Matrix, Enumeration, Prefix Sum"
HARD,Lexicographically Smallest Generated String,12.5,0.5345,https://leetcode.com/problems/lexicographically-smallest-generated-string,"String, Greedy, String Matching"
HARD,Maximize the Distance Between Points on a Square,12.5,0.5097,https://leetcode.com/problems/maximize-the-distance-between-points-on-a-square,"Array, Math, Binary Search, Geometry, Sorting"
EASY,Separate the Digits in an Array,12.5,0.8575,https://leetcode.com/problems/separate-the-digits-in-an-array,"Array, Simulation"
HARD,Total Waviness of Numbers in Range II,12.5,0.5618,https://leetcode.com/problems/total-waviness-of-numbers-in-range-ii,"Math, Dynamic Programming"
HARD,Number of ZigZag Arrays II,12.5,0.6719,https://leetcode.com/problems/number-of-zigzag-arrays-ii,"Math, Dynamic Programming"
HARD,Consecutive Numbers Sum,12.5,0.4293,https://leetcode.com/problems/consecutive-numbers-sum,"Math, Enumeration"
MEDIUM,Building H2O,12.5,0.5860,https://leetcode.com/problems/building-h2o,Concurrency
EASY,The K Weakest Rows in a Matrix,12.5,0.7456,https://leetcode.com/problems/the-k-weakest-rows-in-a-matrix,"Array, Binary Search, Sorting, Heap (Priority Queue), Matrix"
MEDIUM,Linked List in Binary Tree,12.5,0.5204,https://leetcode.com/problems/linked-list-in-binary-tree,"Linked List, Tree, Depth-First Search, Binary Tree"
MEDIUM,HTML Entity Parser,12.5,0.5004,https://leetcode.com/problems/html-entity-parser,"Hash Table, String"
HARD,Find Critical and Pseudo-Critical Edges in Minimum Spanning Tree,12.5,0.6679,https://leetcode.com/problems/find-critical-and-pseudo-critical-edges-in-minimum-spanning-tree,"Union-Find, Graph Theory, Sorting, Minimum Spanning Tree, Strongly Connected Component, Prim's Algorithm, Kruskal's Algorithm, Borůvka's Algorithm"
EASY,Check If Two String Arrays are Equivalent,12.5,0.8624,https://leetcode.com/problems/check-if-two-string-arrays-are-equivalent,"Array, String"
MEDIUM,Count Number of Homogenous Substrings,12.5,0.5731,https://leetcode.com/problems/count-number-of-homogenous-substrings,"Math, String"
HARD,Minimum Cost to Make Array Equal,12.5,0.4695,https://leetcode.com/problems/minimum-cost-to-make-array-equal,"Array, Binary Search, Greedy, Sorting, Prefix Sum"
MEDIUM,Find Bottom Left Tree Value,12.5,0.7264,https://leetcode.com/problems/find-bottom-left-tree-value,"Tree, Depth-First Search, Breadth-First Search, Binary Tree"
MEDIUM,Append Characters to String to Make Subsequence,12.5,0.7314,https://leetcode.com/problems/append-characters-to-string-to-make-subsequence,"Two Pointers, String, Greedy"
HARD,Robot Collisions,12.5,0.6166,https://leetcode.com/problems/robot-collisions,"Array, Stack, Sorting, Simulation"
MEDIUM,Score After Flipping Matrix,12.5,0.8030,https://leetcode.com/problems/score-after-flipping-matrix,"Array, Greedy, Bit Manipulation, Matrix"
MEDIUM,Minimum Increment to Make Array Unique,12.5,0.6082,https://leetcode.com/problems/minimum-increment-to-make-array-unique,"Array, Greedy, Sorting, Counting"
HARD,Find the Maximum Sum of Node Values,12.5,0.6908,https://leetcode.com/problems/find-the-maximum-sum-of-node-values,"Array, Dynamic Programming, Greedy, Bit Manipulation, Tree, Sorting"
HARD,Verbal Arithmetic Puzzle,12.5,0.3366,https://leetcode.com/problems/verbal-arithmetic-puzzle,"Array, Math, String, Backtracking"
HARD,Maximum Performance of a Team,12.5,0.4813,https://leetcode.com/problems/maximum-performance-of-a-team,"Array, Greedy, Sorting, Heap (Priority Queue)"
MEDIUM,Subrectangle Queries,12.5,0.8650,https://leetcode.com/problems/subrectangle-queries,"Array, Design, Matrix"
MEDIUM,Egg Drop With 2 Eggs and N Floors,12.5,0.7481,https://leetcode.com/problems/egg-drop-with-2-eggs-and-n-floors,"Math, Dynamic Programming"
MEDIUM,Minimum Swaps to Group All 1's Together II,12.5,0.6576,https://leetcode.com/problems/minimum-swaps-to-group-all-1s-together-ii,"Array, Sliding Window"
EASY,N-ary Tree Postorder Traversal,12.5,0.8124,https://leetcode.com/problems/n-ary-tree-postorder-traversal,"Stack, Tree, Depth-First Search"
EASY,Minimum Moves to Convert String,12.5,0.5841,https://leetcode.com/problems/minimum-moves-to-convert-string,"String, Greedy"
EASY,Sum of Digits of String After Convert,12.5,0.7484,https://leetcode.com/problems/sum-of-digits-of-string-after-convert,"String, Simulation"
MEDIUM,Spiral Matrix IV,12.5,0.8236,https://leetcode.com/problems/spiral-matrix-iv,"Array, Linked List, Matrix, Simulation"
MEDIUM,Restore the Array From Adjacent Pairs,12.5,0.7519,https://leetcode.com/problems/restore-the-array-from-adjacent-pairs,"Array, Hash Table, Depth-First Search"
HARD,Super Washing Machines,12.5,0.4556,https://leetcode.com/problems/super-washing-machines,"Array, Greedy"
MEDIUM,Shortest String That Contains Three Strings,12.5,0.3233,https://leetcode.com/problems/shortest-string-that-contains-three-strings,"String, Greedy, Enumeration"
MEDIUM,Maximum Subarray Sum with One Deletion,12.5,0.4970,https://leetcode.com/problems/maximum-subarray-sum-with-one-deletion,"Array, Dynamic Programming"
HARD,Chalkboard XOR Game,12.5,0.6726,https://leetcode.com/problems/chalkboard-xor-game,"Array, Math, Bit Manipulation, Brainteaser, Game Theory, Zero-Sum Game, Impartial Game"
HARD,Make Array Non-decreasing or Non-increasing,12.5,0.6476,https://leetcode.com/problems/make-array-non-decreasing-or-non-increasing,"Array, Dynamic Programming, Greedy, Heap (Priority Queue)"
MEDIUM,K-th Largest Perfect Subtree Size in Binary Tree,12.5,0.6191,https://leetcode.com/problems/k-th-largest-perfect-subtree-size-in-binary-tree,"Tree, Depth-First Search, Sorting, Binary Tree"
EASY,Create Target Array in the Given Order,12.5,0.8664,https://leetcode.com/problems/create-target-array-in-the-given-order,"Array, Simulation"
MEDIUM,Maximum Number of Moves in a Grid,12.5,0.5857,https://leetcode.com/problems/maximum-number-of-moves-in-a-grid,"Array, Dynamic Programming, Matrix"
EASY,Day of the Week,12.5,0.5982,https://leetcode.com/problems/day-of-the-week,Math
EASY,Find the Middle Index in Array,12.5,0.7066,https://leetcode.com/problems/find-the-middle-index-in-array,"Array, Prefix Sum"
EASY,Check If a Word Occurs As a Prefix of Any Word in a Sentence,12.5,0.6883,https://leetcode.com/problems/check-if-a-word-occurs-as-a-prefix-of-any-word-in-a-sentence,"Two Pointers, String, String Matching"
MEDIUM,Binary Search Tree to Greater Sum Tree,12.5,0.8844,https://leetcode.com/problems/binary-search-tree-to-greater-sum-tree,"Tree, Depth-First Search, Binary Search Tree, Binary Tree"
MEDIUM,Maximum Possible Number by Binary Concatenation,12.5,0.6497,https://leetcode.com/problems/maximum-possible-number-by-binary-concatenation,"Array, Bit Manipulation, Enumeration"
HARD,Find Building Where Alice and Bob Can Meet,12.5,0.5237,https://leetcode.com/problems/find-building-where-alice-and-bob-can-meet,"Array, Binary Search, Stack, Binary Indexed Tree, Segment Tree, Heap (Priority Queue), Monotonic Stack"
MEDIUM,Find Triangular Sum of an Array,12.5,0.8199,https://leetcode.com/problems/find-triangular-sum-of-an-array,"Array, Math, Simulation, Combinatorics, Number Theory"
MEDIUM,Minimum Number of Operations to Sort a Binary Tree by Level,12.5,0.7425,https://leetcode.com/problems/minimum-number-of-operations-to-sort-a-binary-tree-by-level,"Tree, Breadth-First Search, Binary Tree"
EASY,Find the Key of the Numbers,12.5,0.7606,https://leetcode.com/problems/find-the-key-of-the-numbers,Math
MEDIUM,Count Ways To Build Good Strings,12.5,0.5881,https://leetcode.com/problems/count-ways-to-build-good-strings,Dynamic Programming
MEDIUM,Ways to Split Array Into Three Subarrays,12.5,0.3467,https://leetcode.com/problems/ways-to-split-array-into-three-subarrays,"Array, Two Pointers, Binary Search, Prefix Sum"
MEDIUM,Convert BST to Greater Tree,12.5,0.7199,https://leetcode.com/problems/convert-bst-to-greater-tree,"Tree, Depth-First Search, Binary Search Tree, Binary Tree"
HARD,Manhattan Distances of All Arrangements of Pieces,12.5,0.3373,https://leetcode.com/problems/manhattan-distances-of-all-arrangements-of-pieces,"Math, Combinatorics"
EASY,Count Items Matching a Rule,12.5,0.8548,https://leetcode.com/problems/count-items-matching-a-rule,"Array, String"
MEDIUM,Merge Nodes in Between Zeros,12.5,0.8972,https://leetcode.com/problems/merge-nodes-in-between-zeros,"Linked List, Simulation"
MEDIUM,Swap For Longest Repeated Character Substring,12.5,0.4511,https://leetcode.com/problems/swap-for-longest-repeated-character-substring,"Hash Table, String, Sliding Window"
EASY,Find the Distance Value Between Two Arrays,12.5,0.7236,https://leetcode.com/problems/find-the-distance-value-between-two-arrays,"Array, Two Pointers, Binary Search, Sorting"
MEDIUM,Uncrossed Lines,12.5,0.6566,https://leetcode.com/problems/uncrossed-lines,"Array, Dynamic Programming, Longest Common Subsequence"
MEDIUM,Maximum Number of Fish in a Grid,12.5,0.7040,https://leetcode.com/problems/maximum-number-of-fish-in-a-grid,"Array, Depth-First Search, Breadth-First Search, Union-Find, Matrix"
MEDIUM,Maximum Distance Between a Pair of Values,12.5,0.6123,https://leetcode.com/problems/maximum-distance-between-a-pair-of-values,"Array, Two Pointers, Binary Search"
MEDIUM,Minimum Operations to Exceed Threshold Value II,12.5,0.4579,https://leetcode.com/problems/minimum-operations-to-exceed-threshold-value-ii,"Array, Heap (Priority Queue), Simulation"
EASY,Biggest Single Number,12.5,0.7228,https://leetcode.com/problems/biggest-single-number,Database
MEDIUM,Split Array into Fibonacci Sequence,12.5,0.4071,https://leetcode.com/problems/split-array-into-fibonacci-sequence,"String, Backtracking"
EASY,Select Data,12.5,0.7834,https://leetcode.com/problems/select-data,
HARD,Length of Longest V-Shaped Diagonal Segment,12.5,0.5589,https://leetcode.com/problems/length-of-longest-v-shaped-diagonal-segment,"Array, Dynamic Programming, Memoization, Matrix"
EASY,Display the First Three Rows,12.5,0.9298,https://leetcode.com/problems/display-the-first-three-rows,
MEDIUM,Maximum Subarray Min-Product,12.5,0.4098,https://leetcode.com/problems/maximum-subarray-min-product,"Array, Stack, Monotonic Stack, Prefix Sum, Cartesian Tree"
HARD,Number of Distinct Islands II,12.5,0.5570,https://leetcode.com/problems/number-of-distinct-islands-ii,"Array, Hash Table, Depth-First Search, Breadth-First Search, Union-Find, Sorting, Matrix, Hash Function"
MEDIUM,Count Total Number of Colored Cells,12.5,0.6620,https://leetcode.com/problems/count-total-number-of-colored-cells,Math
EASY,Reshape Data: Concatenate,12.5,0.9041,https://leetcode.com/problems/reshape-data-concatenate,
HARD,Total Appeal of A String,12.5,0.5678,https://leetcode.com/problems/total-appeal-of-a-string,"Hash Table, String, Dynamic Programming"
MEDIUM,Longest Non-decreasing Subarray From Two Arrays,12.5,0.3161,https://leetcode.com/problems/longest-non-decreasing-subarray-from-two-arrays,"Array, Dynamic Programming"
MEDIUM,Minimum Fuel Cost to Report to the Capital,12.5,0.6540,https://leetcode.com/problems/minimum-fuel-cost-to-report-to-the-capital,"Tree, Depth-First Search, Breadth-First Search, Graph Theory"
MEDIUM,Hash Divided String,12.5,0.8224,https://leetcode.com/problems/hash-divided-string,"String, Simulation"
EASY,Generate Fibonacci Sequence,12.5,0.8351,https://leetcode.com/problems/generate-fibonacci-sequence,
MEDIUM,Count the Number of Complete Components,12.5,0.8084,https://leetcode.com/problems/count-the-number-of-complete-components,"Depth-First Search, Breadth-First Search, Union-Find, Graph Theory"
EASY,A Number After a Double Reversal,12.5,0.8283,https://leetcode.com/problems/a-number-after-a-double-reversal,Math
EASY,Top Travellers,12.5,0.5790,https://leetcode.com/problems/top-travellers,Database
MEDIUM,Find the Divisibility Array of a String,12.5,0.3698,https://leetcode.com/problems/find-the-divisibility-array-of-a-string,"Array, Math, String"
MEDIUM,Shifting Letters,12.5,0.4654,https://leetcode.com/problems/shifting-letters,"Array, String, Prefix Sum"
EASY,Minimum Number of Operations to Make Elements in Array Distinct,12.5,0.7106,https://leetcode.com/problems/minimum-number-of-operations-to-make-elements-in-array-distinct,"Array, Hash Table"
EASY,Divide a String Into Groups of Size k,12.5,0.7694,https://leetcode.com/problems/divide-a-string-into-groups-of-size-k,"String, Simulation"
HARD,Longest Special Path II,12.5,0.1979,https://leetcode.com/problems/longest-special-path-ii,"Array, Hash Table, Tree, Depth-First Search, Prefix Sum"
MEDIUM,Buildings With an Ocean View,12.5,0.8091,https://leetcode.com/problems/buildings-with-an-ocean-view,"Array, Stack, Monotonic Stack"
HARD,Maximum Number of Tasks You Can Assign,12.5,0.4993,https://leetcode.com/problems/maximum-number-of-tasks-you-can-assign,"Array, Two Pointers, Binary Search, Greedy, Queue, Sorting, Monotonic Queue"
MEDIUM,Stone Game VII,12.5,0.5937,https://leetcode.com/problems/stone-game-vii,"Array, Math, Dynamic Programming, Minimax, Game Theory, Zero-Sum Game"
MEDIUM,Total Characters in String After Transformations I,12.5,0.4550,https://leetcode.com/problems/total-characters-in-string-after-transformations-i,"Hash Table, Math, String, Dynamic Programming, Counting"
MEDIUM,Number of Subarrays with Bounded Maximum,12.5,0.5543,https://leetcode.com/problems/number-of-subarrays-with-bounded-maximum,"Array, Two Pointers"
EASY,Generate a String With Characters That Have Odd Counts,12.5,0.7865,https://leetcode.com/problems/generate-a-string-with-characters-that-have-odd-counts,String
EASY,Delete Greatest Value in Each Row,12.5,0.8059,https://leetcode.com/problems/delete-greatest-value-in-each-row,"Array, Sorting, Heap (Priority Queue), Matrix, Simulation"
MEDIUM,Design Underground System,12.5,0.7470,https://leetcode.com/problems/design-underground-system,"Hash Table, String, Design"
MEDIUM,Find Closest Node to Given Two Nodes,12.5,0.5312,https://leetcode.com/problems/find-closest-node-to-given-two-nodes,"Depth-First Search, Graph Theory"
HARD,Maximum Candies You Can Get from Boxes,12.5,0.6700,https://leetcode.com/problems/maximum-candies-you-can-get-from-boxes,"Array, Breadth-First Search, Graph Theory"
MEDIUM,3Sum With Multiplicity,12.5,0.4651,https://leetcode.com/problems/3sum-with-multiplicity,"Array, Hash Table, Two Pointers, Sorting, Counting"
EASY,Maximum Difference Between Even and Odd Frequency I,12.5,0.6062,https://leetcode.com/problems/maximum-difference-between-even-and-odd-frequency-i,"Hash Table, String, Counting"
HARD,Make the XOR of All Segments Equal to Zero,12.5,0.4136,https://leetcode.com/problems/make-the-xor-of-all-segments-equal-to-zero,"Array, Hash Table, Dynamic Programming, Bit Manipulation, Counting"
EASY,Maximum Difference by Remapping a Digit,12.5,0.7556,https://leetcode.com/problems/maximum-difference-by-remapping-a-digit,"Math, Greedy"
EASY,Count Special Quadruplets,12.5,0.6506,https://leetcode.com/problems/count-special-quadruplets,"Array, Hash Table, Enumeration"
EASY,Unique 3-Digit Even Numbers,12.5,0.7993,https://leetcode.com/problems/unique-3-digit-even-numbers,"Array, Hash Table, Recursion, Enumeration"
MEDIUM,Card Flipping Game,12.5,0.5113,https://leetcode.com/problems/card-flipping-game,"Array, Hash Table"
EASY,Find Nearest Point That Has the Same X or Y Coordinate,12.5,0.7015,https://leetcode.com/problems/find-nearest-point-that-has-the-same-x-or-y-coordinate,Array
MEDIUM,Shortest Word Distance II,12.5,0.6308,https://leetcode.com/problems/shortest-word-distance-ii,"Array, Hash Table, Two Pointers, String, Design"
MEDIUM,Partition Array Such That Maximum Difference Is K,12.5,0.8178,https://leetcode.com/problems/partition-array-such-that-maximum-difference-is-k,"Array, Greedy, Sorting"
EASY,Longest Subsequence With Limited Sum,12.5,0.7384,https://leetcode.com/problems/longest-subsequence-with-limited-sum,"Array, Binary Search, Greedy, Sorting, Prefix Sum"
HARD,Closest Subsequence Sum,12.5,0.4516,https://leetcode.com/problems/closest-subsequence-sum,"Array, Two Pointers, Dynamic Programming, Bit Manipulation, Meet in the Middle, Sorting, Bitmask"
MEDIUM,Sum of Absolute Differences in a Sorted Array,12.5,0.6864,https://leetcode.com/problems/sum-of-absolute-differences-in-a-sorted-array,"Array, Math, Prefix Sum"
EASY,Sum of All Odd Length Subarrays,12.5,0.8418,https://leetcode.com/problems/sum-of-all-odd-length-subarrays,"Array, Math, Prefix Sum"
HARD,Reducing Dishes,12.5,0.7686,https://leetcode.com/problems/reducing-dishes,"Array, Dynamic Programming, Greedy, Sorting"
HARD,Count The Repetitions,12.5,0.3619,https://leetcode.com/problems/count-the-repetitions,"Two Pointers, String, Dynamic Programming"
EASY,Split the Array,12.5,0.6180,https://leetcode.com/problems/split-the-array,"Array, Hash Table, Counting"
MEDIUM,Maximum Matching of Players With Trainers,12.5,0.7551,https://leetcode.com/problems/maximum-matching-of-players-with-trainers,"Array, Two Pointers, Greedy, Sorting"
MEDIUM,Task Scheduler II,12.5,0.5506,https://leetcode.com/problems/task-scheduler-ii,"Array, Hash Table, Simulation"
EASY,Zigzag Grid Traversal With Skip,12.5,0.6496,https://leetcode.com/problems/zigzag-grid-traversal-with-skip,"Array, Matrix, Simulation"
MEDIUM,Vowels Game in a String,12.5,0.7694,https://leetcode.com/problems/vowels-game-in-a-string,"Math, String, Brainteaser, Game Theory"
MEDIUM,Letter Case Permutation,12.5,0.7612,https://leetcode.com/problems/letter-case-permutation,"String, Backtracking, Bit Manipulation"
HARD,Partition Array for Maximum XOR and AND,12.5,0.1783,https://leetcode.com/problems/partition-array-for-maximum-xor-and-and,"Array, Math, Greedy, Bit Manipulation, Enumeration"
HARD,Find the Maximum Number of Fruits Collected,12.5,0.6463,https://leetcode.com/problems/find-the-maximum-number-of-fruits-collected,"Array, Dynamic Programming, Matrix"
HARD,Collect Coins in a Tree,12.5,0.4005,https://leetcode.com/problems/collect-coins-in-a-tree,"Array, Tree, Graph Theory, Topological Sort"
HARD,Allocate Mailboxes,12.5,0.5708,https://leetcode.com/problems/allocate-mailboxes,"Array, Math, Dynamic Programming, Sorting"
HARD,Find the Minimum Area to Cover All Ones II,12.5,0.6318,https://leetcode.com/problems/find-the-minimum-area-to-cover-all-ones-ii,"Array, Matrix, Enumeration"
EASY,Maximum Area of Longest Diagonal Rectangle,12.5,0.4588,https://leetcode.com/problems/maximum-area-of-longest-diagonal-rectangle,Array
EASY,Find Closest Person,12.5,0.8872,https://leetcode.com/problems/find-closest-person,Math
MEDIUM,Promise Time Limit,12.5,0.8335,https://leetcode.com/problems/promise-time-limit,
MEDIUM,Count Bowl Subarrays,12.5,0.4824,https://leetcode.com/problems/count-bowl-subarrays,"Array, Stack, Monotonic Stack"
MEDIUM,Maximum Product of the Length of Two Palindromic Subsequences,12.5,0.6287,https://leetcode.com/problems/maximum-product-of-the-length-of-two-palindromic-subsequences,"String, Dynamic Programming, Backtracking, Bit Manipulation, Bitmask"
EASY,Find the Number of Winning Players,12.5,0.6042,https://leetcode.com/problems/find-the-number-of-winning-players,"Array, Hash Table, Counting"
MEDIUM,Highest Grade For Each Student,12.5,0.7119,https://leetcode.com/problems/highest-grade-for-each-student,Database
MEDIUM,Implement Router,12.5,0.3887,https://leetcode.com/problems/implement-router,"Array, Hash Table, Binary Search, Design, Queue, Ordered Set"
EASY,XOR Operation in an Array,12.5,0.8796,https://leetcode.com/problems/xor-operation-in-an-array,"Math, Bit Manipulation"
MEDIUM,Water Bottles II,12.5,0.7791,https://leetcode.com/problems/water-bottles-ii,"Math, Simulation"
MEDIUM,Find Beautiful Indices in the Given Array I,12.5,0.4138,https://leetcode.com/problems/find-beautiful-indices-in-the-given-array-i,"Two Pointers, String, Binary Search, Rolling Hash, String Matching, Hash Function, Z Algorithm, Knuth–Morris–Pratt Algorithm, Boyer–Moore String-Search Algorithm"
EASY,Calculate Delayed Arrival Time,12.5,0.7553,https://leetcode.com/problems/calculate-delayed-arrival-time,Math
HARD,Minimum Difficulty of a Job Schedule,12.5,0.5981,https://leetcode.com/problems/minimum-difficulty-of-a-job-schedule,"Array, Dynamic Programming"
HARD,Find Minimum Time to Finish All Jobs,12.5,0.4633,https://leetcode.com/problems/find-minimum-time-to-finish-all-jobs,"Array, Dynamic Programming, Backtracking, Bit Manipulation, Bitmask"
EASY,Maximum Count of Positive Integer and Negative Integer,12.5,0.7420,https://leetcode.com/problems/maximum-count-of-positive-integer-and-negative-integer,"Array, Binary Search, Counting"
EASY,Number of Even and Odd Bits,12.5,0.7341,https://leetcode.com/problems/number-of-even-and-odd-bits,Bit Manipulation
HARD,Minimum One Bit Operations to Make Integers Zero,12.5,0.7821,https://leetcode.com/problems/minimum-one-bit-operations-to-make-integers-zero,"Math, Dynamic Programming, Bit Manipulation, Recursion, Memoization"
MEDIUM,Find Students Who Improved,12.5,0.4992,https://leetcode.com/problems/find-students-who-improved,Database
MEDIUM,Count Distinct Integers After Removing Zeros,12.5,0.2335,https://leetcode.com/problems/count-distinct-integers-after-removing-zeros,"Math, Dynamic Programming"
MEDIUM,Best Team With No Conflicts,12.5,0.5089,https://leetcode.com/problems/best-team-with-no-conflicts,"Array, Dynamic Programming, Sorting, Longest Increasing Subsequence"
MEDIUM,Count Collisions on a Road,12.5,0.5806,https://leetcode.com/problems/count-collisions-on-a-road,"String, Stack, Simulation"
EASY,Coupon Code Validator,12.5,0.6443,https://leetcode.com/problems/coupon-code-validator,"Array, Hash Table, String, Sorting"
HARD,Maximum Profit from Trading Stocks with Discounts,12.5,0.5594,https://leetcode.com/problems/maximum-profit-from-trading-stocks-with-discounts,"Array, Dynamic Programming, Tree, Depth-First Search"
MEDIUM,Two-Letter Card Game,12.5,0.1330,https://leetcode.com/problems/two-letter-card-game,"Array, Hash Table, String, Counting, Enumeration"
EASY,Difference Between Element Sum and Digit Sum of an Array,12.5,0.8552,https://leetcode.com/problems/difference-between-element-sum-and-digit-sum-of-an-array,"Array, Math"
MEDIUM,Broken Calculator,12.5,0.5651,https://leetcode.com/problems/broken-calculator,"Math, Greedy"
EASY,Sales Analysis III,12.5,0.4844,https://leetcode.com/problems/sales-analysis-iii,Database
MEDIUM,Longest Turbulent Subarray,12.5,0.4953,https://leetcode.com/problems/longest-turbulent-subarray,"Array, Dynamic Programming, Sliding Window"
MEDIUM,Maximize Area of Square Hole in Grid,12.5,0.6178,https://leetcode.com/problems/maximize-area-of-square-hole-in-grid,"Array, Sorting"
MEDIUM,Design Auction System,12.5,0.4209,https://leetcode.com/problems/design-auction-system,"Hash Table, Design, Heap (Priority Queue), Ordered Set"
EASY,Construct the Minimum Bitwise Array I,12.5,0.8498,https://leetcode.com/problems/construct-the-minimum-bitwise-array-i,"Array, Bit Manipulation"
MEDIUM,Cache With Time Limit,12.5,0.7634,https://leetcode.com/problems/cache-with-time-limit,
HARD,Divide an Array Into Subarrays With Minimum Cost II,12.5,0.5445,https://leetcode.com/problems/divide-an-array-into-subarrays-with-minimum-cost-ii,"Array, Hash Table, Sliding Window, Heap (Priority Queue)"
EASY,Smallest Range I,12.5,0.7413,https://leetcode.com/problems/smallest-range-i,"Array, Math"
HARD,Apply Operations to Maximize Frequency Score,12.5,0.3909,https://leetcode.com/problems/apply-operations-to-maximize-frequency-score,"Array, Binary Search, Sliding Window, Sorting, Prefix Sum"
MEDIUM,Partitioning Into Minimum Number Of Deci-Binary Numbers,12.5,0.9048,https://leetcode.com/problems/partitioning-into-minimum-number-of-deci-binary-numbers,"String, Greedy"
MEDIUM,Minimum Processing Time,12.5,0.7030,https://leetcode.com/problems/minimum-processing-time,"Array, Greedy, Sorting"
MEDIUM,Reverse Nodes in Even Length Groups,12.5,0.6535,https://leetcode.com/problems/reverse-nodes-in-even-length-groups,Linked List
EASY,Flip Square Submatrix Vertically,12.5,0.7916,https://leetcode.com/problems/flip-square-submatrix-vertically,"Array, Two Pointers, Matrix"
EASY,Construct Uniform Parity Array I,12.5,0.8573,https://leetcode.com/problems/construct-uniform-parity-array-i,"Array, Math"
EASY,Check if Strings Can be Made Equal With Operations I,12.5,0.6164,https://leetcode.com/problems/check-if-strings-can-be-made-equal-with-operations-i,String
MEDIUM,Check if Strings Can be Made Equal With Operations II,12.5,0.7395,https://leetcode.com/problems/check-if-strings-can-be-made-equal-with-operations-ii,"Hash Table, String, Sorting"
MEDIUM,Maximum Amount of Money Robot Can Earn,12.5,0.4788,https://leetcode.com/problems/maximum-amount-of-money-robot-can-earn,"Array, Dynamic Programming, Matrix"
MEDIUM,Decode the Slanted Ciphertext,12.5,0.6766,https://leetcode.com/problems/decode-the-slanted-ciphertext,"String, Simulation"
MEDIUM,Walking Robot Simulation,12.5,0.6463,https://leetcode.com/problems/walking-robot-simulation,"Array, Hash Table, Simulation"
MEDIUM,Minimum Operations to Transform Array into Alternating Prime,12.5,0.5293,https://leetcode.com/problems/minimum-operations-to-transform-array-into-alternating-prime,"Array, Math, Two Pointers, Binary Search, Sorting, Number Theory"
MEDIUM,Closest Equal Element Queries,12.5,0.5137,https://leetcode.com/problems/closest-equal-element-queries,"Array, Hash Table, Binary Search"
MEDIUM,Number of Ways to Reach a Position After Exactly k Steps,12.5,0.3736,https://leetcode.com/problems/number-of-ways-to-reach-a-position-after-exactly-k-steps,"Math, Dynamic Programming, Combinatorics"
MEDIUM,Minimum Absolute Distance Between Mirror Pairs,12.5,0.5899,https://leetcode.com/problems/minimum-absolute-distance-between-mirror-pairs,"Array, Hash Table, Math"
EASY,Mirror Distance of an Integer,12.5,0.9098,https://leetcode.com/problems/mirror-distance-of-an-integer,Math
EASY,Furthest Point From Origin,12.5,0.7728,https://leetcode.com/problems/furthest-point-from-origin,"String, Counting"
MEDIUM,Apply Operations to Make All Array Elements Equal to Zero,12.5,0.3323,https://leetcode.com/problems/apply-operations-to-make-all-array-elements-equal-to-zero,"Array, Prefix Sum"
MEDIUM,Cyclically Rotating a Grid,12.5,0.7402,https://leetcode.com/problems/cyclically-rotating-a-grid,"Array, Matrix, Simulation"
EASY,Sum of Variable Length Subarrays,12.5,0.8511,https://leetcode.com/problems/sum-of-variable-length-subarrays,"Array, Prefix Sum"
EASY,Minimum Element After Replacement With Digit Sum,12.5,0.8930,https://leetcode.com/problems/minimum-element-after-replacement-with-digit-sum,"Array, Math"
MEDIUM,Maximum Total Subarray Value I,12.5,0.7172,https://leetcode.com/problems/maximum-total-subarray-value-i,"Array, Greedy"
MEDIUM,Count Salary Categories,12.5,0.6550,https://leetcode.com/problems/count-salary-categories,Database
MEDIUM,Paint House,12.5,0.6457,https://leetcode.com/problems/paint-house,"Array, Dynamic Programming"
MEDIUM,Tree Node,12.5,0.7658,https://leetcode.com/problems/tree-node,Database
HARD,Stickers to Spell Word,12.5,0.5125,https://leetcode.com/problems/stickers-to-spell-word,"Array, Hash Table, String, Dynamic Programming, Backtracking, Bit Manipulation, Memoization, Bitmask"
MEDIUM,Binary Trees With Factors,12.5,0.5324,https://leetcode.com/problems/binary-trees-with-factors,"Array, Hash Table, Dynamic Programming, Sorting"
EASY,Maximize Sum Of Array After K Negations,12.5,0.5440,https://leetcode.com/problems/maximize-sum-of-array-after-k-negations,"Array, Greedy, Sorting"
MEDIUM,Count Nice Pairs in an Array,12.5,0.4845,https://leetcode.com/problems/count-nice-pairs-in-an-array,"Array, Hash Table, Math, Counting"
HARD,Minimum Time to Complete All Tasks,12.5,0.3960,https://leetcode.com/problems/minimum-time-to-complete-all-tasks,"Array, Binary Search, Stack, Greedy, Sorting"
MEDIUM,The Number of Beautiful Subsets,12.5,0.5104,https://leetcode.com/problems/the-number-of-beautiful-subsets,"Array, Hash Table, Math, Dynamic Programming, Backtracking, Sorting, Combinatorics"
MEDIUM,Convert an Array Into a 2D Array With Conditions,12.5,0.8616,https://leetcode.com/problems/convert-an-array-into-a-2d-array-with-conditions,"Array, Hash Table"
EASY,Array Reduce Transformation,12.5,0.8545,https://leetcode.com/problems/array-reduce-transformation,
EASY,Number of Arithmetic Triplets,12.5,0.8565,https://leetcode.com/problems/number-of-arithmetic-triplets,"Array, Hash Table, Two Pointers, Enumeration"
MEDIUM,Optimal Partition of String,12.5,0.7852,https://leetcode.com/problems/optimal-partition-of-string,"Hash Table, String, Greedy"
EASY,Largest Positive Integer That Exists With Its Negative,12.5,0.7449,https://leetcode.com/problems/largest-positive-integer-that-exists-with-its-negative,"Array, Hash Table, Two Pointers, Sorting"
MEDIUM,Add One Row to Tree,12.5,0.6421,https://leetcode.com/problems/add-one-row-to-tree,"Tree, Depth-First Search, Breadth-First Search, Binary Tree"
MEDIUM,Replace Words,12.5,0.6900,https://leetcode.com/problems/replace-words,"Array, Hash Table, String, Trie"
MEDIUM,Differences Between Two Objects,12.5,0.7378,https://leetcode.com/problems/differences-between-two-objects,
MEDIUM,Double a Number Represented as a Linked List,12.5,0.6136,https://leetcode.com/problems/double-a-number-represented-as-a-linked-list,"Linked List, Math, Stack"
HARD,Find Maximum Non-decreasing Array Length,12.5,0.1924,https://leetcode.com/problems/find-maximum-non-decreasing-array-length,"Array, Binary Search, Dynamic Programming, Stack, Queue, Monotonic Stack, Prefix Sum, Monotonic Queue"
MEDIUM,Remove Zero Sum Consecutive Nodes from Linked List,12.5,0.5334,https://leetcode.com/problems/remove-zero-sum-consecutive-nodes-from-linked-list,"Hash Table, Linked List"
MEDIUM,Validate Binary Tree Nodes,12.5,0.4424,https://leetcode.com/problems/validate-binary-tree-nodes,"Tree, Depth-First Search, Breadth-First Search, Union-Find, Graph Theory, Binary Tree"
HARD,Count the Number of Inversions,12.5,0.3201,https://leetcode.com/problems/count-the-number-of-inversions,"Array, Dynamic Programming"
MEDIUM,Count Triplets That Can Form Two Arrays of Equal XOR,12.5,0.8483,https://leetcode.com/problems/count-triplets-that-can-form-two-arrays-of-equal-xor,"Array, Hash Table, Math, Bit Manipulation, Prefix Sum"
MEDIUM,Least Number of Unique Integers after K Removals,12.5,0.6398,https://leetcode.com/problems/least-number-of-unique-integers-after-k-removals,"Array, Hash Table, Greedy, Sorting, Counting"
EASY,Bank Account Summary II,12.5,0.8305,https://leetcode.com/problems/bank-account-summary-ii,Database
EASY,Kth Distinct String in an Array,12.5,0.8221,https://leetcode.com/problems/kth-distinct-string-in-an-array,"Array, Hash Table, String, Counting"
HARD,Minimum Number of Days to Disconnect Island,12.5,0.5866,https://leetcode.com/problems/minimum-number-of-days-to-disconnect-island,"Array, Depth-First Search, Breadth-First Search, Matrix, Strongly Connected Component, Articulation Point"
HARD,Minimum Operations to Make Array Equal to Target,12.5,0.4189,https://leetcode.com/problems/minimum-operations-to-make-array-equal-to-target,"Array, Dynamic Programming, Stack, Greedy, Monotonic Stack"
HARD,Find the Largest Palindrome Divisible by K,12.5,0.1743,https://leetcode.com/problems/find-the-largest-palindrome-divisible-by-k,"Math, String, Dynamic Programming, Greedy, Number Theory"
MEDIUM,Find Missing Observations,12.5,0.5740,https://leetcode.com/problems/find-missing-observations,"Array, Math, Simulation"
MEDIUM,Insert Greatest Common Divisors in Linked List,12.5,0.9127,https://leetcode.com/problems/insert-greatest-common-divisors-in-linked-list,"Linked List, Math, Number Theory"
MEDIUM,K-th Nearest Obstacle Queries,12.5,0.4912,https://leetcode.com/problems/k-th-nearest-obstacle-queries,"Array, Heap (Priority Queue)"
MEDIUM,Distinct Prime Factors of Product of Array,12.5,0.5542,https://leetcode.com/problems/distinct-prime-factors-of-product-of-array,"Array, Hash Table, Math, Number Theory, Prime Factorization, Euclidean Algorithm, Primality Test, Greatest Common Divisor, Sieve Theory, Prime Number Sieve"
EASY,Snake in Matrix,12.5,0.8173,https://leetcode.com/problems/snake-in-matrix,"Array, String, Simulation"
EASY,Projection Area of 3D Shapes,12.5,0.7675,https://leetcode.com/problems/projection-area-of-3d-shapes,"Array, Math, Geometry, Matrix"
HARD,Maximum Number of Moves to Kill All Pawns,12.5,0.3388,https://leetcode.com/problems/maximum-number-of-moves-to-kill-all-pawns,"Array, Math, Bit Manipulation, Breadth-First Search, Game Theory, Bitmask"
HARD,String Compression II,12.5,0.5220,https://leetcode.com/problems/string-compression-ii,"String, Dynamic Programming"
MEDIUM,Minimum Division Operations to Make Array Non Decreasing,12.5,0.2929,https://leetcode.com/problems/minimum-division-operations-to-make-array-non-decreasing,"Array, Math, Greedy, Number Theory"
MEDIUM,Longest Square Streak in an Array,12.5,0.5313,https://leetcode.com/problems/longest-square-streak-in-an-array,"Array, Hash Table, Binary Search, Dynamic Programming, Sorting"
MEDIUM,Count Substrings With K-Frequency Characters I,12.5,0.5616,https://leetcode.com/problems/count-substrings-with-k-frequency-characters-i,"Hash Table, String, Sliding Window"
MEDIUM,Minimum Operations to Reduce an Integer to 0,12.5,0.6341,https://leetcode.com/problems/minimum-operations-to-reduce-an-integer-to-0,"Dynamic Programming, Greedy, Bit Manipulation"
MEDIUM,Kth Largest Sum in a Binary Tree,12.5,0.5892,https://leetcode.com/problems/kth-largest-sum-in-a-binary-tree,"Tree, Breadth-First Search, Sorting, Binary Tree"
EASY,Change Data Type,12.5,0.8731,https://leetcode.com/problems/change-data-type,
MEDIUM,Maximum Star Sum of a Graph,12.5,0.4285,https://leetcode.com/problems/maximum-star-sum-of-a-graph,"Array, Greedy, Graph Theory, Sorting, Heap (Priority Queue)"
EASY,Determine if String Halves Are Alike,12.5,0.7890,https://leetcode.com/problems/determine-if-string-halves-are-alike,"String, Counting"
MEDIUM,Find Maximum Removals From Source String,12.5,0.3910,https://leetcode.com/problems/find-maximum-removals-from-source-string,"Array, Hash Table, Two Pointers, String, Dynamic Programming"
MEDIUM,Maximize Amount After Two Days of Conversions,12.5,0.6079,https://leetcode.com/problems/maximize-amount-after-two-days-of-conversions,"Array, String, Depth-First Search, Breadth-First Search, Graph Theory"
EASY,Count Prefix and Suffix Pairs I,12.5,0.7769,https://leetcode.com/problems/count-prefix-and-suffix-pairs-i,"Array, String, Trie, Rolling Hash, String Matching, Hash Function"
MEDIUM,Neighboring Bitwise XOR,12.5,0.7981,https://leetcode.com/problems/neighboring-bitwise-xor,"Array, Bit Manipulation"
MEDIUM,Make Lexicographically Smallest Array by Swapping Elements,12.5,0.6651,https://leetcode.com/problems/make-lexicographically-smallest-array-by-swapping-elements,"Array, Union-Find, Sorting"
MEDIUM,Longest Subsequence With Decreasing Adjacent Difference,12.5,0.1719,https://leetcode.com/problems/longest-subsequence-with-decreasing-adjacent-difference,"Array, Dynamic Programming"
EASY,Goal Parser Interpretation,12.5,0.8821,https://leetcode.com/problems/goal-parser-interpretation,String
EASY,Split a String in Balanced Strings,12.5,0.8765,https://leetcode.com/problems/split-a-string-in-balanced-strings,"String, Greedy, Counting"
MEDIUM,Check Knight Tour Configuration,12.5,0.6153,https://leetcode.com/problems/check-knight-tour-configuration,"Array, Depth-First Search, Breadth-First Search, Matrix, Simulation"
EASY,Check if All Characters Have Equal Number of Occurrences,12.5,0.7974,https://leetcode.com/problems/check-if-all-characters-have-equal-number-of-occurrences,"Hash Table, String, Counting"
EASY,Find the XOR of Numbers Which Appear Twice,12.5,0.7894,https://leetcode.com/problems/find-the-xor-of-numbers-which-appear-twice,"Array, Hash Table, Bit Manipulation"
MEDIUM,Closest Prime Numbers in Range,12.5,0.5203,https://leetcode.com/problems/closest-prime-numbers-in-range,"Math, Number Theory, Primality Test, Sieve Theory, Prime Number Sieve"
EASY,Minimum Amount of Time to Fill Cups,12.5,0.6061,https://leetcode.com/problems/minimum-amount-of-time-to-fill-cups,"Array, Greedy, Sorting, Heap (Priority Queue)"
MEDIUM,Find the Number of Copy Arrays,12.5,0.4678,https://leetcode.com/problems/find-the-number-of-copy-arrays,"Array, Math"
MEDIUM,Maximum Alternating Subsequence Sum,12.5,0.5929,https://leetcode.com/problems/maximum-alternating-subsequence-sum,"Array, Dynamic Programming"
MEDIUM,Minimum Insertions to Balance a Parentheses String,12.5,0.5373,https://leetcode.com/problems/minimum-insertions-to-balance-a-parentheses-string,"String, Stack, Greedy, Bracket Sequences"
MEDIUM,Count Vowel Strings in Ranges,12.5,0.6790,https://leetcode.com/problems/count-vowel-strings-in-ranges,"Array, String, Prefix Sum"
HARD,Smallest Substring With Identical Characters I,12.5,0.2086,https://leetcode.com/problems/smallest-substring-with-identical-characters-i,"Array, Binary Search, Enumeration"
EASY,Split With Minimum Sum,12.5,0.7393,https://leetcode.com/problems/split-with-minimum-sum,"Math, Greedy, Sorting"
MEDIUM,Count Pairs That Form a Complete Day II,12.5,0.4383,https://leetcode.com/problems/count-pairs-that-form-a-complete-day-ii,"Array, Hash Table, Counting"
MEDIUM,Movement of Robots,12.5,0.2862,https://leetcode.com/problems/movement-of-robots,"Array, Brainteaser, Sorting, Prefix Sum"
HARD,Contain Virus,12.5,0.5617,https://leetcode.com/problems/contain-virus,"Array, Depth-First Search, Breadth-First Search, Matrix, Simulation"
MEDIUM,Zero Array Transformation IV,12.5,0.3131,https://leetcode.com/problems/zero-array-transformation-iv,"Array, Dynamic Programming"
EASY,Is Object Empty,12.5,0.8202,https://leetcode.com/problems/is-object-empty,
HARD,Encrypt and Decrypt Strings,12.5,0.3892,https://leetcode.com/problems/encrypt-and-decrypt-strings,"Array, Hash Table, String, Design, Trie"
EASY,Final Array State After K Multiplication Operations I,12.5,0.8667,https://leetcode.com/problems/final-array-state-after-k-multiplication-operations-i,"Array, Math, Heap (Priority Queue), Simulation"
MEDIUM,Minimum Cost to Make Arrays Identical,12.5,0.3781,https://leetcode.com/problems/minimum-cost-to-make-arrays-identical,"Array, Greedy, Sorting"
EASY,Count Subarrays of Length Three With a Condition,12.5,0.6132,https://leetcode.com/problems/count-subarrays-of-length-three-with-a-condition,Array
EASY,Prime In Diagonal,12.5,0.3944,https://leetcode.com/problems/prime-in-diagonal,"Array, Math, Matrix, Number Theory"
HARD,Length of the Longest Valid Substring,12.5,0.3844,https://leetcode.com/problems/length-of-the-longest-valid-substring,"Array, Hash Table, String, Sliding Window"
HARD,Merge Operations for Minimum Travel Time,12.5,0.3038,https://leetcode.com/problems/merge-operations-for-minimum-travel-time,"Array, Dynamic Programming, Prefix Sum"
MEDIUM,Find Minimum Time to Reach Last Room II,12.5,0.6728,https://leetcode.com/problems/find-minimum-time-to-reach-last-room-ii,"Array, Graph Theory, Heap (Priority Queue), Matrix, Shortest Path"
MEDIUM,Minimum Moves to Spread Stones Over Grid,12.5,0.4611,https://leetcode.com/problems/minimum-moves-to-spread-stones-over-grid,"Array, Dynamic Programming, Backtracking, Bit Manipulation, Matrix, Bitmask"
MEDIUM,Web Crawler Multithreaded,12.5,0.5143,https://leetcode.com/problems/web-crawler-multithreaded,"Depth-First Search, Breadth-First Search, Concurrency"
MEDIUM,Find All Groups of Farmland,12.5,0.7550,https://leetcode.com/problems/find-all-groups-of-farmland,"Array, Depth-First Search, Breadth-First Search, Matrix"
MEDIUM,Robot Bounded In Circle,12.5,0.5665,https://leetcode.com/problems/robot-bounded-in-circle,"Math, String, Simulation"
HARD,Stone Game V,12.5,0.5901,https://leetcode.com/problems/stone-game-v,"Array, Math, Dynamic Programming, Game Theory"
MEDIUM,Shift Distance Between Two Strings,12.5,0.5299,https://leetcode.com/problems/shift-distance-between-two-strings,"Array, String, Prefix Sum"
MEDIUM,Maximum Length of a Concatenated String with Unique Characters,12.5,0.5494,https://leetcode.com/problems/maximum-length-of-a-concatenated-string-with-unique-characters,"Array, String, Backtracking, Bit Manipulation"
EASY,Sum of Good Numbers,12.5,0.6938,https://leetcode.com/problems/sum-of-good-numbers,Array
HARD,Count the Number of Arrays with K Matching Adjacent Elements,12.5,0.5785,https://leetcode.com/problems/count-the-number-of-arrays-with-k-matching-adjacent-elements,"Math, Combinatorics, Fermat's Little Theorem"
MEDIUM,Minimum Deletions to Make String K-Special,12.5,0.6690,https://leetcode.com/problems/minimum-deletions-to-make-string-k-special,"Hash Table, String, Greedy, Sorting, Counting"
MEDIUM,Find Maximum Area of a Triangle,12.5,0.2945,https://leetcode.com/problems/find-maximum-area-of-a-triangle,"Array, Hash Table, Math, Greedy, Geometry, Enumeration"
HARD,Earliest Second to Mark Indices II,12.5,0.2241,https://leetcode.com/problems/earliest-second-to-mark-indices-ii,"Array, Binary Search, Greedy, Heap (Priority Queue)"
MEDIUM,Maximum Product After K Increments,12.5,0.4424,https://leetcode.com/problems/maximum-product-after-k-increments,"Array, Greedy, Heap (Priority Queue)"
EASY,Distribute Candies,12.5,0.7169,https://leetcode.com/problems/distribute-candies,"Array, Hash Table"
MEDIUM,Longest Palindrome After Substring Concatenation I,12.5,0.4367,https://leetcode.com/problems/longest-palindrome-after-substring-concatenation-i,"Two Pointers, String, Dynamic Programming, Enumeration"
MEDIUM,Find the Kth Largest Integer in the Array,12.5,0.4837,https://leetcode.com/problems/find-the-kth-largest-integer-in-the-array,"Array, String, Divide and Conquer, Sorting, Heap (Priority Queue), Quickselect"
HARD,Find the K-Sum of an Array,12.5,0.4202,https://leetcode.com/problems/find-the-k-sum-of-an-array,"Array, Sorting, Heap (Priority Queue)"
MEDIUM,Minimize Maximum Component Cost,12.5,0.4343,https://leetcode.com/problems/minimize-maximum-component-cost,"Binary Search, Union-Find, Graph Theory, Sorting"
HARD,Restore The Array,12.5,0.4674,https://leetcode.com/problems/restore-the-array,"String, Dynamic Programming"
EASY,Chunk Array,12.5,0.8448,https://leetcode.com/problems/chunk-array,
HARD,Minimum Score After Removals on a Tree,12.5,0.7594,https://leetcode.com/problems/minimum-score-after-removals-on-a-tree,"Array, Bit Manipulation, Tree, Depth-First Search"
MEDIUM,Count Islands With Total Value Divisible by K,12.5,0.5550,https://leetcode.com/problems/count-islands-with-total-value-divisible-by-k,"Array, Depth-First Search, Breadth-First Search, Union-Find, Matrix"
MEDIUM,Count Prime-Gap Balanced Subarrays,12.5,0.2388,https://leetcode.com/problems/count-prime-gap-balanced-subarrays,"Array, Math, Queue, Sliding Window, Number Theory, Monotonic Queue"
EASY,Increasing Decreasing String,12.5,0.7741,https://leetcode.com/problems/increasing-decreasing-string,"Hash Table, String, Counting"
MEDIUM,Maximum Total from Optimal Activation Order,12.5,0.3318,https://leetcode.com/problems/maximum-total-from-optimal-activation-order,"Array, Two Pointers, Greedy, Sorting, Heap (Priority Queue)"
MEDIUM,Minimum Array Sum,12.5,0.3183,https://leetcode.com/problems/minimum-array-sum,"Array, Dynamic Programming"
HARD,Check If Digits Are Equal in String After Operations II,12.5,0.1454,https://leetcode.com/problems/check-if-digits-are-equal-in-string-after-operations-ii,"Math, String, Combinatorics, Number Theory"
HARD,Maximum Path Quality of a Graph,12.5,0.6307,https://leetcode.com/problems/maximum-path-quality-of-a-graph,"Array, Backtracking, Graph Theory"
EASY,Minimum Index Sum of Two Lists,12.5,0.6061,https://leetcode.com/problems/minimum-index-sum-of-two-lists,"Array, Hash Table, String"
EASY,Sum of Digits in Base K,12.5,0.7940,https://leetcode.com/problems/sum-of-digits-in-base-k,Math
HARD,Find Substring With Given Hash Value,12.5,0.2722,https://leetcode.com/problems/find-substring-with-given-hash-value,"String, Sliding Window, Rolling Hash, Hash Function"
MEDIUM,Partition Array Into K-Distinct Groups,12.5,0.4690,https://leetcode.com/problems/partition-array-into-k-distinct-groups,"Array, Hash Table, Counting"
MEDIUM,Find Mirror Score of a String,12.5,0.3611,https://leetcode.com/problems/find-mirror-score-of-a-string,"Hash Table, String, Stack, Simulation"
MEDIUM,Reorder Data in Log Files,12.5,0.5680,https://leetcode.com/problems/reorder-data-in-log-files,"Array, String, Sorting"
EASY,Minimum Average of Smallest and Largest Elements,12.5,0.8524,https://leetcode.com/problems/minimum-average-of-smallest-and-largest-elements,"Array, Two Pointers, Sorting"
HARD,Count The Number of Winning Sequences,12.5,0.3227,https://leetcode.com/problems/count-the-number-of-winning-sequences,"String, Dynamic Programming"
MEDIUM,Shortest Path in a Hidden Grid,12.5,0.4473,https://leetcode.com/problems/shortest-path-in-a-hidden-grid,"Array, Depth-First Search, Breadth-First Search, Matrix, Interactive"
HARD,Sum of Beautiful Subsequences,12.5,0.3125,https://leetcode.com/problems/sum-of-beautiful-subsequences,"Array, Math, Binary Indexed Tree, Number Theory"
MEDIUM,Print Zero Even Odd,12.5,0.6628,https://leetcode.com/problems/print-zero-even-odd,Concurrency
EASY,Fill Missing Data,12.5,0.7269,https://leetcode.com/problems/fill-missing-data,
MEDIUM,Balanced K-Factor Decomposition,12.5,0.4023,https://leetcode.com/problems/balanced-k-factor-decomposition,"Math, Backtracking, Number Theory"
EASY,Minimize String Length,12.5,0.8002,https://leetcode.com/problems/minimize-string-length,"Hash Table, String"
EASY,Count Elements With Strictly Smaller and Greater Elements ,12.5,0.6025,https://leetcode.com/problems/count-elements-with-strictly-smaller-and-greater-elements,"Array, Sorting, Counting"
HARD,Maximum Area Rectangle With Point Constraints II,12.5,0.2399,https://leetcode.com/problems/maximum-area-rectangle-with-point-constraints-ii,"Array, Math, Binary Indexed Tree, Segment Tree, Geometry, Sorting"
MEDIUM,Group the People Given the Group Size They Belong To,12.5,0.8754,https://leetcode.com/problems/group-the-people-given-the-group-size-they-belong-to,"Array, Hash Table, Greedy"
HARD,Longest Palindrome After Substring Concatenation II,12.5,0.1820,https://leetcode.com/problems/longest-palindrome-after-substring-concatenation-ii,"Two Pointers, String, Dynamic Programming"
MEDIUM,Maximum Xor Product,12.5,0.3042,https://leetcode.com/problems/maximum-xor-product,"Math, Greedy, Bit Manipulation"
HARD,Sum of Perfect Square Ancestors,12.5,0.4156,https://leetcode.com/problems/sum-of-perfect-square-ancestors,"Array, Hash Table, Math, Tree, Depth-First Search, Counting, Number Theory"
MEDIUM,Lexicographically Smallest Permutation Greater Than Target,12.5,0.4837,https://leetcode.com/problems/lexicographically-smallest-permutation-greater-than-target,"Hash Table, String, Greedy, Counting, Enumeration"
HARD,Number of Valid Move Combinations On Chessboard,12.5,0.4864,https://leetcode.com/problems/number-of-valid-move-combinations-on-chessboard,"Array, String, Backtracking, Simulation"
MEDIUM,Find Minimum Cost to Remove Array Elements,12.5,0.2239,https://leetcode.com/problems/find-minimum-cost-to-remove-array-elements,"Array, Dynamic Programming"
MEDIUM,Minimum Time to Complete All Deliveries,12.5,0.3520,https://leetcode.com/problems/minimum-time-to-complete-all-deliveries,"Math, Binary Search"
EASY,Maximum Containers on a Ship,12.5,0.7495,https://leetcode.com/problems/maximum-containers-on-a-ship,Math
HARD,Non-negative Integers without Consecutive Ones,12.5,0.4344,https://leetcode.com/problems/non-negative-integers-without-consecutive-ones,Dynamic Programming
MEDIUM,Partition Array into Disjoint Intervals,12.5,0.4972,https://leetcode.com/problems/partition-array-into-disjoint-intervals,Array
EASY,Sort Even and Odd Indices Independently,12.5,0.6359,https://leetcode.com/problems/sort-even-and-odd-indices-independently,"Array, Sorting"
HARD,Make Array Empty,12.5,0.2741,https://leetcode.com/problems/make-array-empty,"Array, Binary Search, Greedy, Binary Indexed Tree, Segment Tree, Sorting, Ordered Set"
MEDIUM,Maximum Area of a Piece of Cake After Horizontal and Vertical Cuts,12.5,0.4155,https://leetcode.com/problems/maximum-area-of-a-piece-of-cake-after-horizontal-and-vertical-cuts,"Array, Greedy, Sorting"
EASY,Find the Largest Almost Missing Integer,12.5,0.4926,https://leetcode.com/problems/find-the-largest-almost-missing-integer,"Array, Hash Table"
MEDIUM,Count Number of Ways to Place Houses,12.5,0.4425,https://leetcode.com/problems/count-number-of-ways-to-place-houses,Dynamic Programming
EASY,Smallest Index With Digit Sum Equal to Index,12.5,0.8462,https://leetcode.com/problems/smallest-index-with-digit-sum-equal-to-index,"Array, Math"
EASY,Binary Prefix Divisible By 5,12.5,0.5378,https://leetcode.com/problems/binary-prefix-divisible-by-5,"Array, Bit Manipulation"
MEDIUM,Strong Friendship,12.5,0.5470,https://leetcode.com/problems/strong-friendship,Database
HARD,Zuma Game,12.5,0.2915,https://leetcode.com/problems/zuma-game,"String, Dynamic Programming, Stack, Breadth-First Search, Memoization"
EASY,Sum of Squares of Special Elements ,12.5,0.8250,https://leetcode.com/problems/sum-of-squares-of-special-elements,"Array, Enumeration"
EASY,Maximum Value of a String in an Array,12.5,0.7452,https://leetcode.com/problems/maximum-value-of-a-string-in-an-array,"Array, String"
MEDIUM,Append K Integers With Minimal Sum,12.5,0.2730,https://leetcode.com/problems/append-k-integers-with-minimal-sum,"Array, Math, Greedy, Sorting"
MEDIUM,Maximize Happiness of Selected Children,12.5,0.5864,https://leetcode.com/problems/maximize-happiness-of-selected-children,"Array, Greedy, Sorting"
MEDIUM,Flatten Deeply Nested Array,12.5,0.6624,https://leetcode.com/problems/flatten-deeply-nested-array,
MEDIUM,IP to CIDR,12.5,0.5411,https://leetcode.com/problems/ip-to-cidr,"String, Bit Manipulation"
EASY,Find Valid Pair of Adjacent Digits in String,12.5,0.6081,https://leetcode.com/problems/find-valid-pair-of-adjacent-digits-in-string,"Hash Table, String, Counting"
HARD,Memoize II,12.5,0.3996,https://leetcode.com/problems/memoize-ii,
EASY,Minimum Deletions for At Most K Distinct Characters,12.5,0.7227,https://leetcode.com/problems/minimum-deletions-for-at-most-k-distinct-characters,"Hash Table, String, Greedy, Sorting, Counting"
MEDIUM,Sort the Matrix Diagonally,12.5,0.8328,https://leetcode.com/problems/sort-the-matrix-diagonally,"Array, Sorting, Matrix"
HARD,Count Paths That Can Form a Palindrome in a Tree,12.5,0.5238,https://leetcode.com/problems/count-paths-that-can-form-a-palindrome-in-a-tree,"Hash Table, Bit Manipulation, Tree, Depth-First Search"
EASY,Count Residue Prefixes,12.5,0.6555,https://leetcode.com/problems/count-residue-prefixes,"Hash Table, String"
HARD,Merge BSTs to Create Single BST,12.5,0.4006,https://leetcode.com/problems/merge-bsts-to-create-single-bst,"Array, Hash Table, Tree, Depth-First Search, Binary Search Tree, Binary Tree"
HARD,Dinner Plate Stacks,12.5,0.3411,https://leetcode.com/problems/dinner-plate-stacks,"Hash Table, Stack, Design, Heap (Priority Queue)"
MEDIUM,K-Concatenation Maximum Sum,12.5,0.2627,https://leetcode.com/problems/k-concatenation-maximum-sum,"Array, Dynamic Programming"
MEDIUM,Number of Orders in the Backlog,12.5,0.5456,https://leetcode.com/problems/number-of-orders-in-the-backlog,"Array, Heap (Priority Queue), Simulation"
HARD,Minimum Pair Removal to Sort Array II,12.5,0.3877,https://leetcode.com/problems/minimum-pair-removal-to-sort-array-ii,"Array, Hash Table, Linked List, Heap (Priority Queue), Simulation, Doubly-Linked List, Ordered Set"
MEDIUM,Largest Element in an Array after Merge Operations,12.5,0.4780,https://leetcode.com/problems/largest-element-in-an-array-after-merge-operations,"Array, Greedy"
HARD,Minimum Cost to Convert String II,12.5,0.5913,https://leetcode.com/problems/minimum-cost-to-convert-string-ii,"Array, String, Dynamic Programming, Graph Theory, Trie, Shortest Path"
MEDIUM,Partition Array to Minimize XOR,12.5,0.4084,https://leetcode.com/problems/partition-array-to-minimize-xor,"Array, Dynamic Programming, Bit Manipulation, Prefix Sum"
EASY,Reverse Degree of a String,12.5,0.9192,https://leetcode.com/problems/reverse-degree-of-a-string,"String, Simulation"
MEDIUM,Minimum K to Reduce Array Within Limit,12.5,0.4068,https://leetcode.com/problems/minimum-k-to-reduce-array-within-limit,"Array, Binary Search"
EASY,Transformed Array,12.5,0.7045,https://leetcode.com/problems/transformed-array,"Array, Simulation"
MEDIUM,Longest Balanced Subarray I,12.5,0.6544,https://leetcode.com/problems/longest-balanced-subarray-i,"Array, Hash Table, Divide and Conquer, Segment Tree, Prefix Sum"
MEDIUM,Longest Balanced Substring I,12.5,0.6969,https://leetcode.com/problems/longest-balanced-substring-i,"Hash Table, String, Counting, Enumeration"
EASY,Find the K-Beauty of a Number,12.5,0.6394,https://leetcode.com/problems/find-the-k-beauty-of-a-number,"Math, String, Sliding Window"
MEDIUM,Minimum Amount of Time to Collect Garbage,12.5,0.8506,https://leetcode.com/problems/minimum-amount-of-time-to-collect-garbage,"Array, String, Prefix Sum"
EASY,Second Largest Digit in a String,12.5,0.5538,https://leetcode.com/problems/second-largest-digit-in-a-string,"Hash Table, String"
MEDIUM,DNA Pattern Recognition ,12.5,0.8524,https://leetcode.com/problems/dna-pattern-recognition,Database
HARD,Human Traffic of Stadium,12.5,0.5222,https://leetcode.com/problems/human-traffic-of-stadium,Database
MEDIUM,Find COVID Recovery Patients,12.5,0.4410,https://leetcode.com/problems/find-covid-recovery-patients,Database
MEDIUM,Number of Subarrays With LCM Equal to K,12.5,0.4789,https://leetcode.com/problems/number-of-subarrays-with-lcm-equal-to-k,"Array, Math, Number Theory"
MEDIUM,Maximum Product of Three Elements After One Replacement,12.5,0.4796,https://leetcode.com/problems/maximum-product-of-three-elements-after-one-replacement,"Array, Math, Greedy, Sorting"
MEDIUM,Number of Black Blocks,12.5,0.4245,https://leetcode.com/problems/number-of-black-blocks,"Array, Hash Table, Enumeration"
HARD,Find the Number of Subsequences With Equal GCD,12.5,0.6629,https://leetcode.com/problems/find-the-number-of-subsequences-with-equal-gcd,"Array, Math, Dynamic Programming, Number Theory, Euclidean Algorithm, Greatest Common Divisor"
EASY,Decrypt String from Alphabet to Integer Mapping,12.5,0.8071,https://leetcode.com/problems/decrypt-string-from-alphabet-to-integer-mapping,String
EASY,Check if Binary String Has at Most One Segment of Ones,12.5,0.4936,https://leetcode.com/problems/check-if-binary-string-has-at-most-one-segment-of-ones,String
HARD,Count Sequences to K,12.5,0.3558,https://leetcode.com/problems/count-sequences-to-k,"Array, Math, Dynamic Programming, Memoization, Number Theory"
EASY,Distribute Money to Maximum Children,12.5,0.2086,https://leetcode.com/problems/distribute-money-to-maximum-children,"Math, Greedy"
MEDIUM,Minimum Number of Seconds to Make Mountain Height Zero,12.5,0.5830,https://leetcode.com/problems/minimum-number-of-seconds-to-make-mountain-height-zero,"Array, Math, Binary Search, Greedy, Heap (Priority Queue)"
MEDIUM,Count Unhappy Friends,12.5,0.6270,https://leetcode.com/problems/count-unhappy-friends,"Array, Simulation"
MEDIUM,Minimum Flips to Make a OR b Equal to c,12.5,0.7213,https://leetcode.com/problems/minimum-flips-to-make-a-or-b-equal-to-c,Bit Manipulation
MEDIUM,Convert to Base -2,12.5,0.6339,https://leetcode.com/problems/convert-to-base-2,Math
MEDIUM,Construct Product Matrix,12.5,0.5179,https://leetcode.com/problems/construct-product-matrix,"Array, Matrix, Prefix Sum"
EASY,Matrix Similarity After Cyclic Shifts,12.5,0.7412,https://leetcode.com/problems/matrix-similarity-after-cyclic-shifts,"Array, Math, Matrix, Simulation"
HARD,Count Beautiful Numbers,12.5,0.2454,https://leetcode.com/problems/count-beautiful-numbers,Dynamic Programming
EASY,Rearrange Products Table,12.5,0.8561,https://leetcode.com/problems/rearrange-products-table,Database
EASY,Daily Leads and Partners,12.5,0.8701,https://leetcode.com/problems/daily-leads-and-partners,Database
MEDIUM,Reachable Nodes With Restrictions,12.5,0.6082,https://leetcode.com/problems/reachable-nodes-with-restrictions,"Array, Hash Table, Tree, Depth-First Search, Breadth-First Search, Union-Find, Graph Theory"
HARD,Maximum Partition Factor,12.5,0.3166,https://leetcode.com/problems/maximum-partition-factor,"Array, Binary Search, Depth-First Search, Breadth-First Search, Union-Find, Graph Theory"
HARD,Numbers At Most N Given Digit Set,12.5,0.4613,https://leetcode.com/problems/numbers-at-most-n-given-digit-set,"Array, Math, String, Binary Search, Dynamic Programming"
EASY,Timeout Cancellation,12.5,0.8954,https://leetcode.com/problems/timeout-cancellation,
HARD,Valid Arrangement of Pairs,12.5,0.6678,https://leetcode.com/problems/valid-arrangement-of-pairs,"Array, Depth-First Search, Graph Theory, Eulerian Circuit, Eulerian Path, Semi-Eulerian Graph"
EASY,Minimum Distance Between Three Equal Elements I,12.5,0.7305,https://leetcode.com/problems/minimum-distance-between-three-equal-elements-i,"Array, Hash Table"
MEDIUM,Minimum XOR Path in a Grid,12.5,0.3910,https://leetcode.com/problems/minimum-xor-path-in-a-grid,"Array, Dynamic Programming, Bit Manipulation, Matrix"
MEDIUM,Minimum Distance Between Three Equal Elements II,12.5,0.7425,https://leetcode.com/problems/minimum-distance-between-three-equal-elements-ii,"Array, Hash Table"
HARD,Final Array State After K Multiplication Operations II,12.5,0.1391,https://leetcode.com/problems/final-array-state-after-k-multiplication-operations-ii,"Array, Heap (Priority Queue), Simulation"
EASY,Minimum Distance to the Target Element,12.5,0.6429,https://leetcode.com/problems/minimum-distance-to-the-target-element,Array
EASY,Traffic Signal Color,12.5,0.8281,https://leetcode.com/problems/traffic-signal-color,"Math, String, Simulation"
HARD,Minimum Edge Reversals So Every Node Is Reachable,12.5,0.6007,https://leetcode.com/problems/minimum-edge-reversals-so-every-node-is-reachable,"Dynamic Programming, Depth-First Search, Breadth-First Search, Graph Theory"
HARD,Count Substrings Divisible By Last Digit,12.5,0.2354,https://leetcode.com/problems/count-substrings-divisible-by-last-digit,"String, Dynamic Programming"
MEDIUM,Find the Smallest Balanced Index,12.5,0.1957,https://leetcode.com/problems/find-the-smallest-balanced-index,"Array, Prefix Sum"
MEDIUM,Maximize Sum of Squares of Digits,12.5,0.5789,https://leetcode.com/problems/maximize-sum-of-squares-of-digits,"Math, Greedy"
MEDIUM,Fizz Buzz Multithreaded,12.5,0.7530,https://leetcode.com/problems/fizz-buzz-multithreaded,Concurrency
MEDIUM,Longest Balanced Substring After One Swap,12.5,0.1416,https://leetcode.com/problems/longest-balanced-substring-after-one-swap,"Hash Table, String, Prefix Sum"
HARD,Count Stepping Numbers in Range,12.5,0.2996,https://leetcode.com/problems/count-stepping-numbers-in-range,"String, Dynamic Programming"
MEDIUM,Monotone Increasing Digits,12.5,0.5008,https://leetcode.com/problems/monotone-increasing-digits,"Math, Greedy"
MEDIUM,Check if There is a Valid Path in a Grid,12.5,0.6455,https://leetcode.com/problems/check-if-there-is-a-valid-path-in-a-grid,"Array, Depth-First Search, Breadth-First Search, Union-Find, Matrix"
HARD,Find the Sum of the Power of All Subsequences,12.5,0.3832,https://leetcode.com/problems/find-the-sum-of-the-power-of-all-subsequences,"Array, Dynamic Programming, Knapsack Problem, 0-1 Knapsack"
MEDIUM,First Unique Number,12.5,0.5796,https://leetcode.com/problems/first-unique-number,"Array, Hash Table, Design, Queue, Data Stream"
HARD,Maximize Count of Distinct Primes After Split,12.5,0.1899,https://leetcode.com/problems/maximize-count-of-distinct-primes-after-split,"Array, Hash Table, Math, Segment Tree, Number Theory, Ordered Set"
EASY,Sales Person,12.5,0.6649,https://leetcode.com/problems/sales-person,Database
MEDIUM,Count K-th Roots in a Range,12.5,0.2454,https://leetcode.com/problems/count-k-th-roots-in-a-range,"Math, Binary Search"
MEDIUM,Masking Personal Information,12.5,0.5645,https://leetcode.com/problems/masking-personal-information,String
MEDIUM,Digit Operations to Make Two Integers Equal,12.5,0.3127,https://leetcode.com/problems/digit-operations-to-make-two-integers-equal,"Math, Graph Theory, Heap (Priority Queue), Number Theory, Shortest Path"
EASY,Find Subarrays With Equal Sum,12.5,0.6742,https://leetcode.com/problems/find-subarrays-with-equal-sum,"Array, Hash Table"
HARD,Longest Palindromic Path in Graph,12.5,0.2255,https://leetcode.com/problems/longest-palindromic-path-in-graph,"String, Dynamic Programming, Bit Manipulation, Graph Theory, Bitmask"
MEDIUM,Count Good Meals,12.5,0.3320,https://leetcode.com/problems/count-good-meals,"Array, Hash Table"
EASY,Find the Peaks,12.5,0.7524,https://leetcode.com/problems/find-the-peaks,"Array, Enumeration"
EASY,Weighted Word Mapping,12.5,0.9025,https://leetcode.com/problems/weighted-word-mapping,"Array, String, Simulation"
EASY,Get Maximum in Generated Array,12.5,0.5170,https://leetcode.com/problems/get-maximum-in-generated-array,"Array, Simulation"
HARD,Maximum Total Subarray Value II,12.5,0.4163,https://leetcode.com/problems/maximum-total-subarray-value-ii,"Array, Greedy, Segment Tree, Heap (Priority Queue)"
HARD,Shortest Cycle in a Graph,12.5,0.4064,https://leetcode.com/problems/shortest-cycle-in-a-graph,"Breadth-First Search, Graph Theory"
MEDIUM,Maximize Sum of Device Ratings,12.5,0.3979,https://leetcode.com/problems/maximize-sum-of-device-ratings,"Array, Greedy, Sorting, Matrix"
MEDIUM,Number of Pairs of Interchangeable Rectangles,12.5,0.5315,https://leetcode.com/problems/number-of-pairs-of-interchangeable-rectangles,"Array, Hash Table, Math, Counting, Number Theory"
MEDIUM,Process String with Special Operations I,12.5,0.7124,https://leetcode.com/problems/process-string-with-special-operations-i,"String, Simulation"
MEDIUM,Minimize the Difference Between Target and Chosen Elements,12.5,0.3721,https://leetcode.com/problems/minimize-the-difference-between-target-and-chosen-elements,"Array, Dynamic Programming, Matrix"
MEDIUM,Queens That Can Attack the King,12.5,0.7292,https://leetcode.com/problems/queens-that-can-attack-the-king,"Array, Matrix, Simulation"
EASY,Subarrays Distinct Element Sum of Squares I,12.5,0.7978,https://leetcode.com/problems/subarrays-distinct-element-sum-of-squares-i,"Array, Hash Table, Binary Indexed Tree, Segment Tree"
HARD,Reachable Nodes In Subdivided Graph,12.5,0.5294,https://leetcode.com/problems/reachable-nodes-in-subdivided-graph,"Graph Theory, Heap (Priority Queue), Shortest Path, Dijkstra's Algorithm"
HARD,Maximum Building Height,12.5,0.6691,https://leetcode.com/problems/maximum-building-height,"Array, Math, Sorting"
MEDIUM,Longest Substring Of All Vowels in Order,12.5,0.5246,https://leetcode.com/problems/longest-substring-of-all-vowels-in-order,"String, Sliding Window"
MEDIUM,Maximum Ice Cream Bars,12.5,0.7726,https://leetcode.com/problems/maximum-ice-cream-bars,"Array, Greedy, Sorting, Counting Sort"
EASY,Maximum Number of Balloons,12.5,0.6434,https://leetcode.com/problems/maximum-number-of-balloons,"Hash Table, String, Counting"
MEDIUM,Number of Sub-arrays of Size K and Average Greater than or Equal to Threshold,12.5,0.7441,https://leetcode.com/problems/number-of-sub-arrays-of-size-k-and-average-greater-than-or-equal-to-threshold,"Array, Sliding Window"
HARD,Maximum Subarray Sum After at Most K Swaps,12.5,0.1431,https://leetcode.com/problems/maximum-subarray-sum-after-at-most-k-swaps,"Array, Hash Table, Greedy, Binary Indexed Tree, Sorting, Heap (Priority Queue), Ordered Set"
MEDIUM,Maximum Sum Obtained of Any Permutation,12.5,0.4159,https://leetcode.com/problems/maximum-sum-obtained-of-any-permutation,"Array, Greedy, Sorting, Prefix Sum"
MEDIUM,Maximum Number of Occurrences of a Substring,12.5,0.5498,https://leetcode.com/problems/maximum-number-of-occurrences-of-a-substring,"Hash Table, String, Sliding Window"
EASY,Buy Two Chocolates,12.5,0.6845,https://leetcode.com/problems/buy-two-chocolates,"Array, Greedy, Sorting"
MEDIUM,Count Subarrays With Majority Element I,12.5,0.7522,https://leetcode.com/problems/count-subarrays-with-majority-element-i,"Array, Hash Table, Divide and Conquer, Segment Tree, Merge Sort, Counting, Prefix Sum"
MEDIUM,Maximum Subarray Sum After Multiplier,12.5,0.2603,https://leetcode.com/problems/maximum-subarray-sum-after-multiplier,"Array, Dynamic Programming"
HARD,Number of Paths with Max Score,12.5,0.6313,https://leetcode.com/problems/number-of-paths-with-max-score,"Array, Dynamic Programming, Matrix"
MEDIUM,Design Memory Allocator,12.5,0.5090,https://leetcode.com/problems/design-memory-allocator,"Array, Hash Table, Design, Simulation"
MEDIUM,Array Nesting,12.5,0.5678,https://leetcode.com/problems/array-nesting,"Array, Depth-First Search"
HARD,Minimum Cost for Cutting Cake II,12.5,0.5426,https://leetcode.com/problems/minimum-cost-for-cutting-cake-ii,"Array, Greedy, Sorting"
MEDIUM,The Dining Philosophers,12.5,0.5458,https://leetcode.com/problems/the-dining-philosophers,Concurrency
HARD,Count Special Integers,12.5,0.4517,https://leetcode.com/problems/count-special-integers,"Math, Dynamic Programming"
MEDIUM,Design Front Middle Back Queue,12.5,0.5878,https://leetcode.com/problems/design-front-middle-back-queue,"Array, Linked List, Design, Queue, Doubly-Linked List, Data Stream"
MEDIUM,Odd and Even Transactions,12.5,0.6853,https://leetcode.com/problems/odd-and-even-transactions,Database
EASY,Restore Finishing Order,12.5,0.9084,https://leetcode.com/problems/restore-finishing-order,"Array, Hash Table"
EASY,Concatenate Non-Zero Digits and Multiply by Sum I,12.5,0.6588,https://leetcode.com/problems/concatenate-non-zero-digits-and-multiply-by-sum-i,Math
EASY,Number of Strings That Appear as Substrings in Word,12.5,0.8622,https://leetcode.com/problems/number-of-strings-that-appear-as-substrings-in-word,"Array, String"
MEDIUM,Memoize,12.5,0.6535,https://leetcode.com/problems/memoize,
EASY,K Items With the Maximum Sum,12.5,0.6058,https://leetcode.com/problems/k-items-with-the-maximum-sum,"Math, Greedy"
HARD,Smallest Rotation with Highest Score,12.5,0.5465,https://leetcode.com/problems/smallest-rotation-with-highest-score,"Array, Prefix Sum"
EASY,Minimum Number of Moves to Seat Everyone,12.5,0.8712,https://leetcode.com/problems/minimum-number-of-moves-to-seat-everyone,"Array, Greedy, Sorting, Counting Sort"
EASY,Average Value of Even Numbers That Are Divisible by Three,12.5,0.6381,https://leetcode.com/problems/average-value-of-even-numbers-that-are-divisible-by-three,"Array, Math"
MEDIUM,Maximum Element After Decreasing and Rearranging,12.5,0.6916,https://leetcode.com/problems/maximum-element-after-decreasing-and-rearranging,"Array, Greedy, Sorting"
HARD,Check if the Rectangle Corner Is Reachable,12.5,0.2447,https://leetcode.com/problems/check-if-the-rectangle-corner-is-reachable,"Array, Math, Depth-First Search, Breadth-First Search, Union-Find, Geometry"
HARD,Find All Good Strings,12.5,0.4634,https://leetcode.com/problems/find-all-good-strings,"String, Dynamic Programming, String Matching"
MEDIUM,Minimum Sideway Jumps,12.5,0.5201,https://leetcode.com/problems/minimum-sideway-jumps,"Array, Dynamic Programming, Greedy"
MEDIUM,Right Triangles,12.5,0.4876,https://leetcode.com/problems/right-triangles,"Array, Hash Table, Math, Combinatorics, Counting"
EASY,Alternating Groups I,12.5,0.6909,https://leetcode.com/problems/alternating-groups-i,"Array, Sliding Window"
HARD,Maximum XOR Score Subarray Queries,12.5,0.4327,https://leetcode.com/problems/maximum-xor-score-subarray-queries,"Array, Dynamic Programming"
MEDIUM,Find if Array Can Be Sorted,12.5,0.6615,https://leetcode.com/problems/find-if-array-can-be-sorted,"Array, Bit Manipulation, Sorting"
MEDIUM,Minimum Array Changes to Make Differences Equal,12.5,0.2486,https://leetcode.com/problems/minimum-array-changes-to-make-differences-equal,"Array, Hash Table, Prefix Sum"
HARD,Minimum Operations to Make Character Frequencies Equal,12.5,0.2604,https://leetcode.com/problems/minimum-operations-to-make-character-frequencies-equal,"Hash Table, String, Dynamic Programming, Counting, Enumeration"
EASY,Count Substrings That Satisfy K-Constraint I,12.5,0.7875,https://leetcode.com/problems/count-substrings-that-satisfy-k-constraint-i,"String, Sliding Window"
EASY,Convert Date to Binary,12.5,0.8862,https://leetcode.com/problems/convert-date-to-binary,"Math, String"
HARD,Equal Rational Numbers,12.5,0.4699,https://leetcode.com/problems/equal-rational-numbers,"Math, String"
HARD,Create Sorted Array through Instructions,12.5,0.4257,https://leetcode.com/problems/create-sorted-array-through-instructions,"Array, Binary Search, Divide and Conquer, Binary Indexed Tree, Segment Tree, Merge Sort, Ordered Set"
MEDIUM,Find The Original Array of Prefix Xor,12.5,0.8848,https://leetcode.com/problems/find-the-original-array-of-prefix-xor,"Array, Bit Manipulation"
EASY,Find Total Time Spent by Each Employee,12.5,0.8649,https://leetcode.com/problems/find-total-time-spent-by-each-employee,Database
HARD,Smallest Palindromic Rearrangement II,10.5,0.4388,https://leetcode.com/problems/smallest-palindromic-rearrangement-ii,"Hash Table, Math, String, Combinatorics, Counting"
HARD,Maximize Active Section with Trade II,10.5,0.6457,https://leetcode.com/problems/maximize-active-section-with-trade-ii,"Array, String, Binary Search, Segment Tree"
EASY,Shift 2D Grid,8.1,0.7454,https://leetcode.com/problems/shift-2d-grid,"Array, Matrix, Simulation"
EASY,Maximum Length Substring With Two Occurrences,8.1,0.7776,https://leetcode.com/problems/maximum-length-substring-with-two-occurrences,"Hash Table, String, Sliding Window"
MEDIUM,Longest Subsequence With Non-Zero Bitwise XOR,8.1,0.5530,https://leetcode.com/problems/longest-subsequence-with-non-zero-bitwise-xor,"Array, Bit Manipulation"
HARD,Longest Substring of One Repeating Character,8.1,0.6551,https://leetcode.com/problems/longest-substring-of-one-repeating-character,"Array, String, Segment Tree, Ordered Set"
MEDIUM,Number of Unique XOR Triplets I,8.1,0.5754,https://leetcode.com/problems/number-of-unique-xor-triplets-i,"Array, Math, Bit Manipulation"
HARD,Stone Game IV,5.5,0.6520,https://leetcode.com/problems/stone-game-iv,"Math, Dynamic Programming, Minimax, Game Theory, Nim Game, Sprague–Grundy Theorem, Zero-Sum Game"
MEDIUM,Sum of GCD of Formed Pairs,5.5,0.7463,https://leetcode.com/problems/sum-of-gcd-of-formed-pairs,"Array, Math, Two Pointers, Sorting, Simulation, Number Theory"
MEDIUM,Count Valid Sequences,5.5,0.4244,https://leetcode.com/problems/count-valid-sequences,"Math, Combinatorics"
EASY,Unique Middle Element,5.5,0.7243,https://leetcode.com/problems/unique-middle-element,"Array, Counting"
EASY,Rectangle Overlap,5.0,0.5340,https://leetcode.com/problems/rectangle-overlap,"Math, Geometry"
HARD,Course Schedule III,5.0,0.4223,https://leetcode.com/problems/course-schedule-iii,"Array, Greedy, Sorting, Heap (Priority Queue)"
MEDIUM,Maximum Sum of Two Non-Overlapping Subarrays,5.0,0.6152,https://leetcode.com/problems/maximum-sum-of-two-non-overlapping-subarrays,"Array, Dynamic Programming, Sliding Window"
MEDIUM,Count Number of Rectangles Containing Each Point,5.0,0.3797,https://leetcode.com/problems/count-number-of-rectangles-containing-each-point,"Array, Hash Table, Binary Search, Binary Indexed Tree, Sorting"
MEDIUM,Jump Game III,5.0,0.7046,https://leetcode.com/problems/jump-game-iii,"Array, Depth-First Search, Breadth-First Search"
EASY,Make Array Zero by Subtracting Equal Amounts,5.0,0.7397,https://leetcode.com/problems/make-array-zero-by-subtracting-equal-amounts,"Array, Hash Table, Greedy, Sorting, Heap (Priority Queue), Simulation"
EASY,Remove One Element to Make the Array Strictly Increasing,5.0,0.3084,https://leetcode.com/problems/remove-one-element-to-make-the-array-strictly-increasing,Array
MEDIUM,H-Index II,5.0,0.4012,https://leetcode.com/problems/h-index-ii,"Array, Binary Search"
HARD,Largest Palindrome Product,5.0,0.3996,https://leetcode.com/problems/largest-palindrome-product,"Math, Enumeration"
MEDIUM,Subsequence After One Replacement,5.0,0.2187,https://leetcode.com/problems/subsequence-after-one-replacement,"Two Pointers, String"
EASY,Sort Integers by Binary Reflection,5.0,0.6028,https://leetcode.com/problems/sort-integers-by-binary-reflection,"Array, Sorting"
MEDIUM,Minimum Number of Coins to be Added,5.0,0.5811,https://leetcode.com/problems/minimum-number-of-coins-to-be-added,"Array, Greedy, Sorting"
EASY,Employees With Missing Information,5.0,0.7362,https://leetcode.com/problems/employees-with-missing-information,Database
HARD,Last Substring in Lexicographical Order,5.0,0.3525,https://leetcode.com/problems/last-substring-in-lexicographical-order,"Two Pointers, String, Lyndon Factorization"
MEDIUM,Count of Substrings Containing Every Vowel and K Consonants I,5.0,0.4198,https://leetcode.com/problems/count-of-substrings-containing-every-vowel-and-k-consonants-i,"Hash Table, String, Sliding Window"
MEDIUM,Rearrange Words in a Sentence,5.0,0.6745,https://leetcode.com/problems/rearrange-words-in-a-sentence,"String, Sorting"
EASY,Remove Palindromic Subsequences,5.0,0.7728,https://leetcode.com/problems/remove-palindromic-subsequences,"Two Pointers, String"
EASY,Number of Distinct Averages,5.0,0.5918,https://leetcode.com/problems/number-of-distinct-averages,"Array, Hash Table, Two Pointers, Sorting"
MEDIUM,Remove Methods From Project,5.0,0.6994,https://leetcode.com/problems/remove-methods-from-project,"Depth-First Search, Breadth-First Search, Graph Theory"
MEDIUM,Minimum Number of Pushes to Type Word II,5.0,0.8312,https://leetcode.com/problems/minimum-number-of-pushes-to-type-word-ii,"Hash Table, String, Greedy, Sorting, Counting"
HARD,Maximum Walls Destroyed by Robots,5.0,0.4788,https://leetcode.com/problems/maximum-walls-destroyed-by-robots,"Array, Binary Search, Dynamic Programming, Sorting"
HARD,Evaluate Valid Expressions,5.0,0.6945,https://leetcode.com/problems/evaluate-valid-expressions,"Hash Table, Math, String, Divide and Conquer, Stack"
MEDIUM,Longest Well-Performing Interval,5.0,0.3832,https://leetcode.com/problems/longest-well-performing-interval,"Array, Hash Table, Stack, Monotonic Stack, Prefix Sum"
MEDIUM,Reverse Substrings Between Each Pair of Parentheses,5.0,0.7212,https://leetcode.com/problems/reverse-substrings-between-each-pair-of-parentheses,"String, Stack, Bracket Sequences"
MEDIUM,Average Waiting Time,5.0,0.7315,https://leetcode.com/problems/average-waiting-time,"Array, Simulation"
HARD,Find the Longest Valid Obstacle Course at Each Position,5.0,0.6253,https://leetcode.com/problems/find-the-longest-valid-obstacle-course-at-each-position,"Array, Binary Search, Binary Indexed Tree, Longest Increasing Subsequence"
MEDIUM,Maximum Number of Groups Entering a Competition,5.0,0.6876,https://leetcode.com/problems/maximum-number-of-groups-entering-a-competition,"Array, Math, Binary Search, Greedy"
MEDIUM,Plates Between Candles,5.0,0.4778,https://leetcode.com/problems/plates-between-candles,"Array, String, Binary Search, Prefix Sum"
HARD,Strobogrammatic Number III,0.0,0.4271,https://leetcode.com/problems/strobogrammatic-number-iii,"Array, String, Recursion"
MEDIUM,Split BST,0.0,0.8212,https://leetcode.com/problems/split-bst,"Tree, Binary Search Tree, Recursion, Binary Tree"
MEDIUM,Palindrome Permutation II,0.0,0.4240,https://leetcode.com/problems/palindrome-permutation-ii,"Hash Table, String, Backtracking"
HARD,Remove 9,0.0,0.5724,https://leetcode.com/problems/remove-9,Math
HARD,Self Crossing,0.0,0.3652,https://leetcode.com/problems/self-crossing,"Array, Math, Geometry"
MEDIUM,Maximum Difference Between Node and Ancestor,0.0,0.7827,https://leetcode.com/problems/maximum-difference-between-node-and-ancestor,"Tree, Depth-First Search, Binary Tree"
EASY,Reformat The String,0.0,0.5219,https://leetcode.com/problems/reformat-the-string,String
MEDIUM,Clone N-ary Tree,0.0,0.8310,https://leetcode.com/problems/clone-n-ary-tree,"Hash Table, Tree, Depth-First Search, Breadth-First Search"
EASY,Largest Substring Between Two Equal Characters,0.0,0.6836,https://leetcode.com/problems/largest-substring-between-two-equal-characters,"Hash Table, String"
MEDIUM,All Elements in Two Binary Search Trees,0.0,0.8043,https://leetcode.com/problems/all-elements-in-two-binary-search-trees,"Tree, Depth-First Search, Binary Search Tree, Sorting, Binary Tree"
MEDIUM,Global and Local Inversions,0.0,0.4307,https://leetcode.com/problems/global-and-local-inversions,"Array, Math"
EASY,Consecutive Characters,0.0,0.6047,https://leetcode.com/problems/consecutive-characters,String
EASY,Destination City,0.0,0.7956,https://leetcode.com/problems/destination-city,"Array, Hash Table, String"
MEDIUM,Leftmost Column with at Least a One,0.0,0.5528,https://leetcode.com/problems/leftmost-column-with-at-least-a-one,"Array, Binary Search, Matrix, Interactive"
HARD,Number of Music Playlists,0.0,0.6012,https://leetcode.com/problems/number-of-music-playlists,"Math, Dynamic Programming, Combinatorics"
HARD,Minimum Number of Flips to Convert Binary Matrix to Zero Matrix,0.0,0.7307,https://leetcode.com/problems/minimum-number-of-flips-to-convert-binary-matrix-to-zero-matrix,"Array, Hash Table, Bit Manipulation, Breadth-First Search, Matrix"
MEDIUM,Valid Tic-Tac-Toe State,0.0,0.3504,https://leetcode.com/problems/valid-tic-tac-toe-state,"Array, Matrix"
MEDIUM,Largest Time for Given Digits,0.0,0.3618,https://leetcode.com/problems/largest-time-for-given-digits,"Array, String, Backtracking, Enumeration"
MEDIUM,Number Of Corner Rectangles,0.0,0.6779,https://leetcode.com/problems/number-of-corner-rectangles,"Array, Math, Dynamic Programming, Matrix"
MEDIUM,Logical OR of Two Binary Grids Represented as Quad-Trees,0.0,0.5370,https://leetcode.com/problems/logical-or-of-two-binary-grids-represented-as-quad-trees,"Divide and Conquer, Tree"
HARD,Tag Validator,0.0,0.4172,https://leetcode.com/problems/tag-validator,"String, Stack"
MEDIUM,Design Log Storage System,0.0,0.5976,https://leetcode.com/problems/design-log-storage-system,"Hash Table, String, Design, Ordered Set"
MEDIUM,Kill Process,0.0,0.7077,https://leetcode.com/problems/kill-process,"Array, Hash Table, Tree, Depth-First Search, Breadth-First Search"
MEDIUM,Factor Combinations,0.0,0.5061,https://leetcode.com/problems/factor-combinations,"Backtracking, Prime Factorization"
HARD,Smallest Sufficient Team,0.0,0.5584,https://leetcode.com/problems/smallest-sufficient-team,"Array, Dynamic Programming, Bit Manipulation, Bitmask"
MEDIUM,Closest Leaf in a Binary Tree,0.0,0.4751,https://leetcode.com/problems/closest-leaf-in-a-binary-tree,"Tree, Depth-First Search, Breadth-First Search, Binary Tree"
HARD,Paint House II,0.0,0.5730,https://leetcode.com/problems/paint-house-ii,"Array, Dynamic Programming"
MEDIUM,Largest BST Subtree,0.0,0.4593,https://leetcode.com/problems/largest-bst-subtree,"Dynamic Programming, Tree, Depth-First Search, Binary Search Tree, Binary Tree, DP on Trees"
MEDIUM,Print Immutable Linked List in Reverse,0.0,0.9404,https://leetcode.com/problems/print-immutable-linked-list-in-reverse,"Linked List, Two Pointers, Stack, Recursion"
EASY,Shortest Word Distance,0.0,0.6641,https://leetcode.com/problems/shortest-word-distance,"Array, String"
HARD,Triples with Bitwise AND Equal To Zero,0.0,0.6063,https://leetcode.com/problems/triples-with-bitwise-and-equal-to-zero,"Array, Hash Table, Bit Manipulation"
HARD,Online Majority Element In Subarray,0.0,0.4117,https://leetcode.com/problems/online-majority-element-in-subarray,"Array, Binary Search, Design, Binary Indexed Tree, Segment Tree, Sqrt Decomposition, Boyer–Moore Majority Vote Algorithm"
MEDIUM,Mini Parser,0.0,0.4372,https://leetcode.com/problems/mini-parser,"String, Stack, Depth-First Search"
MEDIUM,Design Bounded Blocking Queue,0.0,0.7399,https://leetcode.com/problems/design-bounded-blocking-queue,Concurrency
MEDIUM,Convert Binary Search Tree to Sorted Doubly Linked List,0.0,0.6564,https://leetcode.com/problems/convert-binary-search-tree-to-sorted-doubly-linked-list,"Linked List, Stack, Tree, Depth-First Search, Binary Search Tree, Binary Tree, Doubly-Linked List"
MEDIUM,Largest Plus Sign,0.0,0.4959,https://leetcode.com/problems/largest-plus-sign,"Array, Dynamic Programming"
MEDIUM,Total Hamming Distance,0.0,0.5557,https://leetcode.com/problems/total-hamming-distance,"Array, Math, Bit Manipulation"
HARD,Decode Ways II,0.0,0.3229,https://leetcode.com/problems/decode-ways-ii,"String, Dynamic Programming"
HARD,Stamping The Sequence,0.0,0.6235,https://leetcode.com/problems/stamping-the-sequence,"String, Stack, Greedy, Queue"
EASY,Maximum Depth of N-ary Tree,0.0,0.7383,https://leetcode.com/problems/maximum-depth-of-n-ary-tree,"Tree, Depth-First Search, Breadth-First Search"
HARD,Concatenated Words,0.0,0.5000,https://leetcode.com/problems/concatenated-words,"Array, String, Dynamic Programming, Depth-First Search, Trie, Sorting"
EASY,Two Sum Less Than K,0.0,0.6215,https://leetcode.com/problems/two-sum-less-than-k,"Array, Two Pointers, Binary Search, Sorting"
MEDIUM,Grumpy Bookstore Owner,0.0,0.6420,https://leetcode.com/problems/grumpy-bookstore-owner,"Array, Sliding Window"
HARD,Largest Multiple of Three,0.0,0.3356,https://leetcode.com/problems/largest-multiple-of-three,"Array, Math, Dynamic Programming, Greedy, Sorting"
HARD,Maximum Strictly Increasing Cells in a Matrix,0.0,0.3148,https://leetcode.com/problems/maximum-strictly-increasing-cells-in-a-matrix,"Array, Hash Table, Binary Search, Dynamic Programming, Memoization, Sorting, Matrix, Ordered Set"
MEDIUM,Minimum Number of Work Sessions to Finish the Tasks,0.0,0.3545,https://leetcode.com/problems/minimum-number-of-work-sessions-to-finish-the-tasks,"Array, Dynamic Programming, Backtracking, Bit Manipulation, Bitmask"
HARD,Build Binary Expression Tree From Infix Expression,0.0,0.6271,https://leetcode.com/problems/build-binary-expression-tree-from-infix-expression,"String, Stack, Tree, Binary Tree"
MEDIUM,Count Lattice Points Inside a Circle,0.0,0.5726,https://leetcode.com/problems/count-lattice-points-inside-a-circle,"Array, Hash Table, Math, Geometry, Enumeration"
MEDIUM,Find Distance in a Binary Tree,0.0,0.7438,https://leetcode.com/problems/find-distance-in-a-binary-tree,"Hash Table, Tree, Depth-First Search, Breadth-First Search, Binary Tree, Binary Lifting, Lowest Common Ancestor"
MEDIUM,Shortest Path to Get Food,0.0,0.5732,https://leetcode.com/problems/shortest-path-to-get-food,"Array, Breadth-First Search, Matrix"
MEDIUM,Removing Minimum Number of Magic Beans,0.0,0.4504,https://leetcode.com/problems/removing-minimum-number-of-magic-beans,"Array, Greedy, Sorting, Enumeration, Prefix Sum"
MEDIUM,Removing Minimum and Maximum From Array,0.0,0.6758,https://leetcode.com/problems/removing-minimum-and-maximum-from-array,"Array, Greedy"
MEDIUM,Count Pairs in Two Arrays,0.0,0.6027,https://leetcode.com/problems/count-pairs-in-two-arrays,"Array, Two Pointers, Binary Search, Sorting"
HARD,Number of Ways to Divide a Long Corridor,0.0,0.5450,https://leetcode.com/problems/number-of-ways-to-divide-a-long-corridor,"Math, String, Dynamic Programming"
HARD,Count Pairs With XOR in a Range,0.0,0.4681,https://leetcode.com/problems/count-pairs-with-xor-in-a-range,"Array, Bit Manipulation, Trie"
HARD,Number of Increasing Paths in a Grid,0.0,0.5721,https://leetcode.com/problems/number-of-increasing-paths-in-a-grid,"Array, Dynamic Programming, Depth-First Search, Breadth-First Search, Graph Theory, Topological Sort, Memoization, Matrix"
HARD,Stamping the Grid,0.0,0.3608,https://leetcode.com/problems/stamping-the-grid,"Array, Greedy, Matrix, Prefix Sum"
HARD,Count Vowels Permutation,0.0,0.6136,https://leetcode.com/problems/count-vowels-permutation,Dynamic Programming
HARD,Find Number of Coins to Place in Tree Nodes,0.0,0.3736,https://leetcode.com/problems/find-number-of-coins-to-place-in-tree-nodes,"Dynamic Programming, Tree, Depth-First Search, Sorting, Heap (Priority Queue), DP on Trees"
HARD,Minimum Space Wasted From Packaging,0.0,0.3391,https://leetcode.com/problems/minimum-space-wasted-from-packaging,"Array, Binary Search, Sorting, Prefix Sum"
HARD,Greatest Common Divisor Traversal,0.0,0.4166,https://leetcode.com/problems/greatest-common-divisor-traversal,"Array, Math, Union-Find, Number Theory, Prime Factorization, Euclidean Algorithm, Greatest Common Divisor"
MEDIUM,Strings Differ by One Character,0.0,0.3949,https://leetcode.com/problems/strings-differ-by-one-character,"Hash Table, String, Rolling Hash, Hash Function"
MEDIUM,Partition String Into Minimum Beautiful Substrings,0.0,0.5428,https://leetcode.com/problems/partition-string-into-minimum-beautiful-substrings,"Hash Table, String, Dynamic Programming, Backtracking"
