Difficulty,Title,Frequency,Acceptance Rate,Link,Topics
MEDIUM,Minimum Remove to Make Valid Parentheses,100.0,0.7163,https://leetcode.com/problems/minimum-remove-to-make-valid-parentheses,"String, Stack"
EASY,Valid Palindrome II,100.0,0.4480,https://leetcode.com/problems/valid-palindrome-ii,"Two Pointers, String, Greedy"
EASY,Valid Word Abbreviation,100.0,0.3705,https://leetcode.com/problems/valid-word-abbreviation,"Two Pointers, String"
MEDIUM,Binary Tree Vertical Order Traversal,93.4,0.5790,https://leetcode.com/problems/binary-tree-vertical-order-traversal,"Hash Table, Tree, Depth-First Search, Breadth-First Search, Sorting, Binary Tree"
MEDIUM,Kth Largest Element in an Array,93.3,0.6935,https://leetcode.com/problems/kth-largest-element-in-an-array,"Array, Divide and Conquer, Sorting, Heap (Priority Queue), Quickselect"
EASY,Two Sum,90.2,0.5793,https://leetcode.com/problems/two-sum,"Array, Hash Table"
MEDIUM,Basic Calculator II,89.3,0.4721,https://leetcode.com/problems/basic-calculator-ii,"Math, String, Stack"
MEDIUM,Lowest Common Ancestor of a Binary Tree III,88.5,0.8303,https://leetcode.com/problems/lowest-common-ancestor-of-a-binary-tree-iii,"Hash Table, Two Pointers, Tree, Binary Tree, Binary Lifting, Lowest Common Ancestor"
MEDIUM,Nested List Weight Sum,87.9,0.8600,https://leetcode.com/problems/nested-list-weight-sum,"Depth-First Search, Breadth-First Search"
MEDIUM,Random Pick with Weight,87.7,0.4927,https://leetcode.com/problems/random-pick-with-weight,"Array, Math, Binary Search, Prefix Sum, Randomized"
EASY,Best Time to Buy and Sell Stock,87.5,0.5744,https://leetcode.com/problems/best-time-to-buy-and-sell-stock,"Array, Dynamic Programming"
MEDIUM,Lowest Common Ancestor of a Binary Tree,87.5,0.7017,https://leetcode.com/problems/lowest-common-ancestor-of-a-binary-tree,"Tree, Depth-First Search, Binary Tree, Binary Lifting, Lowest Common Ancestor"
MEDIUM,"Pow(x, n)",87.5,0.3938,https://leetcode.com/problems/powx-n,"Math, Recursion"
MEDIUM,Subarray Sum Equals K,87.5,0.4823,https://leetcode.com/problems/subarray-sum-equals-k,"Array, Hash Table, Prefix Sum"
MEDIUM,Simplify Path,87.5,0.5152,https://leetcode.com/problems/simplify-path,"String, Stack"
MEDIUM,Merge Intervals,87.5,0.5288,https://leetcode.com/problems/merge-intervals,"Array, Sorting, Quicksort"
MEDIUM,Binary Tree Right Side View,87.5,0.7128,https://leetcode.com/problems/binary-tree-right-side-view,"Tree, Depth-First Search, Breadth-First Search, Binary Tree"
EASY,Valid Palindrome,87.5,0.5437,https://leetcode.com/problems/valid-palindrome,"Two Pointers, String"
EASY,Diameter of Binary Tree,87.5,0.6629,https://leetcode.com/problems/diameter-of-binary-tree,"Tree, Depth-First Search, Binary Tree, DP on Trees"
EASY,Merge Sorted Array,87.5,0.5578,https://leetcode.com/problems/merge-sorted-array,"Array, Two Pointers, Sorting"
MEDIUM,Find Peak Element,87.5,0.4722,https://leetcode.com/problems/find-peak-element,"Array, Binary Search"
MEDIUM,Buildings With an Ocean View,87.5,0.8091,https://leetcode.com/problems/buildings-with-an-ocean-view,"Array, Stack, Monotonic Stack"
MEDIUM,Top K Frequent Elements,81.3,0.6742,https://leetcode.com/problems/top-k-frequent-elements,"Array, Hash Table, Divide and Conquer, Sorting, Heap (Priority Queue), Bucket Sort, Counting, Quickselect"
MEDIUM,Shortest Path in Binary Matrix,80.9,0.5221,https://leetcode.com/problems/shortest-path-in-binary-matrix,"Array, Breadth-First Search, Matrix"
MEDIUM,Dot Product of Two Sparse Vectors,79.6,0.8987,https://leetcode.com/problems/dot-product-of-two-sparse-vectors,"Array, Hash Table, Two Pointers, Design, Linear Algebra"
MEDIUM,Next Permutation,79.0,0.4624,https://leetcode.com/problems/next-permutation,"Array, Two Pointers"
MEDIUM,LRU Cache,78.5,0.4811,https://leetcode.com/problems/lru-cache,"Hash Table, Linked List, Design, Doubly-Linked List"
MEDIUM,Sum Root to Leaf Numbers,78.4,0.7042,https://leetcode.com/problems/sum-root-to-leaf-numbers,"Tree, Depth-First Search, Binary Tree"
MEDIUM,Copy List with Random Pointer,78.1,0.6376,https://leetcode.com/problems/copy-list-with-random-pointer,"Hash Table, Linked List"
EASY,Range Sum of BST,78.0,0.8764,https://leetcode.com/problems/range-sum-of-bst,"Tree, Depth-First Search, Binary Search Tree, Binary Tree"
MEDIUM,K Closest Points to Origin,77.1,0.6942,https://leetcode.com/problems/k-closest-points-to-origin,"Array, Math, Divide and Conquer, Geometry, Sorting, Heap (Priority Queue), Quickselect, K-D Tree"
HARD,Merge k Sorted Lists,75.1,0.6061,https://leetcode.com/problems/merge-k-sorted-lists,"Linked List, Divide and Conquer, Heap (Priority Queue), Merge Sort, Tournament Sort"
MEDIUM,Minimum Add to Make Parentheses Valid,75.0,0.7423,https://leetcode.com/problems/minimum-add-to-make-parentheses-valid,"String, Stack, Greedy, Bracket Sequences"
HARD,Vertical Order Traversal of a Binary Tree,75.0,0.5477,https://leetcode.com/problems/vertical-order-traversal-of-a-binary-tree,"Hash Table, Tree, Depth-First Search, Breadth-First Search, Sorting, Binary Tree"
MEDIUM,Custom Sort String,75.0,0.7232,https://leetcode.com/problems/custom-sort-string,"Hash Table, String, Sorting"
EASY,Moving Average from Data Stream,75.0,0.8024,https://leetcode.com/problems/moving-average-from-data-stream,"Array, Design, Queue, Data Stream"
MEDIUM,Clone Graph,75.0,0.6626,https://leetcode.com/problems/clone-graph,"Hash Table, Depth-First Search, Breadth-First Search, Graph Theory"
MEDIUM,Maximum Swap,75.0,0.5211,https://leetcode.com/problems/maximum-swap,"Math, Greedy"
MEDIUM,3Sum,75.0,0.3994,https://leetcode.com/problems/3sum,"Array, Two Pointers, Sorting"
MEDIUM,Max Consecutive Ones III,75.0,0.6850,https://leetcode.com/problems/max-consecutive-ones-iii,"Array, Binary Search, Sliding Window, Prefix Sum"
EASY,Longest Common Prefix,75.0,0.4842,https://leetcode.com/problems/longest-common-prefix,"Array, String, Trie"
EASY,Valid Parentheses,75.0,0.4495,https://leetcode.com/problems/valid-parentheses,"String, Stack, Bracket Sequences"
HARD,Minimum Window Substring,75.0,0.4855,https://leetcode.com/problems/minimum-window-substring,"Hash Table, String, Sliding Window"
MEDIUM,Add Two Numbers,75.0,0.4941,https://leetcode.com/problems/add-two-numbers,"Linked List, Math, Recursion"
MEDIUM,Interval List Intersections,75.0,0.7321,https://leetcode.com/problems/interval-list-intersections,"Array, Two Pointers, Sweep Line"
MEDIUM,Find First and Last Position of Element in Sorted Array,75.0,0.4970,https://leetcode.com/problems/find-first-and-last-position-of-element-in-sorted-array,"Array, Binary Search"
HARD,Making A Large Island,75.0,0.5725,https://leetcode.com/problems/making-a-large-island,"Array, Depth-First Search, Breadth-First Search, Union-Find, Matrix"
MEDIUM,Longest Substring Without Repeating Characters,68.9,0.3988,https://leetcode.com/problems/longest-substring-without-repeating-characters,"Hash Table, String, Sliding Window"
EASY,Kth Missing Positive Number,68.6,0.6396,https://leetcode.com/problems/kth-missing-positive-number,"Array, Binary Search"
HARD,Valid Number,68.2,0.2368,https://leetcode.com/problems/valid-number,String
MEDIUM,Exclusive Time of Functions,67.4,0.6626,https://leetcode.com/problems/exclusive-time-of-functions,"Array, Stack"
EASY,Remove Duplicates from Sorted Array,67.1,0.6384,https://leetcode.com/problems/remove-duplicates-from-sorted-array,"Array, Two Pointers"
MEDIUM,Longest Palindromic Substring,67.1,0.3873,https://leetcode.com/problems/longest-palindromic-substring,"Two Pointers, String, Dynamic Programming, Manacher"
MEDIUM,Diagonal Traverse,67.0,0.6748,https://leetcode.com/problems/diagonal-traverse,"Array, Matrix, Simulation"
HARD,Median of Two Sorted Arrays,66.8,0.4768,https://leetcode.com/problems/median-of-two-sorted-arrays,"Array, Binary Search, Divide and Conquer"
MEDIUM,Course Schedule,65.7,0.5228,https://leetcode.com/problems/course-schedule,"Depth-First Search, Breadth-First Search, Graph Theory, Topological Sort, Directed Acyclic Graph"
MEDIUM,All Nodes Distance K in Binary Tree,65.7,0.6813,https://leetcode.com/problems/all-nodes-distance-k-in-binary-tree,"Hash Table, Tree, Depth-First Search, Breadth-First Search, Binary Tree"
MEDIUM,Number of Islands,65.5,0.6519,https://leetcode.com/problems/number-of-islands,"Array, Depth-First Search, Breadth-First Search, Union-Find, Matrix"
EASY,Move Zeroes,65.3,0.6442,https://leetcode.com/problems/move-zeroes,"Array, Two Pointers"
MEDIUM,Remove Nth Node From End of List,64.7,0.5272,https://leetcode.com/problems/remove-nth-node-from-end-of-list,"Linked List, Two Pointers"
EASY,Palindrome Number,64.1,0.6099,https://leetcode.com/problems/palindrome-number,Math
MEDIUM,Convert Binary Search Tree to Sorted Doubly Linked List,63.7,0.6564,https://leetcode.com/problems/convert-binary-search-tree-to-sorted-doubly-linked-list,"Linked List, Stack, Tree, Depth-First Search, Binary Search Tree, Binary Tree, Doubly-Linked List"
EASY,Add Strings,63.6,0.5225,https://leetcode.com/problems/add-strings,"Math, String, Simulation"
MEDIUM,Insert into a Sorted Circular Linked List,63.4,0.3859,https://leetcode.com/problems/insert-into-a-sorted-circular-linked-list,Linked List
MEDIUM,Palindromic Substrings,63.0,0.7327,https://leetcode.com/problems/palindromic-substrings,"Two Pointers, String, Dynamic Programming"
HARD,Trapping Rain Water,62.6,0.6828,https://leetcode.com/problems/trapping-rain-water,"Array, Two Pointers, Dynamic Programming, Stack, Monotonic Stack"
EASY,Roman to Integer,62.5,0.6722,https://leetcode.com/problems/roman-to-integer,"Hash Table, Math, String"
MEDIUM,Continuous Subarray Sum,62.5,0.3169,https://leetcode.com/problems/continuous-subarray-sum,"Array, Hash Table, Math, Prefix Sum, Pigeonhole Principle"
MEDIUM,Binary Search Tree Iterator,62.5,0.7703,https://leetcode.com/problems/binary-search-tree-iterator,"Stack, Tree, Design, Binary Search Tree, Binary Tree, Iterator"
MEDIUM,Group Shifted Strings,62.5,0.6785,https://leetcode.com/problems/group-shifted-strings,"Array, Hash Table, String"
MEDIUM,Subsets,62.5,0.8285,https://leetcode.com/problems/subsets,"Array, Backtracking, Bit Manipulation"
MEDIUM,Accounts Merge,62.5,0.6209,https://leetcode.com/problems/accounts-merge,"Array, Hash Table, String, Depth-First Search, Breadth-First Search, Union-Find, Sorting"
MEDIUM,String to Integer (atoi),62.5,0.2180,https://leetcode.com/problems/string-to-integer-atoi,String
MEDIUM,Search in Rotated Sorted Array,62.5,0.4569,https://leetcode.com/problems/search-in-rotated-sorted-array,"Array, Binary Search"
HARD,Expression Add Operators,62.5,0.4386,https://leetcode.com/problems/expression-add-operators,"Math, String, Backtracking"
MEDIUM,Random Pick Index,62.5,0.6519,https://leetcode.com/problems/random-pick-index,"Hash Table, Math, Reservoir Sampling, Randomized"
EASY,Closest Binary Search Tree Value,62.5,0.4912,https://leetcode.com/problems/closest-binary-search-tree-value,"Binary Search, Tree, Depth-First Search, Binary Search Tree, Binary Tree"
MEDIUM,Group Anagrams,62.5,0.7333,https://leetcode.com/problems/group-anagrams,"Array, Hash Table, String, Sorting"
MEDIUM,Generate Parentheses,62.5,0.7922,https://leetcode.com/problems/generate-parentheses,"String, Dynamic Programming, Backtracking, Bracket Sequences"
MEDIUM,Letter Combinations of a Phone Number,62.5,0.6690,https://leetcode.com/problems/letter-combinations-of-a-phone-number,"Hash Table, String, Backtracking"
HARD,Word Ladder,62.5,0.4664,https://leetcode.com/problems/word-ladder,"Hash Table, String, Breadth-First Search, Bidirectional Search"
EASY,Merge Two Sorted Lists,62.5,0.6892,https://leetcode.com/problems/merge-two-sorted-lists,"Linked List, Recursion"
MEDIUM,Maximum Subarray,62.5,0.5390,https://leetcode.com/problems/maximum-subarray,"Array, Divide and Conquer, Dynamic Programming"
HARD,Sliding Window Median,62.5,0.3915,https://leetcode.com/problems/sliding-window-median,"Array, Hash Table, Sliding Window, Heap (Priority Queue), Treap"
MEDIUM,Container With Most Water,62.5,0.6090,https://leetcode.com/problems/container-with-most-water,"Array, Two Pointers, Greedy"
EASY,Goat Latin,62.5,0.7023,https://leetcode.com/problems/goat-latin,String
MEDIUM,Sort Colors,62.5,0.7025,https://leetcode.com/problems/sort-colors,"Array, Two Pointers, Sorting, Quicksort, Bubble Sort"
EASY,Contains Duplicate II,62.5,0.5198,https://leetcode.com/problems/contains-duplicate-ii,"Array, Hash Table, Sliding Window"
EASY,Majority Element,62.5,0.6652,https://leetcode.com/problems/majority-element,"Array, Hash Table, Divide and Conquer, Sorting, Counting, Boyer–Moore Majority Vote Algorithm"
HARD,Robot Room Cleaner,62.5,0.7804,https://leetcode.com/problems/robot-room-cleaner,"Backtracking, Interactive"
HARD,Valid Palindrome III,62.5,0.4918,https://leetcode.com/problems/valid-palindrome-iii,"String, Dynamic Programming"
MEDIUM,Koko Eating Bananas,62.5,0.5059,https://leetcode.com/problems/koko-eating-bananas,"Array, Binary Search"
MEDIUM,Longest Consecutive Sequence,62.5,0.4725,https://leetcode.com/problems/longest-consecutive-sequence,"Array, Hash Table, Union-Find"
EASY,Climbing Stairs,62.5,0.5436,https://leetcode.com/problems/climbing-stairs,"Math, Dynamic Programming, Memoization"
EASY,Recyclable and Low Fat Products,62.5,0.8866,https://leetcode.com/problems/recyclable-and-low-fat-products,Database
EASY,Merge Strings Alternately,62.5,0.8215,https://leetcode.com/problems/merge-strings-alternately,"Two Pointers, String"
MEDIUM,Kth Smallest Element in a Sorted Matrix,55.9,0.6511,https://leetcode.com/problems/kth-smallest-element-in-a-sorted-matrix,"Array, Binary Search, Sorting, Heap (Priority Queue), Matrix"
MEDIUM,Set Matrix Zeroes,55.9,0.6366,https://leetcode.com/problems/set-matrix-zeroes,"Array, Hash Table, Matrix"
EASY,Remove All Adjacent Duplicates In String,55.6,0.7413,https://leetcode.com/problems/remove-all-adjacent-duplicates-in-string,"String, Stack"
MEDIUM,Reverse Integer,55.3,0.3257,https://leetcode.com/problems/reverse-integer,Math
EASY,Missing Ranges,54.7,0.3570,https://leetcode.com/problems/missing-ranges,Array
EASY,Create Hello World Function,54.7,0.8193,https://leetcode.com/problems/create-hello-world-function,
MEDIUM,Check Completeness of a Binary Tree,54.4,0.5956,https://leetcode.com/problems/check-completeness-of-a-binary-tree,"Tree, Breadth-First Search, Binary Tree"
MEDIUM,Word Break,54.1,0.4993,https://leetcode.com/problems/word-break,"Array, Hash Table, String, Dynamic Programming, Trie, Memoization, Brute-Force Search"
EASY,Toeplitz Matrix,54.1,0.6989,https://leetcode.com/problems/toeplitz-matrix,"Array, Matrix"
EASY,Squares of a Sorted Array,54.1,0.7418,https://leetcode.com/problems/squares-of-a-sorted-array,"Array, Two Pointers, Sorting"
MEDIUM,Meeting Rooms II,53.4,0.5282,https://leetcode.com/problems/meeting-rooms-ii,"Array, Two Pointers, Greedy, Sorting, Heap (Priority Queue), Prefix Sum"
MEDIUM,Product of Array Except Self,53.4,0.6930,https://leetcode.com/problems/product-of-array-except-self,"Array, Prefix Sum"
HARD,Alien Dictionary,53.4,0.3733,https://leetcode.com/problems/alien-dictionary,"Array, String, Depth-First Search, Breadth-First Search, Graph Theory, Topological Sort, Directed Acyclic Graph"
HARD,Sliding Window Maximum,53.4,0.4928,https://leetcode.com/problems/sliding-window-maximum,"Array, Queue, Sliding Window, Heap (Priority Queue), Monotonic Queue, Range Minimum/Maximum Query"
MEDIUM,Rotate Image,53.1,0.8075,https://leetcode.com/problems/rotate-image,"Array, Math, Matrix"
EASY,Plus One,53.1,0.5066,https://leetcode.com/problems/plus-one,"Array, Math"
EASY,Valid Anagram,53.1,0.6869,https://leetcode.com/problems/valid-anagram,"Hash Table, String, Sorting"
MEDIUM,Count Nodes Equal to Average of Subtree,52.7,0.8870,https://leetcode.com/problems/count-nodes-equal-to-average-of-subtree,"Tree, Depth-First Search, Binary Tree"
MEDIUM,Decode String,52.0,0.6326,https://leetcode.com/problems/decode-string,"String, Stack, Recursion"
HARD,Binary Tree Maximum Path Sum,51.7,0.4281,https://leetcode.com/problems/binary-tree-maximum-path-sum,"Dynamic Programming, Tree, Depth-First Search, Binary Tree, DP on Trees"
EASY,Palindrome Linked List,51.7,0.5884,https://leetcode.com/problems/palindrome-linked-list,"Linked List, Two Pointers, Stack, Recursion"
MEDIUM,Spiral Matrix,51.7,0.5796,https://leetcode.com/problems/spiral-matrix,"Array, Matrix, Simulation"
HARD,Longest Valid Parentheses,51.7,0.3983,https://leetcode.com/problems/longest-valid-parentheses,"String, Dynamic Programming, Stack, Bracket Sequences"
EASY,Strobogrammatic Number,50.5,0.4748,https://leetcode.com/problems/strobogrammatic-number,"Hash Table, Two Pointers, String"
EASY,Reverse Linked List,50.5,0.8109,https://leetcode.com/problems/reverse-linked-list,"Linked List, Recursion"
MEDIUM,Friends Of Appropriate Ages,50.5,0.5001,https://leetcode.com/problems/friends-of-appropriate-ages,"Array, Two Pointers, Binary Search, Sorting"
MEDIUM,3Sum Closest,50.1,0.4748,https://leetcode.com/problems/3sum-closest,"Array, Two Pointers, Sorting"
HARD,Remove Invalid Parentheses,50.1,0.5018,https://leetcode.com/problems/remove-invalid-parentheses,"String, Backtracking, Breadth-First Search"
EASY,Add Binary,50.1,0.5870,https://leetcode.com/problems/add-binary,"Math, String, Bit Manipulation, Simulation"
MEDIUM,Jump Game,50.1,0.4157,https://leetcode.com/problems/jump-game,"Array, Dynamic Programming, Greedy"
MEDIUM,Lowest Common Ancestor of a Binary Search Tree,50.1,0.7142,https://leetcode.com/problems/lowest-common-ancestor-of-a-binary-search-tree,"Tree, Depth-First Search, Binary Search Tree, Binary Tree, Binary Lifting, Lowest Common Ancestor"
EASY,Pascal's Triangle,50.1,0.7941,https://leetcode.com/problems/pascals-triangle,"Array, Dynamic Programming"
MEDIUM,Multiply Strings,50.0,0.4477,https://leetcode.com/problems/multiply-strings,"Math, String, Simulation"
MEDIUM,Minimum Size Subarray Sum,50.0,0.5300,https://leetcode.com/problems/minimum-size-subarray-sum,"Array, Binary Search, Sliding Window, Prefix Sum"
MEDIUM,Best Time to Buy and Sell Stock II,50.0,0.7168,https://leetcode.com/problems/best-time-to-buy-and-sell-stock-ii,"Array, Dynamic Programming, Greedy"
MEDIUM,Insert Delete GetRandom O(1),50.0,0.5554,https://leetcode.com/problems/insert-delete-getrandom-o1,"Array, Hash Table, Math, Design, Randomized"
MEDIUM,Find K Closest Elements,50.0,0.5013,https://leetcode.com/problems/find-k-closest-elements,"Array, Two Pointers, Binary Search, Sliding Window, Sorting, Heap (Priority Queue)"
HARD,Regular Expression Matching,50.0,0.3183,https://leetcode.com/problems/regular-expression-matching,"String, Dynamic Programming, Recursion"
MEDIUM,Max Area of Island,50.0,0.7427,https://leetcode.com/problems/max-area-of-island,"Array, Depth-First Search, Breadth-First Search, Union-Find, Matrix"
MEDIUM,Daily Temperatures,50.0,0.6921,https://leetcode.com/problems/daily-temperatures,"Array, Stack, Monotonic Stack"
MEDIUM,Design Tic-Tac-Toe,50.0,0.5876,https://leetcode.com/problems/design-tic-tac-toe,"Array, Hash Table, Design, Matrix, Simulation"
EASY,Can Place Flowers,50.0,0.2931,https://leetcode.com/problems/can-place-flowers,"Array, Greedy"
MEDIUM,Combination Sum,50.0,0.7719,https://leetcode.com/problems/combination-sum,"Array, Backtracking"
MEDIUM,Word Search,50.0,0.4819,https://leetcode.com/problems/word-search,"Array, String, Backtracking, Depth-First Search, Matrix"
MEDIUM,Unique Paths,50.0,0.6730,https://leetcode.com/problems/unique-paths,"Math, Dynamic Programming, Combinatorics"
HARD,Basic Calculator,50.0,0.4723,https://leetcode.com/problems/basic-calculator,"Math, String, Stack, Recursion"
MEDIUM,Target Sum,50.0,0.5293,https://leetcode.com/problems/target-sum,"Array, Dynamic Programming, Backtracking, Knapsack Problem, 0-1 Knapsack"
MEDIUM,Validate Binary Search Tree,50.0,0.3639,https://leetcode.com/problems/validate-binary-search-tree,"Tree, Depth-First Search, Binary Search Tree, Binary Tree"
EASY,First Bad Version,50.0,0.4770,https://leetcode.com/problems/first-bad-version,"Binary Search, Interactive"
MEDIUM,Construct Binary Tree from String,50.0,0.5868,https://leetcode.com/problems/construct-binary-tree-from-string,"String, Stack, Tree, Depth-First Search, Binary Tree"
MEDIUM,Binary Tree Level Order Traversal,50.0,0.7353,https://leetcode.com/problems/binary-tree-level-order-traversal,"Tree, Breadth-First Search, Binary Tree"
MEDIUM,Minesweeper,50.0,0.6897,https://leetcode.com/problems/minesweeper,"Array, Depth-First Search, Breadth-First Search, Matrix"
MEDIUM,4Sum,50.0,0.4176,https://leetcode.com/problems/4sum,"Array, Two Pointers, Sorting"
MEDIUM,Single Element in a Sorted Array,50.0,0.5943,https://leetcode.com/problems/single-element-in-a-sorted-array,"Array, Binary Search"
MEDIUM,String Compression,50.0,0.6084,https://leetcode.com/problems/string-compression,"Two Pointers, String"
MEDIUM,Course Schedule II,50.0,0.5631,https://leetcode.com/problems/course-schedule-ii,"Depth-First Search, Breadth-First Search, Graph Theory, Topological Sort"
HARD,Split Array Largest Sum,50.0,0.6149,https://leetcode.com/problems/split-array-largest-sum,"Array, Binary Search, Dynamic Programming, Greedy, Prefix Sum"
HARD,N-Queens,50.0,0.7653,https://leetcode.com/problems/n-queens,"Array, Backtracking, Algorithm X"
MEDIUM,Battleships in a Board,50.0,0.7782,https://leetcode.com/problems/battleships-in-a-board,"Array, Depth-First Search, Matrix"
HARD,Largest Rectangle in Histogram,50.0,0.5092,https://leetcode.com/problems/largest-rectangle-in-histogram,"Array, Stack, Monotonic Stack, Range Minimum/Maximum Query"
EASY,Find the Index of the First Occurrence in a String,50.0,0.4738,https://leetcode.com/problems/find-the-index-of-the-first-occurrence-in-a-string,"Two Pointers, String, String Matching, Z Algorithm, Knuth–Morris–Pratt Algorithm, Boyer–Moore String-Search Algorithm"
MEDIUM,Contiguous Array,50.0,0.5243,https://leetcode.com/problems/contiguous-array,"Array, Hash Table, Prefix Sum"
MEDIUM,Coin Change,50.0,0.4919,https://leetcode.com/problems/coin-change,"Array, Dynamic Programming, Breadth-First Search, Knapsack Problem, Complete Knapsack"
MEDIUM,Rotate Array,50.0,0.4558,https://leetcode.com/problems/rotate-array,"Array, Math, Two Pointers"
HARD,Find Median from Data Stream,50.0,0.5504,https://leetcode.com/problems/find-median-from-data-stream,"Two Pointers, Design, Sorting, Heap (Priority Queue), Data Stream"
EASY,Maximum Average Subarray I,50.0,0.4926,https://leetcode.com/problems/maximum-average-subarray-i,"Array, Sliding Window"
MEDIUM,Boundary of Binary Tree,50.0,0.4820,https://leetcode.com/problems/boundary-of-binary-tree,"Tree, Depth-First Search, Binary Tree"
MEDIUM,Palindrome Partitioning,50.0,0.7470,https://leetcode.com/problems/palindrome-partitioning,"String, Dynamic Programming, Backtracking"
MEDIUM,Missing Element in Sorted Array,50.0,0.5975,https://leetcode.com/problems/missing-element-in-sorted-array,"Array, Binary Search"
HARD,Longest Increasing Path in a Matrix,50.0,0.5709,https://leetcode.com/problems/longest-increasing-path-in-a-matrix,"Array, Dynamic Programming, Depth-First Search, Breadth-First Search, Graph Theory, Topological Sort, Memoization, Matrix, Directed Acyclic Graph"
MEDIUM,Populating Next Right Pointers in Each Node,50.0,0.6783,https://leetcode.com/problems/populating-next-right-pointers-in-each-node,"Linked List, Tree, Depth-First Search, Breadth-First Search, Binary Tree"
MEDIUM,Diagonal Traverse II,50.0,0.5834,https://leetcode.com/problems/diagonal-traverse-ii,"Array, Sorting, Heap (Priority Queue)"
HARD,Best Time to Buy and Sell Stock III,50.0,0.5481,https://leetcode.com/problems/best-time-to-buy-and-sell-stock-iii,"Array, Dynamic Programming"
EASY,Sqrt(x),50.0,0.4232,https://leetcode.com/problems/sqrtx,"Math, Binary Search, Newton's Method"
MEDIUM,Two Sum II - Input Array Is Sorted,50.0,0.6592,https://leetcode.com/problems/two-sum-ii-input-array-is-sorted,"Array, Two Pointers, Binary Search"
EASY,Contains Duplicate,50.0,0.6473,https://leetcode.com/problems/contains-duplicate,"Array, Hash Table, Sorting"
EASY,Add Two Integers,50.0,0.8808,https://leetcode.com/problems/add-two-integers,Math
MEDIUM,Capacity To Ship Packages Within D Days,50.0,0.7472,https://leetcode.com/problems/capacity-to-ship-packages-within-d-days,"Array, Binary Search"
MEDIUM,Product of Two Run-Length Encoded Arrays,50.0,0.5963,https://leetcode.com/problems/product-of-two-run-length-encoded-arrays,"Array, Two Pointers"
EASY,Remove Element,50.0,0.6259,https://leetcode.com/problems/remove-element,"Array, Two Pointers"
MEDIUM,Longest Repeating Character Replacement,50.0,0.6073,https://leetcode.com/problems/longest-repeating-character-replacement,"Hash Table, String, Sliding Window"
EASY,Power of Two,50.0,0.5056,https://leetcode.com/problems/power-of-two,"Math, Bit Manipulation, Recursion"
EASY,Search Insert Position,46.5,0.5232,https://leetcode.com/problems/search-insert-position,"Array, Binary Search"
EASY,Intersection of Two Arrays,45.0,0.7839,https://leetcode.com/problems/intersection-of-two-arrays,"Array, Hash Table, Two Pointers, Binary Search, Sorting"
EASY,Single Number,45.0,0.7835,https://leetcode.com/problems/single-number,"Array, Bit Manipulation"
MEDIUM,Reorder List,45.0,0.6633,https://leetcode.com/problems/reorder-list,"Linked List, Two Pointers, Stack, Recursion"
EASY,Binary Search,45.0,0.6140,https://leetcode.com/problems/binary-search,"Array, Binary Search"
HARD,Serialize and Deserialize Binary Tree,45.0,0.6118,https://leetcode.com/problems/serialize-and-deserialize-binary-tree,"String, Tree, Depth-First Search, Breadth-First Search, Design, Binary Tree"
EASY,Range Sum Query - Immutable,44.4,0.7355,https://leetcode.com/problems/range-sum-query-immutable,"Array, Design, Prefix Sum"
MEDIUM,House Robber,44.4,0.5362,https://leetcode.com/problems/house-robber,"Array, Dynamic Programming"
MEDIUM,Reverse Words in a String,44.4,0.5795,https://leetcode.com/problems/reverse-words-in-a-string,"Two Pointers, String"
MEDIUM,Permutations,43.8,0.8237,https://leetcode.com/problems/permutations,"Array, Backtracking"
MEDIUM,Remove All Adjacent Duplicates in String II,43.8,0.6194,https://leetcode.com/problems/remove-all-adjacent-duplicates-in-string-ii,"String, Stack"
MEDIUM,Peak Index in a Mountain Array,43.8,0.6664,https://leetcode.com/problems/peak-index-in-a-mountain-array,"Array, Binary Search, Ternary Search"
EASY,Happy Number,43.8,0.6032,https://leetcode.com/problems/happy-number,"Hash Table, Math, Two Pointers, Floyd's Cycle Finding Algorithm"
EASY,Is Subsequence,43.3,0.4945,https://leetcode.com/problems/is-subsequence,"Two Pointers, String, Dynamic Programming"
MEDIUM,Decode Ways,42.6,0.3866,https://leetcode.com/problems/decode-ways,"String, Dynamic Programming"
HARD,Shortest Distance from All Buildings,42.6,0.4501,https://leetcode.com/problems/shortest-distance-from-all-buildings,"Array, Breadth-First Search, Matrix"
MEDIUM,Divide Two Integers,42.6,0.2036,https://leetcode.com/problems/divide-two-integers,"Math, Bit Manipulation"
MEDIUM,Walls and Gates,42.0,0.6419,https://leetcode.com/problems/walls-and-gates,"Array, Breadth-First Search, Matrix"
EASY,Find Pivot Index,42.0,0.6394,https://leetcode.com/problems/find-pivot-index,"Array, Prefix Sum"
MEDIUM,Min Stack,42.0,0.5870,https://leetcode.com/problems/min-stack,"Stack, Design"
EASY,Fibonacci Number,42.0,0.7468,https://leetcode.com/problems/fibonacci-number,"Math, Dynamic Programming, Recursion, Memoization"
EASY,Middle of the Linked List,42.0,0.8243,https://leetcode.com/problems/middle-of-the-linked-list,"Linked List, Two Pointers"
MEDIUM,Shortest Bridge,42.0,0.5981,https://leetcode.com/problems/shortest-bridge,"Array, Depth-First Search, Breadth-First Search, Matrix"
MEDIUM,Zigzag Conversion,42.0,0.5520,https://leetcode.com/problems/zigzag-conversion,String
MEDIUM,Search a 2D Matrix,41.4,0.5435,https://leetcode.com/problems/search-a-2d-matrix,"Array, Binary Search, Matrix"
MEDIUM,Subsets II,41.4,0.6203,https://leetcode.com/problems/subsets-ii,"Array, Backtracking, Bit Manipulation"
MEDIUM,Asteroid Collision,41.4,0.4914,https://leetcode.com/problems/asteroid-collision,"Array, Stack, Simulation"
MEDIUM,Remove Duplicates from Sorted Array II,41.4,0.6533,https://leetcode.com/problems/remove-duplicates-from-sorted-array-ii,"Array, Two Pointers"
EASY,Rising Temperature,41.4,0.5226,https://leetcode.com/problems/rising-temperature,Database
MEDIUM,Count and Say,40.7,0.6392,https://leetcode.com/problems/count-and-say,String
MEDIUM,Find Minimum in Rotated Sorted Array,40.7,0.5537,https://leetcode.com/problems/find-minimum-in-rotated-sorted-array,"Array, Binary Search"
MEDIUM,Odd Even Linked List,40.7,0.6280,https://leetcode.com/problems/odd-even-linked-list,Linked List
HARD,Reverse Nodes in k-Group,40.7,0.6732,https://leetcode.com/problems/reverse-nodes-in-k-group,"Linked List, Recursion"
HARD,First Missing Positive,40.7,0.4382,https://leetcode.com/problems/first-missing-positive,"Array, Hash Table"
MEDIUM,Increasing Triplet Subsequence,40.7,0.3965,https://leetcode.com/problems/increasing-triplet-subsequence,"Array, Greedy, Longest Increasing Subsequence"
MEDIUM,Car Pooling,40.7,0.5654,https://leetcode.com/problems/car-pooling,"Array, Sorting, Heap (Priority Queue), Simulation, Prefix Sum"
EASY,Next Greater Element I,40.7,0.7688,https://leetcode.com/problems/next-greater-element-i,"Array, Hash Table, Stack, Monotonic Stack"
MEDIUM,Minimum Time to Collect All Apples in a Tree,40.7,0.6390,https://leetcode.com/problems/minimum-time-to-collect-all-apples-in-a-tree,"Hash Table, Tree, Depth-First Search, Breadth-First Search, DP on Trees"
HARD,Maximal Rectangle,40.7,0.5993,https://leetcode.com/problems/maximal-rectangle,"Array, Dynamic Programming, Stack, Matrix, Monotonic Stack"
EASY,Article Views I,40.7,0.7692,https://leetcode.com/problems/article-views-i,Database
EASY,Max Consecutive Ones,40.7,0.6619,https://leetcode.com/problems/max-consecutive-ones,Array
MEDIUM,Sparse Matrix Multiplication,40.0,0.6938,https://leetcode.com/problems/sparse-matrix-multiplication,"Array, Hash Table, Matrix, Linear Algebra"
MEDIUM,Populating Next Right Pointers in Each Node II,40.0,0.5827,https://leetcode.com/problems/populating-next-right-pointers-in-each-node-ii,"Linked List, Tree, Depth-First Search, Breadth-First Search, Binary Tree"
EASY,Binary Tree Inorder Traversal,40.0,0.8067,https://leetcode.com/problems/binary-tree-inorder-traversal,"Stack, Tree, Depth-First Search, Binary Tree"
HARD,Swim in Rising Water,40.0,0.6828,https://leetcode.com/problems/swim-in-rising-water,"Array, Binary Search, Depth-First Search, Breadth-First Search, Union-Find, Minimax, Heap (Priority Queue), Matrix, Dijkstra's Algorithm"
MEDIUM,Shortest Path in a Hidden Grid,40.0,0.4473,https://leetcode.com/problems/shortest-path-in-a-hidden-grid,"Array, Depth-First Search, Breadth-First Search, Matrix, Interactive"
EASY,Missing Number,39.2,0.7273,https://leetcode.com/problems/missing-number,"Array, Hash Table, Math, Binary Search, Bit Manipulation, Sorting"
HARD,Word Ladder II,39.2,0.2813,https://leetcode.com/problems/word-ladder-ii,"Hash Table, String, Backtracking, Breadth-First Search, Bidirectional Search"
MEDIUM,Sort Characters By Frequency,39.2,0.7584,https://leetcode.com/problems/sort-characters-by-frequency,"Hash Table, String, Sorting, Heap (Priority Queue), Bucket Sort, Counting"
MEDIUM,Integer to Roman,39.2,0.7172,https://leetcode.com/problems/integer-to-roman,"Hash Table, Math, String"
EASY,Linked List Cycle,39.2,0.5513,https://leetcode.com/problems/linked-list-cycle,"Hash Table, Linked List, Two Pointers, Floyd's Cycle Finding Algorithm"
MEDIUM,Rotting Oranges,39.2,0.5949,https://leetcode.com/problems/rotting-oranges,"Array, Breadth-First Search, Matrix"
MEDIUM,Simple Bank System,39.2,0.6950,https://leetcode.com/problems/simple-bank-system,"Array, Hash Table, Design, Simulation"
EASY,Maximum Depth of Binary Tree,38.5,0.7865,https://leetcode.com/problems/maximum-depth-of-binary-tree,"Tree, Depth-First Search, Breadth-First Search, Binary Tree"
MEDIUM,Binary Tree Zigzag Level Order Traversal,38.5,0.6455,https://leetcode.com/problems/binary-tree-zigzag-level-order-traversal,"Tree, Breadth-First Search, Binary Tree"
HARD,Text Justification,38.5,0.5226,https://leetcode.com/problems/text-justification,"Array, String, Simulation"
MEDIUM,Combination Sum II,38.5,0.6022,https://leetcode.com/problems/combination-sum-ii,"Array, Backtracking"
MEDIUM,Find the Duplicate Number,38.5,0.6493,https://leetcode.com/problems/find-the-duplicate-number,"Array, Two Pointers, Binary Search, Bit Manipulation, Pigeonhole Principle, Floyd's Cycle Finding Algorithm"
MEDIUM,Search in Rotated Sorted Array II,38.5,0.4062,https://leetcode.com/problems/search-in-rotated-sorted-array-ii,"Array, Binary Search"
MEDIUM,Smallest Subtree with all the Deepest Nodes,38.5,0.7773,https://leetcode.com/problems/smallest-subtree-with-all-the-deepest-nodes,"Hash Table, Tree, Depth-First Search, Breadth-First Search, Binary Tree, Binary Lifting, Lowest Common Ancestor, DP on Trees"
MEDIUM,Next Greater Element II,38.5,0.6922,https://leetcode.com/problems/next-greater-element-ii,"Array, Stack, Monotonic Stack"
EASY,Isomorphic Strings,38.5,0.4915,https://leetcode.com/problems/isomorphic-strings,"Hash Table, String"
EASY,Concatenation of Array,38.5,0.8999,https://leetcode.com/problems/concatenation-of-array,"Array, Simulation"
EASY,Verifying an Alien Dictionary,37.7,0.5615,https://leetcode.com/problems/verifying-an-alien-dictionary,"Array, Hash Table, String"
MEDIUM,Partition Equal Subset Sum,37.7,0.5003,https://leetcode.com/problems/partition-equal-subset-sum,"Array, Dynamic Programming, Knapsack Problem, 0-1 Knapsack"
MEDIUM,Insert Interval,37.7,0.4607,https://leetcode.com/problems/insert-interval,Array
MEDIUM,Combinations,37.7,0.7523,https://leetcode.com/problems/combinations,Backtracking
MEDIUM,Flatten Nested List Iterator,37.7,0.6590,https://leetcode.com/problems/flatten-nested-list-iterator,"Stack, Tree, Depth-First Search, Design, Queue, Iterator"
MEDIUM,Largest Number,37.7,0.4385,https://leetcode.com/problems/largest-number,"Array, String, Greedy, Sorting"
HARD,Wildcard Matching,37.7,0.3291,https://leetcode.com/problems/wildcard-matching,"String, Dynamic Programming, Greedy, Recursion"
MEDIUM,Permutation in String,37.7,0.4980,https://leetcode.com/problems/permutation-in-string,"Hash Table, Two Pointers, String, Sliding Window"
MEDIUM,Maximum Product Subarray,37.7,0.3711,https://leetcode.com/problems/maximum-product-subarray,"Array, Dynamic Programming"
MEDIUM,Jump Game II,37.7,0.4356,https://leetcode.com/problems/jump-game-ii,"Array, Dynamic Programming, Greedy"
HARD,Word Break II,37.5,0.5627,https://leetcode.com/problems/word-break-ii,"Array, Hash Table, String, Dynamic Programming, Backtracking, Trie, Memoization"
HARD,Integer to English Words,37.5,0.3525,https://leetcode.com/problems/integer-to-english-words,"Math, String, Recursion"
EASY,Monotonic Array,37.5,0.6270,https://leetcode.com/problems/monotonic-array,Array
EASY,Symmetric Tree,37.5,0.6206,https://leetcode.com/problems/symmetric-tree,"Tree, Depth-First Search, Breadth-First Search, Binary Tree"
MEDIUM,Maximum Size Subarray Sum Equals k,37.5,0.5098,https://leetcode.com/problems/maximum-size-subarray-sum-equals-k,"Array, Hash Table, Prefix Sum"
MEDIUM,Flatten Binary Tree to Linked List,37.5,0.7156,https://leetcode.com/problems/flatten-binary-tree-to-linked-list,"Linked List, Stack, Tree, Depth-First Search, Binary Tree"
MEDIUM,Reverse Linked List II,37.5,0.5247,https://leetcode.com/problems/reverse-linked-list-ii,Linked List
MEDIUM,Kth Smallest Element in a BST,37.5,0.7736,https://leetcode.com/problems/kth-smallest-element-in-a-bst,"Tree, Depth-First Search, Binary Search Tree, Binary Tree"
MEDIUM,Sort List,37.5,0.6546,https://leetcode.com/problems/sort-list,"Linked List, Two Pointers, Divide and Conquer, Sorting, Merge Sort"
MEDIUM,Find All Anagrams in a String,37.5,0.5459,https://leetcode.com/problems/find-all-anagrams-in-a-string,"Hash Table, String, Sliding Window"
EASY,Subtree of Another Tree,37.5,0.5224,https://leetcode.com/problems/subtree-of-another-tree,"Tree, Depth-First Search, String Matching, Binary Tree, Hash Function"
MEDIUM,Strobogrammatic Number II,37.5,0.5356,https://leetcode.com/problems/strobogrammatic-number-ii,"Array, String, Recursion"
MEDIUM,Valid Parenthesis String,37.5,0.4054,https://leetcode.com/problems/valid-parenthesis-string,"String, Dynamic Programming, Stack, Greedy, Bracket Sequences"
MEDIUM,Valid Sudoku,37.5,0.6515,https://leetcode.com/problems/valid-sudoku,"Array, Hash Table, Matrix"
MEDIUM,Path Sum II,37.5,0.6299,https://leetcode.com/problems/path-sum-ii,"Backtracking, Tree, Depth-First Search, Binary Tree"
MEDIUM,Task Scheduler,37.5,0.6390,https://leetcode.com/problems/task-scheduler,"Array, Hash Table, Greedy, Sorting, Heap (Priority Queue), Counting"
HARD,Maximum Sum of 3 Non-Overlapping Subarrays,37.5,0.6005,https://leetcode.com/problems/maximum-sum-of-3-non-overlapping-subarrays,"Array, Dynamic Programming, Sliding Window, Prefix Sum"
EASY,Kth Largest Element in a Stream,37.5,0.6162,https://leetcode.com/problems/kth-largest-element-in-a-stream,"Tree, Design, Binary Search Tree, Heap (Priority Queue), Binary Tree, Data Stream"
EASY,Reverse String,37.5,0.8137,https://leetcode.com/problems/reverse-string,"Two Pointers, String"
EASY,Binary Tree Paths,37.5,0.6941,https://leetcode.com/problems/binary-tree-paths,"String, Backtracking, Tree, Depth-First Search, Binary Tree"
MEDIUM,Implement Trie (Prefix Tree),37.5,0.7008,https://leetcode.com/problems/implement-trie-prefix-tree,"Hash Table, String, Design, Trie"
MEDIUM,The Maze,37.5,0.6054,https://leetcode.com/problems/the-maze,"Array, Depth-First Search, Breadth-First Search, Matrix"
MEDIUM,Search a 2D Matrix II,37.5,0.5815,https://leetcode.com/problems/search-a-2d-matrix-ii,"Array, Binary Search, Divide and Conquer, Matrix"
MEDIUM,Edit Distance,37.5,0.6134,https://leetcode.com/problems/edit-distance,"String, Dynamic Programming"
HARD,Sudoku Solver,37.5,0.6555,https://leetcode.com/problems/sudoku-solver,"Array, Hash Table, Backtracking, Matrix, Algorithm X, Dancing Links"
MEDIUM,Evaluate Reverse Polish Notation,37.5,0.5881,https://leetcode.com/problems/evaluate-reverse-polish-notation,"Array, Math, Stack"
EASY,Balanced Binary Tree,37.5,0.5926,https://leetcode.com/problems/balanced-binary-tree,"Tree, Depth-First Search, Binary Tree"
EASY,Same Tree,37.5,0.6804,https://leetcode.com/problems/same-tree,"Tree, Depth-First Search, Breadth-First Search, Binary Tree"
MEDIUM,Remove K Digits,37.5,0.3773,https://leetcode.com/problems/remove-k-digits,"String, Stack, Greedy, Monotonic Stack"
EASY,Add to Array-Form of Integer,37.5,0.4571,https://leetcode.com/problems/add-to-array-form-of-integer,"Array, Math"
MEDIUM,Cutting Ribbons,37.5,0.5309,https://leetcode.com/problems/cutting-ribbons,"Array, Binary Search"
MEDIUM,Lowest Common Ancestor of a Binary Tree II,37.5,0.6977,https://leetcode.com/problems/lowest-common-ancestor-of-a-binary-tree-ii,"Tree, Depth-First Search, Binary Tree, Binary Lifting, Lowest Common Ancestor"
EASY,Check If Two String Arrays are Equivalent,37.5,0.8624,https://leetcode.com/problems/check-if-two-string-arrays-are-equivalent,"Array, String"
MEDIUM,Is Graph Bipartite?,37.5,0.5994,https://leetcode.com/problems/is-graph-bipartite,"Depth-First Search, Breadth-First Search, Union-Find, Graph Theory, Graph Coloring, Bipartite Graph"
MEDIUM,Longest Increasing Subsequence,37.5,0.6001,https://leetcode.com/problems/longest-increasing-subsequence,"Array, Binary Search, Dynamic Programming, Longest Increasing Subsequence"
MEDIUM,Friend Requests II: Who Has the Most Friends,37.5,0.6378,https://leetcode.com/problems/friend-requests-ii-who-has-the-most-friends,Database
MEDIUM,Lowest Common Ancestor of Deepest Leaves,37.5,0.7956,https://leetcode.com/problems/lowest-common-ancestor-of-deepest-leaves,"Hash Table, Tree, Depth-First Search, Breadth-First Search, Binary Tree, Binary Lifting, Lowest Common Ancestor, DP on Trees"
MEDIUM,Next Greater Element III,37.5,0.3565,https://leetcode.com/problems/next-greater-element-iii,"Math, Two Pointers, String"
EASY,User Activity for the Past 30 Days I,37.5,0.5171,https://leetcode.com/problems/user-activity-for-the-past-30-days-i,Database
MEDIUM,Majority Element II,37.5,0.5683,https://leetcode.com/problems/majority-element-ii,"Array, Hash Table, Sorting, Counting, Boyer–Moore Majority Vote Algorithm"
EASY,Sort Array By Parity,37.5,0.7669,https://leetcode.com/problems/sort-array-by-parity,"Array, Two Pointers, Sorting"
HARD,Binary Tree Cameras,37.5,0.4818,https://leetcode.com/problems/binary-tree-cameras,"Dynamic Programming, Tree, Depth-First Search, Binary Tree, DP on Trees"
EASY,Meeting Rooms,37.5,0.5958,https://leetcode.com/problems/meeting-rooms,"Array, Sorting, Quicksort"
HARD,The Skyline Problem,37.5,0.4601,https://leetcode.com/problems/the-skyline-problem,"Array, Divide and Conquer, Binary Indexed Tree, Segment Tree, Sweep Line, Sorting, Heap (Priority Queue), Ordered Set"
MEDIUM,Construct Binary Tree from Preorder and Inorder Traversal,37.5,0.6961,https://leetcode.com/problems/construct-binary-tree-from-preorder-and-inorder-traversal,"Array, Hash Table, Divide and Conquer, Tree, Binary Tree"
MEDIUM,Single Number II,37.5,0.6792,https://leetcode.com/problems/single-number-ii,"Array, Bit Manipulation"
MEDIUM,Number of Provinces,37.5,0.7111,https://leetcode.com/problems/number-of-provinces,"Depth-First Search, Breadth-First Search, Union-Find, Graph Theory"
MEDIUM,Minimum Cost For Tickets,37.5,0.6749,https://leetcode.com/problems/minimum-cost-for-tickets,"Array, Dynamic Programming"
EASY,Excel Sheet Column Title,37.5,0.4770,https://leetcode.com/problems/excel-sheet-column-title,"Math, String"
MEDIUM,Second Highest Salary,37.5,0.4850,https://leetcode.com/problems/second-highest-salary,Database
MEDIUM,Count Primes,37.5,0.3594,https://leetcode.com/problems/count-primes,"Array, Math, Enumeration, Number Theory, Primality Test, Sieve Theory, Prime Number Sieve"
MEDIUM,Rotate List,37.5,0.4334,https://leetcode.com/problems/rotate-list,"Linked List, Two Pointers"
EASY,Defanging an IP Address,37.5,0.9017,https://leetcode.com/problems/defanging-an-ip-address,String
EASY,Two Sum IV - Input is a BST,37.5,0.6373,https://leetcode.com/problems/two-sum-iv-input-is-a-bst,"Hash Table, Two Pointers, Tree, Depth-First Search, Breadth-First Search, Binary Search Tree, Binary Tree"
MEDIUM,Unique Binary Search Trees,37.5,0.6427,https://leetcode.com/problems/unique-binary-search-trees,"Math, Dynamic Programming, Tree, Binary Search Tree, Binary Tree"
MEDIUM,Delete Node in a Linked List,37.5,0.8445,https://leetcode.com/problems/delete-node-in-a-linked-list,Linked List
MEDIUM,Longest Common Subsequence,37.5,0.5960,https://leetcode.com/problems/longest-common-subsequence,"String, Dynamic Programming, Longest Common Subsequence"
EASY,Combine Two Tables,37.5,0.8004,https://leetcode.com/problems/combine-two-tables,Database
MEDIUM,Letter Case Permutation,37.5,0.7612,https://leetcode.com/problems/letter-case-permutation,"String, Backtracking, Bit Manipulation"
EASY,Big Countries,37.5,0.6890,https://leetcode.com/problems/big-countries,Database
EASY,Average Time of Process per Machine,37.5,0.6704,https://leetcode.com/problems/average-time-of-process-per-machine,Database
EASY,Length of Last Word,37.5,0.5977,https://leetcode.com/problems/length-of-last-word,String
HARD,Candy,37.5,0.4930,https://leetcode.com/problems/candy,"Array, Greedy"
HARD,Reverse Pairs,37.5,0.3525,https://leetcode.com/problems/reverse-pairs,"Array, Binary Search, Divide and Conquer, Binary Indexed Tree, Segment Tree, Merge Sort, Ordered Set, Treap"
EASY,Rotate String,37.5,0.6652,https://leetcode.com/problems/rotate-string,"String, String Matching"
EASY,Average Selling Price,37.5,0.3795,https://leetcode.com/problems/average-selling-price,Database
EASY,Customer Who Visited but Did Not Make Any Transactions,37.5,0.6870,https://leetcode.com/problems/customer-who-visited-but-did-not-make-any-transactions,Database
EASY,Greatest Common Divisor of Strings,37.5,0.5447,https://leetcode.com/problems/greatest-common-divisor-of-strings,"Math, String, Euclidean Algorithm, Greatest Common Divisor"
EASY,Kids With the Greatest Number of Candies,37.5,0.8799,https://leetcode.com/problems/kids-with-the-greatest-number-of-candies,Array
MEDIUM,Frequency of the Most Frequent Element,37.5,0.4524,https://leetcode.com/problems/frequency-of-the-most-frequent-element,"Array, Binary Search, Greedy, Sliding Window, Sorting, Prefix Sum"
MEDIUM,Gas Station,37.5,0.4878,https://leetcode.com/problems/gas-station,"Array, Greedy"
MEDIUM,Rearrange Array Elements by Sign,37.5,0.8483,https://leetcode.com/problems/rearrange-array-elements-by-sign,"Array, Two Pointers, Simulation"
EASY,Check if Array Is Sorted and Rotated,37.5,0.5775,https://leetcode.com/problems/check-if-array-is-sorted-and-rotated,Array
MEDIUM,Fruit Into Baskets,37.5,0.5259,https://leetcode.com/problems/fruit-into-baskets,"Array, Hash Table, Sliding Window"
EASY,Intersection of Two Linked Lists,31.9,0.6476,https://leetcode.com/problems/intersection-of-two-linked-lists,"Hash Table, Linked List, Two Pointers"
MEDIUM,Surrounded Regions,31.9,0.4635,https://leetcode.com/problems/surrounded-regions,"Array, Depth-First Search, Breadth-First Search, Union-Find, Matrix"
EASY,Ransom Note,31.9,0.6648,https://leetcode.com/problems/ransom-note,"Hash Table, String, Counting"
HARD,Russian Doll Envelopes,31.9,0.3825,https://leetcode.com/problems/russian-doll-envelopes,"Array, Binary Search, Dynamic Programming, Sorting, Longest Increasing Subsequence"
MEDIUM,Monthly Transactions I,31.9,0.5999,https://leetcode.com/problems/monthly-transactions-i,Database
MEDIUM,Non-overlapping Intervals,30.7,0.5777,https://leetcode.com/problems/non-overlapping-intervals,"Array, Dynamic Programming, Greedy, Sorting"
EASY,Convert Sorted Array to Binary Search Tree,30.7,0.7615,https://leetcode.com/problems/convert-sorted-array-to-binary-search-tree,"Array, Divide and Conquer, Tree, Binary Search Tree, Binary Tree"
EASY,Min Cost Climbing Stairs,30.7,0.6877,https://leetcode.com/problems/min-cost-climbing-stairs,"Array, Dynamic Programming"
EASY,Customers Who Never Order,30.7,0.7248,https://leetcode.com/problems/customers-who-never-order,Database
EASY,Running Sum of 1d Array,30.7,0.8710,https://leetcode.com/problems/running-sum-of-1d-array,"Array, Prefix Sum"
MEDIUM,House Robber II,30.7,0.4559,https://leetcode.com/problems/house-robber-ii,"Array, Dynamic Programming"
EASY,Students and Examinations,30.7,0.6211,https://leetcode.com/problems/students-and-examinations,Database
EASY,Number of Recent Calls,30.7,0.7909,https://leetcode.com/problems/number-of-recent-calls,"Design, Queue, Data Stream"
MEDIUM,Sort an Array,30.7,0.5560,https://leetcode.com/problems/sort-an-array,"Array, Divide and Conquer, Sorting, Heap (Priority Queue), Merge Sort, Bucket Sort, Radix Sort, Counting Sort"
HARD,Stickers to Spell Word,29.5,0.5125,https://leetcode.com/problems/stickers-to-spell-word,"Array, Hash Table, String, Dynamic Programming, Backtracking, Bit Manipulation, Memoization, Bitmask"
EASY,Rank Transform of an Array,29.5,0.7399,https://leetcode.com/problems/rank-transform-of-an-array,"Array, Hash Table, Sorting"
EASY,Fizz Buzz,29.5,0.7593,https://leetcode.com/problems/fizz-buzz,"Math, String, Simulation"
EASY,Minimum Time Visiting All Points,29.5,0.8486,https://leetcode.com/problems/minimum-time-visiting-all-points,"Array, Math, Geometry"
MEDIUM,Maximal Square,29.5,0.5093,https://leetcode.com/problems/maximal-square,"Array, Dynamic Programming, Matrix"
EASY,Employees Earning More Than Their Managers,29.5,0.7388,https://leetcode.com/problems/employees-earning-more-than-their-managers,Database
MEDIUM,Minimum Path Sum,29.5,0.6894,https://leetcode.com/problems/minimum-path-sum,"Array, Dynamic Programming, Matrix"
MEDIUM,Largest Divisible Subset,29.5,0.5012,https://leetcode.com/problems/largest-divisible-subset,"Array, Math, Dynamic Programming, Sorting"
MEDIUM,Triangle,29.5,0.5994,https://leetcode.com/problems/triangle,"Array, Dynamic Programming"
EASY,Implement Stack using Queues,29.5,0.7052,https://leetcode.com/problems/implement-stack-using-queues,"Stack, Design, Queue"
EASY,Triangle Judgement,29.5,0.7531,https://leetcode.com/problems/triangle-judgement,Database
MEDIUM,Swap Nodes in Pairs,28.1,0.7031,https://leetcode.com/problems/swap-nodes-in-pairs,"Linked List, Recursion"
EASY,Invert Binary Tree,28.1,0.8048,https://leetcode.com/problems/invert-binary-tree,"Tree, Depth-First Search, Breadth-First Search, Binary Tree"
EASY,Remove Duplicates from Sorted List,28.1,0.5758,https://leetcode.com/problems/remove-duplicates-from-sorted-list,Linked List
MEDIUM,Find the Celebrity,28.1,0.4909,https://leetcode.com/problems/find-the-celebrity,"Two Pointers, Graph Theory, Interactive"
MEDIUM,Combination Sum IV,28.1,0.5533,https://leetcode.com/problems/combination-sum-iv,"Array, Dynamic Programming"
MEDIUM,Delete Nodes And Return Forest,28.1,0.7250,https://leetcode.com/problems/delete-nodes-and-return-forest,"Array, Hash Table, Tree, Depth-First Search, Binary Tree"
MEDIUM,Integer Break,28.1,0.6277,https://leetcode.com/problems/integer-break,"Math, Dynamic Programming"
EASY,Sum of Left Leaves,28.1,0.6316,https://leetcode.com/problems/sum-of-left-leaves,"Tree, Depth-First Search, Breadth-First Search, Binary Tree"
MEDIUM,Unique Binary Search Trees II,28.1,0.6342,https://leetcode.com/problems/unique-binary-search-trees-ii,"Dynamic Programming, Backtracking, Tree, Binary Search Tree, Binary Tree"
EASY,Find Customer Referee,28.1,0.7360,https://leetcode.com/problems/find-customer-referee,Database
MEDIUM,Sum of Subarray Minimums,28.1,0.3901,https://leetcode.com/problems/sum-of-subarray-minimums,"Array, Dynamic Programming, Stack, Monotonic Stack"
MEDIUM,Binary Subarrays With Sum,28.1,0.6993,https://leetcode.com/problems/binary-subarrays-with-sum,"Array, Hash Table, Sliding Window, Prefix Sum"
MEDIUM,Linked List Cycle II,28.1,0.5927,https://leetcode.com/problems/linked-list-cycle-ii,"Hash Table, Linked List, Two Pointers, Floyd's Cycle Finding Algorithm"
MEDIUM,Managers with at Least 5 Direct Reports,28.1,0.4964,https://leetcode.com/problems/managers-with-at-least-5-direct-reports,Database
MEDIUM,Identify the Largest Outlier in an Array,28.1,0.3634,https://leetcode.com/problems/identify-the-largest-outlier-in-an-array,"Array, Hash Table, Counting, Enumeration"
EASY,Replace Employee ID With The Unique Identifier,28.1,0.8388,https://leetcode.com/problems/replace-employee-id-with-the-unique-identifier,Database
EASY,Create a DataFrame from List,28.1,0.8082,https://leetcode.com/problems/create-a-dataframe-from-list,
HARD,Max Points on a Line,28.1,0.3151,https://leetcode.com/problems/max-points-on-a-line,"Array, Hash Table, Math, Geometry, Euclidean Algorithm, Greatest Common Divisor"
MEDIUM,Find the Length of the Longest Common Prefix,28.1,0.6229,https://leetcode.com/problems/find-the-length-of-the-longest-common-prefix,"Array, Hash Table, String, Trie"
HARD,Word Search II,26.7,0.3894,https://leetcode.com/problems/word-search-ii,"Array, String, Backtracking, Trie, Matrix"
MEDIUM,Convert Sorted List to Binary Search Tree,26.7,0.6746,https://leetcode.com/problems/convert-sorted-list-to-binary-search-tree,"Linked List, Divide and Conquer, Tree, Binary Search Tree, Binary Tree"
MEDIUM,Leftmost Column with at Least a One,26.7,0.5528,https://leetcode.com/problems/leftmost-column-with-at-least-a-one,"Array, Binary Search, Matrix, Interactive"
MEDIUM,Reorganize String,26.7,0.5761,https://leetcode.com/problems/reorganize-string,"Hash Table, String, Greedy, Sorting, Heap (Priority Queue), Counting"
MEDIUM,One Edit Distance,26.7,0.3459,https://leetcode.com/problems/one-edit-distance,"Two Pointers, String"
EASY,Longest Continuous Increasing Subsequence,26.7,0.5246,https://leetcode.com/problems/longest-continuous-increasing-subsequence,Array
EASY,Intersection of Three Sorted Arrays,26.7,0.7997,https://leetcode.com/problems/intersection-of-three-sorted-arrays,"Array, Hash Table, Binary Search, Counting"
EASY,Remove Linked List Elements,26.7,0.5554,https://leetcode.com/problems/remove-linked-list-elements,"Linked List, Recursion"
MEDIUM,Angle Between Hands of a Clock,26.7,0.6992,https://leetcode.com/problems/angle-between-hands-of-a-clock,Math
EASY,Unique Number of Occurrences,26.7,0.7890,https://leetcode.com/problems/unique-number-of-occurrences,"Array, Hash Table"
EASY,Maximum Nesting Depth of the Parentheses,26.7,0.8511,https://leetcode.com/problems/maximum-nesting-depth-of-the-parentheses,"String, Stack, Bracket Sequences"
EASY,Count Negative Numbers in a Sorted Matrix,26.7,0.7977,https://leetcode.com/problems/count-negative-numbers-in-a-sorted-matrix,"Array, Binary Search, Matrix"
EASY,Check if One String Swap Can Make Strings Equal,26.7,0.4955,https://leetcode.com/problems/check-if-one-string-swap-can-make-strings-equal,"Hash Table, String, Counting"
EASY,Sum of Unique Elements,26.7,0.8038,https://leetcode.com/problems/sum-of-unique-elements,"Array, Hash Table, Counting"
MEDIUM,01 Matrix,26.7,0.5498,https://leetcode.com/problems/01-matrix,"Array, Dynamic Programming, Breadth-First Search, Matrix"
EASY,Count Hills and Valleys in an Array,26.7,0.6912,https://leetcode.com/problems/count-hills-and-valleys-in-an-array,Array
MEDIUM,Minimum Knight Moves,26.7,0.4211,https://leetcode.com/problems/minimum-knight-moves,"Breadth-First Search, Heuristic Search, Bidirectional Search, A* Search"
MEDIUM,Number of Subsequences That Satisfy the Given Sum Condition,26.7,0.4896,https://leetcode.com/problems/number-of-subsequences-that-satisfy-the-given-sum-condition,"Array, Two Pointers, Binary Search, Sorting"
EASY,Project Employees I,26.7,0.6742,https://leetcode.com/problems/project-employees-i,Database
MEDIUM,Diameter of N-Ary Tree,26.7,0.7550,https://leetcode.com/problems/diameter-of-n-ary-tree,"Tree, Depth-First Search, DP on Trees"
EASY,Queries Quality and Percentage,26.7,0.5507,https://leetcode.com/problems/queries-quality-and-percentage,Database
MEDIUM,Brick Wall,26.7,0.5602,https://leetcode.com/problems/brick-wall,"Array, Hash Table"
EASY,Reverse Vowels of a String,26.7,0.6243,https://leetcode.com/problems/reverse-vowels-of-a-string,"Two Pointers, String"
MEDIUM,Find All Duplicates in an Array,26.7,0.7718,https://leetcode.com/problems/find-all-duplicates-in-an-array,"Array, Hash Table, Sorting"
MEDIUM,Longest Substring with At Most Two Distinct Characters,26.7,0.5719,https://leetcode.com/problems/longest-substring-with-at-most-two-distinct-characters,"Hash Table, String, Sliding Window"
MEDIUM,Graph Valid Tree,26.7,0.5016,https://leetcode.com/problems/graph-valid-tree,"Depth-First Search, Breadth-First Search, Union-Find, Graph Theory"
MEDIUM,Rank Scores,26.7,0.6892,https://leetcode.com/problems/rank-scores,Database
EASY,Find a Corresponding Node of a Binary Tree in a Clone of That Tree,26.7,0.8587,https://leetcode.com/problems/find-a-corresponding-node-of-a-binary-tree-in-a-clone-of-that-tree,"Tree, Depth-First Search, Breadth-First Search, Binary Tree"
EASY,Remove Outermost Parentheses,26.7,0.8749,https://leetcode.com/problems/remove-outermost-parentheses,"String, Stack, Bracket Sequences"
MEDIUM,Partition List,26.7,0.6217,https://leetcode.com/problems/partition-list,"Linked List, Two Pointers"
MEDIUM,Minimum Path Cost in a Hidden Grid,26.7,0.5920,https://leetcode.com/problems/minimum-path-cost-in-a-hidden-grid,"Array, Depth-First Search, Breadth-First Search, Graph Theory, Heap (Priority Queue), Matrix, Interactive, Shortest Path"
MEDIUM,Count Good Numbers,26.7,0.5814,https://leetcode.com/problems/count-good-numbers,"Math, Recursion"
MEDIUM,Minimum Time Difference,26.7,0.6272,https://leetcode.com/problems/minimum-time-difference,"Array, Math, String, Sorting"
MEDIUM,Find the Smallest Divisor Given a Threshold,26.7,0.6682,https://leetcode.com/problems/find-the-smallest-divisor-given-a-threshold,"Array, Binary Search"
MEDIUM,Find the Most Common Response,26.7,0.7392,https://leetcode.com/problems/find-the-most-common-response,"Array, Hash Table, String, Counting"
MEDIUM,Online Stock Span,26.7,0.6984,https://leetcode.com/problems/online-stock-span,"Stack, Design, Monotonic Stack, Data Stream"
MEDIUM,Maximum Length of a Concatenated String with Unique Characters,26.7,0.5494,https://leetcode.com/problems/maximum-length-of-a-concatenated-string-with-unique-characters,"Array, String, Backtracking, Bit Manipulation"
HARD,Distinct Subsequences,26.7,0.5430,https://leetcode.com/problems/distinct-subsequences,"String, Dynamic Programming"
MEDIUM,Product Sales Analysis III,26.7,0.4667,https://leetcode.com/problems/product-sales-analysis-iii,Database
EASY,Employee Bonus,26.7,0.7818,https://leetcode.com/problems/employee-bonus,Database
MEDIUM,Longest Subarray of 1's After Deleting One Element,26.7,0.7160,https://leetcode.com/problems/longest-subarray-of-1s-after-deleting-one-element,"Array, Dynamic Programming, Sliding Window"
MEDIUM,Unique Paths II,25.1,0.4514,https://leetcode.com/problems/unique-paths-ii,"Array, Dynamic Programming, Matrix"
MEDIUM,Design Add and Search Words Data Structure,25.1,0.4907,https://leetcode.com/problems/design-add-and-search-words-data-structure,"String, Depth-First Search, Design, Trie"
MEDIUM,Largest BST Subtree,25.1,0.4593,https://leetcode.com/problems/largest-bst-subtree,"Dynamic Programming, Tree, Depth-First Search, Binary Search Tree, Binary Tree, DP on Trees"
EASY,Average of Levels in Binary Tree,25.1,0.7522,https://leetcode.com/problems/average-of-levels-in-binary-tree,"Tree, Depth-First Search, Breadth-First Search, Binary Tree"
EASY,Intersection of Two Arrays II,25.1,0.6038,https://leetcode.com/problems/intersection-of-two-arrays-ii,"Array, Hash Table, Two Pointers, Binary Search, Sorting"
MEDIUM,Design Circular Queue,25.1,0.5551,https://leetcode.com/problems/design-circular-queue,"Array, Linked List, Design, Queue"
MEDIUM,Top K Frequent Words,25.1,0.6064,https://leetcode.com/problems/top-k-frequent-words,"Array, Hash Table, String, Trie, Sorting, Heap (Priority Queue), Bucket Sort, Counting"
MEDIUM,Fraction to Recurring Decimal,25.1,0.3146,https://leetcode.com/problems/fraction-to-recurring-decimal,"Hash Table, Math, String"
EASY,First Unique Character in a String,25.1,0.6640,https://leetcode.com/problems/first-unique-character-in-a-string,"Hash Table, String, Queue, Counting"
EASY,Find Winner on a Tic Tac Toe Game,25.1,0.5471,https://leetcode.com/problems/find-winner-on-a-tic-tac-toe-game,"Array, Hash Table, Matrix, Simulation"
MEDIUM,Subarray Product Less Than K,25.1,0.5490,https://leetcode.com/problems/subarray-product-less-than-k,"Array, Binary Search, Sliding Window, Prefix Sum"
MEDIUM,Restore IP Addresses,25.1,0.5717,https://leetcode.com/problems/restore-ip-addresses,"String, Backtracking"
MEDIUM,H-Index,25.1,0.4192,https://leetcode.com/problems/h-index,"Array, Sorting, Counting Sort"
MEDIUM,Validate Binary Tree Nodes,25.1,0.4424,https://leetcode.com/problems/validate-binary-tree-nodes,"Tree, Depth-First Search, Breadth-First Search, Union-Find, Graph Theory, Binary Tree"
HARD,Unique Paths III,25.1,0.8299,https://leetcode.com/problems/unique-paths-iii,"Array, Backtracking, Bit Manipulation, Matrix, Hamiltonian Path"
EASY,Friend Requests I: Overall Acceptance Rate,25.1,0.4101,https://leetcode.com/problems/friend-requests-i-overall-acceptance-rate,Database
MEDIUM,Page Recommendations,25.1,0.6545,https://leetcode.com/problems/page-recommendations,Database
EASY,Summary Ranges,25.1,0.5478,https://leetcode.com/problems/summary-ranges,Array
MEDIUM,Cheapest Flights Within K Stops,25.1,0.4262,https://leetcode.com/problems/cheapest-flights-within-k-stops,"Dynamic Programming, Depth-First Search, Breadth-First Search, Graph Theory, Heap (Priority Queue), Shortest Path"
EASY,Flood Fill,25.1,0.6896,https://leetcode.com/problems/flood-fill,"Array, Depth-First Search, Breadth-First Search, Matrix"
MEDIUM,Total Hamming Distance,25.1,0.5557,https://leetcode.com/problems/total-hamming-distance,"Array, Math, Bit Manipulation"
HARD,Design Search Autocomplete System,25.1,0.5009,https://leetcode.com/problems/design-search-autocomplete-system,"String, Depth-First Search, Design, Trie, Sorting, Heap (Priority Queue), Data Stream"
HARD,Decode Ways II,25.1,0.3229,https://leetcode.com/problems/decode-ways-ii,"String, Dynamic Programming"
MEDIUM,Web Crawler Multithreaded,25.1,0.5143,https://leetcode.com/problems/web-crawler-multithreaded,"Depth-First Search, Breadth-First Search, Concurrency"
MEDIUM,Maximum Sum Circular Subarray,25.1,0.5156,https://leetcode.com/problems/maximum-sum-circular-subarray,"Array, Divide and Conquer, Dynamic Programming, Queue, Monotonic Queue"
EASY,Word Pattern,25.1,0.4471,https://leetcode.com/problems/word-pattern,"Hash Table, String"
MEDIUM,Partition Array for Maximum Sum,25.1,0.7758,https://leetcode.com/problems/partition-array-for-maximum-sum,"Array, Dynamic Programming"
MEDIUM,Number of Longest Increasing Subsequence,25.1,0.5277,https://leetcode.com/problems/number-of-longest-increasing-subsequence,"Array, Dynamic Programming, Binary Indexed Tree, Segment Tree, Longest Increasing Subsequence"
EASY,Calculate Amount Paid in Taxes,25.1,0.6962,https://leetcode.com/problems/calculate-amount-paid-in-taxes,"Array, Simulation"
MEDIUM,H-Index II,25.1,0.4012,https://leetcode.com/problems/h-index-ii,"Array, Binary Search"
EASY,Count Pairs Whose Sum is Less than Target,25.1,0.8769,https://leetcode.com/problems/count-pairs-whose-sum-is-less-than-target,"Array, Two Pointers, Binary Search, Sorting"
HARD,Page Recommendations II,25.1,0.4601,https://leetcode.com/problems/page-recommendations-ii,Database
HARD,Minimum Cost to Reach Destination in Time,25.1,0.4257,https://leetcode.com/problems/minimum-cost-to-reach-destination-in-time,"Array, Dynamic Programming, Graph Theory, Dijkstra's Algorithm"
MEDIUM,Strong Friendship,25.1,0.5470,https://leetcode.com/problems/strong-friendship,Database
MEDIUM,Largest Plus Sign,25.1,0.4959,https://leetcode.com/problems/largest-plus-sign,"Array, Dynamic Programming"
MEDIUM,Binary Search Tree Iterator II,25.1,0.6326,https://leetcode.com/problems/binary-search-tree-iterator-ii,"Stack, Tree, Design, Binary Search Tree, Binary Tree, Iterator"
EASY,Reverse String II,25.1,0.5464,https://leetcode.com/problems/reverse-string-ii,"Two Pointers, String"
EASY,Lemonade Change,25.1,0.5949,https://leetcode.com/problems/lemonade-change,"Array, Greedy"
EASY,Largest Odd Number in String,25.1,0.6817,https://leetcode.com/problems/largest-odd-number-in-string,"Math, String, Greedy"
MEDIUM,Minimum Number of Days to Make m Bouquets,25.1,0.5723,https://leetcode.com/problems/minimum-number-of-days-to-make-m-bouquets,"Array, Binary Search"
EASY,Find Missing and Repeated Values,25.1,0.8302,https://leetcode.com/problems/find-missing-and-repeated-values,"Array, Hash Table, Math, Matrix"
HARD,N-Queens II,25.1,0.7938,https://leetcode.com/problems/n-queens-ii,"Backtracking, Algorithm X"
MEDIUM,Immediate Food Delivery II,25.1,0.5710,https://leetcode.com/problems/immediate-food-delivery-ii,Database
EASY,Build Array from Permutation,25.1,0.9111,https://leetcode.com/problems/build-array-from-permutation,"Array, Simulation"
MEDIUM,Find Kth Bit in Nth Binary String,25.1,0.7372,https://leetcode.com/problems/find-kth-bit-in-nth-binary-string,"String, Recursion, Simulation"
EASY,Assign Cookies,25.1,0.5554,https://leetcode.com/problems/assign-cookies,"Array, Two Pointers, Greedy, Sorting, Quicksort"
EASY,Find Numbers with Even Number of Digits,25.1,0.8002,https://leetcode.com/problems/find-numbers-with-even-number-of-digits,"Array, Math"
MEDIUM,Number of Substrings Containing All Three Characters,25.1,0.7444,https://leetcode.com/problems/number-of-substrings-containing-all-three-characters,"Hash Table, String, Sliding Window"
EASY,Valid Perfect Square,25.1,0.4512,https://leetcode.com/problems/valid-perfect-square,"Math, Binary Search"
EASY,Minimum Deletions for At Most K Distinct Characters,25.1,0.7227,https://leetcode.com/problems/minimum-deletions-for-at-most-k-distinct-characters,"Hash Table, String, Greedy, Sorting, Counting"
EASY,Power of Three,25.1,0.5168,https://leetcode.com/problems/power-of-three,"Math, Recursion"
MEDIUM,Max Number of K-Sum Pairs,25.1,0.5742,https://leetcode.com/problems/max-number-of-k-sum-pairs,"Array, Hash Table, Two Pointers, Sorting"
MEDIUM,Redundant Connection,25.1,0.6826,https://leetcode.com/problems/redundant-connection,"Depth-First Search, Breadth-First Search, Union-Find, Graph Theory"
MEDIUM,Add Bold Tag in String,25.0,0.5152,https://leetcode.com/problems/add-bold-tag-in-string,"Array, Hash Table, String, Trie, String Matching, Aho–Corasick Algorithm"
EASY,Palindrome Permutation,25.0,0.6872,https://leetcode.com/problems/palindrome-permutation,"Hash Table, String, Bit Manipulation"
MEDIUM,Range Sum Query 2D - Immutable,25.0,0.5908,https://leetcode.com/problems/range-sum-query-2d-immutable,"Array, Design, Matrix, Prefix Sum"
MEDIUM,Evaluate Division,25.0,0.6462,https://leetcode.com/problems/evaluate-division,"Array, String, Depth-First Search, Breadth-First Search, Union-Find, Graph Theory, Shortest Path, Bellman–Ford Algorithm, Floyd–Warshall Algorithm"
EASY,Path Sum,25.0,0.5577,https://leetcode.com/problems/path-sum,"Tree, Depth-First Search, Breadth-First Search, Binary Tree"
MEDIUM,Inorder Successor in BST,25.0,0.5129,https://leetcode.com/problems/inorder-successor-in-bst,"Tree, Depth-First Search, Binary Search Tree, Binary Tree"
HARD,Insert Delete GetRandom O(1) - Duplicates allowed,25.0,0.3705,https://leetcode.com/problems/insert-delete-getrandom-o1-duplicates-allowed,"Array, Hash Table, Math, Design, Randomized"
EASY,Element Appearing More Than 25% In Sorted Array,25.0,0.6150,https://leetcode.com/problems/element-appearing-more-than-25-in-sorted-array,Array
EASY,Minimum Depth of Binary Tree,25.0,0.5385,https://leetcode.com/problems/minimum-depth-of-binary-tree,"Tree, Depth-First Search, Breadth-First Search, Binary Tree"
EASY,Number of 1 Bits,25.0,0.7761,https://leetcode.com/problems/number-of-1-bits,"Divide and Conquer, Bit Manipulation"
MEDIUM,Path Sum III,25.0,0.4667,https://leetcode.com/problems/path-sum-iii,"Tree, Depth-First Search, Binary Tree"
EASY,Make Two Arrays Equal by Reversing Subarrays,25.0,0.7584,https://leetcode.com/problems/make-two-arrays-equal-by-reversing-subarrays,"Array, Hash Table, Sorting"
EASY,Read N Characters Given Read4,25.0,0.4263,https://leetcode.com/problems/read-n-characters-given-read4,"Array, Simulation, Interactive"
MEDIUM,Maximum Width of Binary Tree,25.0,0.4612,https://leetcode.com/problems/maximum-width-of-binary-tree,"Tree, Depth-First Search, Breadth-First Search, Binary Tree"
HARD,Read N Characters Given read4 II - Call Multiple Times,25.0,0.4337,https://leetcode.com/problems/read-n-characters-given-read4-ii-call-multiple-times,"Array, Simulation, Interactive"
MEDIUM,Remove Duplicate Letters,25.0,0.5453,https://leetcode.com/problems/remove-duplicate-letters,"String, Stack, Greedy, Monotonic Stack"
MEDIUM,Construct Binary Search Tree from Preorder Traversal,25.0,0.8465,https://leetcode.com/problems/construct-binary-search-tree-from-preorder-traversal,"Array, Stack, Tree, Binary Search Tree, Monotonic Stack, Binary Tree"
MEDIUM,Sum of Two Integers,25.0,0.5578,https://leetcode.com/problems/sum-of-two-integers,"Math, Bit Manipulation"
MEDIUM,Best Time to Buy and Sell Stock with Transaction Fee,25.0,0.7263,https://leetcode.com/problems/best-time-to-buy-and-sell-stock-with-transaction-fee,"Array, Dynamic Programming, Greedy"
MEDIUM,Candy Crush,25.0,0.7768,https://leetcode.com/problems/candy-crush,"Array, Two Pointers, Matrix, Simulation"
MEDIUM,Number Of Corner Rectangles,25.0,0.6779,https://leetcode.com/problems/number-of-corner-rectangles,"Array, Math, Dynamic Programming, Matrix"
HARD,Paint House II,25.0,0.5730,https://leetcode.com/problems/paint-house-ii,"Array, Dynamic Programming"
MEDIUM,Groups of Special-Equivalent Strings,25.0,0.7395,https://leetcode.com/problems/groups-of-special-equivalent-strings,"Array, Hash Table, String, Sorting"
MEDIUM,Moving Stones Until Consecutive,25.0,0.5268,https://leetcode.com/problems/moving-stones-until-consecutive,"Math, Brainteaser"
MEDIUM,Apply Discount Every n Orders,25.0,0.6614,https://leetcode.com/problems/apply-discount-every-n-orders,"Array, Hash Table, Design"
MEDIUM,Balance a Binary Search Tree,25.0,0.8628,https://leetcode.com/problems/balance-a-binary-search-tree,"Divide and Conquer, Greedy, Tree, Depth-First Search, Binary Search Tree, Binary Tree"
EASY,Find All Numbers Disappeared in an Array,25.0,0.6468,https://leetcode.com/problems/find-all-numbers-disappeared-in-an-array,"Array, Hash Table"
EASY,Merge Two Binary Trees,25.0,0.7919,https://leetcode.com/problems/merge-two-binary-trees,"Tree, Depth-First Search, Breadth-First Search, Binary Tree"
MEDIUM,Binary Tree Pruning,25.0,0.7258,https://leetcode.com/problems/binary-tree-pruning,"Tree, Depth-First Search, Binary Tree"
MEDIUM,Encode and Decode Strings,25.0,0.5201,https://leetcode.com/problems/encode-and-decode-strings,"Array, String, Design"
EASY,Reverse Bits,25.0,0.6944,https://leetcode.com/problems/reverse-bits,"Divide and Conquer, Bit Manipulation"
MEDIUM,K Radius Subarray Averages,25.0,0.4653,https://leetcode.com/problems/k-radius-subarray-averages,"Array, Sliding Window"
MEDIUM,Maximum Level Sum of a Binary Tree,25.0,0.7003,https://leetcode.com/problems/maximum-level-sum-of-a-binary-tree,"Tree, Depth-First Search, Breadth-First Search, Binary Tree"
EASY,Ugly Number,25.0,0.4424,https://leetcode.com/problems/ugly-number,Math
MEDIUM,Remove Duplicates from Sorted List II,25.0,0.5260,https://leetcode.com/problems/remove-duplicates-from-sorted-list-ii,"Linked List, Two Pointers"
EASY,Check if the Sentence Is Pangram,25.0,0.8435,https://leetcode.com/problems/check-if-the-sentence-is-pangram,"Hash Table, String"
EASY,Count Items Matching a Rule,25.0,0.8548,https://leetcode.com/problems/count-items-matching-a-rule,"Array, String"
EASY,Faulty Sensor,25.0,0.5027,https://leetcode.com/problems/faulty-sensor,"Array, Two Pointers"
MEDIUM,Construct the Lexicographically Largest Valid Sequence,25.0,0.7265,https://leetcode.com/problems/construct-the-lexicographically-largest-valid-sequence,"Array, Backtracking"
MEDIUM,Bulb Switcher,25.0,0.5656,https://leetcode.com/problems/bulb-switcher,"Math, Brainteaser"
EASY,Backspace String Compare,25.0,0.5027,https://leetcode.com/problems/backspace-string-compare,"Two Pointers, String, Stack, Simulation"
EASY,Reported Posts,25.0,0.6480,https://leetcode.com/problems/reported-posts,Database
MEDIUM,Coin Change II,25.0,0.5914,https://leetcode.com/problems/coin-change-ii,"Array, Dynamic Programming, Knapsack Problem, Complete Knapsack"
EASY,User Activity for the Past 30 Days II,25.0,0.3562,https://leetcode.com/problems/user-activity-for-the-past-30-days-ii,Database
MEDIUM,Reported Posts II,25.0,0.3202,https://leetcode.com/problems/reported-posts-ii,Database
MEDIUM,Tree Diameter,25.0,0.6127,https://leetcode.com/problems/tree-diameter,"Tree, Depth-First Search, Breadth-First Search, Graph Theory, Topological Sort, DP on Trees"
MEDIUM,Get Highest Answer Rate Question,25.0,0.3994,https://leetcode.com/problems/get-highest-answer-rate-question,Database
EASY,Counting Bits,25.0,0.8077,https://leetcode.com/problems/counting-bits,"Dynamic Programming, Bit Manipulation"
MEDIUM,Project Employees III,25.0,0.7722,https://leetcode.com/problems/project-employees-iii,Database
EASY,Number of Comments per Post,25.0,0.6548,https://leetcode.com/problems/number-of-comments-per-post,Database
MEDIUM,Apples & Oranges,25.0,0.8597,https://leetcode.com/problems/apples-oranges,Database
HARD,Minimum Swaps To Make Sequences Increasing,25.0,0.4198,https://leetcode.com/problems/minimum-swaps-to-make-sequences-increasing,"Array, Dynamic Programming"
MEDIUM,Customers Who Bought Products A and B but Not C,25.0,0.7138,https://leetcode.com/problems/customers-who-bought-products-a-and-b-but-not-c,Database
HARD,Maximum Number of Darts Inside of a Circular Dartboard,25.0,0.4167,https://leetcode.com/problems/maximum-number-of-darts-inside-of-a-circular-dartboard,"Array, Math, Geometry"
HARD,Prefix and Suffix Search,25.0,0.4118,https://leetcode.com/problems/prefix-and-suffix-search,"Array, Hash Table, String, Design, Trie"
MEDIUM,Moving Stones Until Consecutive II,25.0,0.5952,https://leetcode.com/problems/moving-stones-until-consecutive-ii,"Array, Math, Sliding Window, Sorting"
EASY,Ads Performance,25.0,0.5840,https://leetcode.com/problems/ads-performance,Database
MEDIUM,Web Crawler,25.0,0.6878,https://leetcode.com/problems/web-crawler,"String, Depth-First Search, Breadth-First Search, Interactive"
HARD,Report Contiguous Dates,25.0,0.5704,https://leetcode.com/problems/report-contiguous-dates,Database
MEDIUM,Maximum Binary Tree II,25.0,0.7107,https://leetcode.com/problems/maximum-binary-tree-ii,"Tree, Binary Tree"
EASY,Project Employees II,25.0,0.5052,https://leetcode.com/problems/project-employees-ii,Database
HARD,All O`one Data Structure,25.0,0.4457,https://leetcode.com/problems/all-oone-data-structure,"Hash Table, Linked List, Design, Doubly-Linked List"
MEDIUM,Validate IP Address,25.0,0.2854,https://leetcode.com/problems/validate-ip-address,String
HARD,Substring with Concatenation of All Words,25.0,0.3533,https://leetcode.com/problems/substring-with-concatenation-of-all-words,"Hash Table, String, Sliding Window"
EASY,Convert a Number to Hexadecimal,25.0,0.5501,https://leetcode.com/problems/convert-a-number-to-hexadecimal,"Math, String, Bit Manipulation"
MEDIUM,Longest Absolute File Path,25.0,0.4997,https://leetcode.com/problems/longest-absolute-file-path,"String, Stack, Depth-First Search"
MEDIUM,Remove Sub-Folders from the Filesystem,25.0,0.7860,https://leetcode.com/problems/remove-sub-folders-from-the-filesystem,"Array, String, Depth-First Search, Trie"
HARD,Trapping Rain Water II,25.0,0.6425,https://leetcode.com/problems/trapping-rain-water-ii,"Array, Breadth-First Search, Heap (Priority Queue), Matrix"
MEDIUM,Delete Node in a BST,25.0,0.5545,https://leetcode.com/problems/delete-node-in-a-bst,"Tree, Binary Search Tree, Binary Tree"
MEDIUM,Find Duplicate File in System,25.0,0.6755,https://leetcode.com/problems/find-duplicate-file-in-system,"Array, Hash Table, String"
MEDIUM,Longest Palindromic Subsequence,25.0,0.6593,https://leetcode.com/problems/longest-palindromic-subsequence,"String, Dynamic Programming"
MEDIUM,Pacific Atlantic Water Flow,25.0,0.6153,https://leetcode.com/problems/pacific-atlantic-water-flow,"Array, Depth-First Search, Breadth-First Search, Matrix"
HARD,Burst Balloons,25.0,0.6444,https://leetcode.com/problems/burst-balloons,"Array, Dynamic Programming"
HARD,Count of Smaller Numbers After Self,25.0,0.4410,https://leetcode.com/problems/count-of-smaller-numbers-after-self,"Array, Binary Search, Divide and Conquer, Binary Indexed Tree, Segment Tree, Merge Sort, Ordered Set, Treap"
MEDIUM,Open the Lock,25.0,0.6158,https://leetcode.com/problems/open-the-lock,"Array, Hash Table, String, Breadth-First Search, Bidirectional Search"
MEDIUM,Time Based Key-Value Store,25.0,0.5022,https://leetcode.com/problems/time-based-key-value-store,"Hash Table, String, Binary Search, Design"
MEDIUM,Encode and Decode TinyURL,25.0,0.8641,https://leetcode.com/problems/encode-and-decode-tinyurl,"Hash Table, String, Design, Hash Function"
MEDIUM,Find K Pairs with Smallest Sums,25.0,0.4243,https://leetcode.com/problems/find-k-pairs-with-smallest-sums,"Array, Heap (Priority Queue)"
EASY,Hamming Distance,25.0,0.7711,https://leetcode.com/problems/hamming-distance,Bit Manipulation
MEDIUM,Count Complete Tree Nodes,25.0,0.7240,https://leetcode.com/problems/count-complete-tree-nodes,"Binary Search, Bit Manipulation, Tree, Binary Tree"
HARD,Find the Kth Smallest Sum of a Matrix With Sorted Rows,25.0,0.6256,https://leetcode.com/problems/find-the-kth-smallest-sum-of-a-matrix-with-sorted-rows,"Array, Binary Search, Heap (Priority Queue), Matrix"
MEDIUM,Spiral Matrix II,25.0,0.7590,https://leetcode.com/problems/spiral-matrix-ii,"Array, Matrix, Simulation"
MEDIUM,Game Play Analysis IV,25.0,0.4255,https://leetcode.com/problems/game-play-analysis-iv,Database
MEDIUM,Game of Life,25.0,0.7308,https://leetcode.com/problems/game-of-life,"Array, Matrix, Simulation"
EASY,Design HashMap,25.0,0.6681,https://leetcode.com/problems/design-hashmap,"Array, Hash Table, Linked List, Design, Hash Function"
EASY,Jewels and Stones,25.0,0.8968,https://leetcode.com/problems/jewels-and-stones,"Hash Table, String"
EASY,Separate the Digits in an Array,25.0,0.8575,https://leetcode.com/problems/separate-the-digits-in-an-array,"Array, Simulation"
MEDIUM,Steps to Make Array Non-decreasing,25.0,0.2538,https://leetcode.com/problems/steps-to-make-array-non-decreasing,"Array, Linked List, Dynamic Programming, Stack, Monotonic Stack, Simulation"
MEDIUM,Task Scheduler II,25.0,0.5506,https://leetcode.com/problems/task-scheduler-ii,"Array, Hash Table, Simulation"
MEDIUM,Words Within Two Edits of Dictionary,25.0,0.7336,https://leetcode.com/problems/words-within-two-edits-of-dictionary,"Array, String, Trie"
MEDIUM,Count Nodes Equal to Sum of Descendants,25.0,0.7700,https://leetcode.com/problems/count-nodes-equal-to-sum-of-descendants,"Tree, Depth-First Search, Binary Tree"
HARD,Longest Subsequence Repeated k Times,25.0,0.7092,https://leetcode.com/problems/longest-subsequence-repeated-k-times,"Hash Table, Two Pointers, String, Backtracking, Counting, Enumeration"
MEDIUM,Maximum Compatibility Score Sum,25.0,0.6513,https://leetcode.com/problems/maximum-compatibility-score-sum,"Array, Dynamic Programming, Backtracking, Bit Manipulation, Bitmask, Hungarian Algorithm, Bipartite Graph, Successive Shortest Path Algorithm, Matching (Graph), Perfect Matching, Minimum-Cost Flow, Flow Network"
MEDIUM,Check Knight Tour Configuration,25.0,0.6153,https://leetcode.com/problems/check-knight-tour-configuration,"Array, Depth-First Search, Breadth-First Search, Matrix, Simulation"
MEDIUM,Interleaving String,25.0,0.4485,https://leetcode.com/problems/interleaving-string,"String, Dynamic Programming"
MEDIUM,Lexicographical Numbers,25.0,0.7639,https://leetcode.com/problems/lexicographical-numbers,"Depth-First Search, Trie"
MEDIUM,Number of Ways to Arrive at Destination,25.0,0.3777,https://leetcode.com/problems/number-of-ways-to-arrive-at-destination,"Dynamic Programming, Graph Theory, Topological Sort, Shortest Path, Dijkstra's Algorithm"
HARD,Finding the Topic of Each Post,25.0,0.5050,https://leetcode.com/problems/finding-the-topic-of-each-post,Database
HARD,Number of Visible People in a Queue,25.0,0.7366,https://leetcode.com/problems/number-of-visible-people-in-a-queue,"Array, Stack, Monotonic Stack"
MEDIUM,Number of Operations to Make Network Connected,25.0,0.6732,https://leetcode.com/problems/number-of-operations-to-make-network-connected,"Depth-First Search, Breadth-First Search, Union-Find, Graph Theory"
MEDIUM,Inorder Successor in BST II,25.0,0.6111,https://leetcode.com/problems/inorder-successor-in-bst-ii,"Tree, Binary Search Tree, Binary Tree"
MEDIUM,Find the Smallest Balanced Index,25.0,0.1957,https://leetcode.com/problems/find-the-smallest-balanced-index,"Array, Prefix Sum"
MEDIUM,Sum of Square Numbers,25.0,0.3705,https://leetcode.com/problems/sum-of-square-numbers,"Math, Two Pointers, Binary Search"
MEDIUM,Find the Prefix Common Array of Two Arrays,25.0,0.8828,https://leetcode.com/problems/find-the-prefix-common-array-of-two-arrays,"Array, Hash Table, Bit Manipulation"
EASY,To Be Or Not To Be,25.0,0.6346,https://leetcode.com/problems/to-be-or-not-to-be,
EASY,Richest Customer Wealth,25.0,0.8886,https://leetcode.com/problems/richest-customer-wealth,"Array, Matrix"
EASY,Duplicate Emails,25.0,0.7446,https://leetcode.com/problems/duplicate-emails,Database
HARD,Threshold Majority Queries,25.0,0.2227,https://leetcode.com/problems/threshold-majority-queries,"Array, Hash Table, Binary Search, Divide and Conquer, Counting, Prefix Sum"
EASY,Finding 3-Digit Even Numbers,25.0,0.7882,https://leetcode.com/problems/finding-3-digit-even-numbers,"Array, Hash Table, Recursion, Sorting, Enumeration"
HARD,Palindrome Partitioning II,25.0,0.3804,https://leetcode.com/problems/palindrome-partitioning-ii,"String, Dynamic Programming"
EASY,Find the K-th Character in String Game I,25.0,0.8163,https://leetcode.com/problems/find-the-k-th-character-in-string-game-i,"Math, Bit Manipulation, Recursion, Simulation"
EASY,Minimum Pair Removal to Sort Array I,25.0,0.6507,https://leetcode.com/problems/minimum-pair-removal-to-sort-array-i,"Array, Hash Table, Linked List, Heap (Priority Queue), Simulation, Doubly-Linked List, Ordered Set"
MEDIUM,Count Number of Nice Subarrays,25.0,0.7578,https://leetcode.com/problems/count-number-of-nice-subarrays,"Array, Hash Table, Math, Sliding Window, Prefix Sum"
MEDIUM,Customers Who Bought All Products,25.0,0.6460,https://leetcode.com/problems/customers-who-bought-all-products,Database
MEDIUM,Minimum Cost Path with Edge Reversals,25.0,0.6153,https://leetcode.com/problems/minimum-cost-path-with-edge-reversals,"Graph Theory, Heap (Priority Queue), Shortest Path"
EASY,Find Subsequence of Length K With the Largest Sum,25.0,0.5730,https://leetcode.com/problems/find-subsequence-of-length-k-with-the-largest-sum,"Array, Hash Table, Sorting, Heap (Priority Queue)"
MEDIUM,Count the Hidden Sequences,25.0,0.5667,https://leetcode.com/problems/count-the-hidden-sequences,"Array, Prefix Sum"
MEDIUM,Rabbits in Forest,25.0,0.5802,https://leetcode.com/problems/rabbits-in-forest,"Array, Hash Table, Math, Greedy"
EASY,Search in a Binary Search Tree,25.0,0.8318,https://leetcode.com/problems/search-in-a-binary-search-tree,"Tree, Binary Search Tree, Binary Tree"
EASY,Count Binary Substrings,25.0,0.7060,https://leetcode.com/problems/count-binary-substrings,"Two Pointers, String"
EASY,Maximum Score After Splitting a String,25.0,0.6507,https://leetcode.com/problems/maximum-score-after-splitting-a-string,"String, Prefix Sum"
EASY,Implement Queue using Stacks,25.0,0.7031,https://leetcode.com/problems/implement-queue-using-stacks,"Stack, Design, Queue"
EASY,Longest Harmonious Subsequence,25.0,0.6516,https://leetcode.com/problems/longest-harmonious-subsequence,"Array, Hash Table, Sliding Window, Sorting, Counting"
MEDIUM,Longest Continuous Subarray With Absolute Diff Less Than or Equal to Limit,25.0,0.5809,https://leetcode.com/problems/longest-continuous-subarray-with-absolute-diff-less-than-or-equal-to-limit,"Array, Queue, Sliding Window, Heap (Priority Queue), Ordered Set, Monotonic Queue"
EASY,Transpose Matrix,25.0,0.7730,https://leetcode.com/problems/transpose-matrix,"Array, Matrix, Simulation"
MEDIUM,Maximum Number of Events That Can Be Attended,25.0,0.3910,https://leetcode.com/problems/maximum-number-of-events-that-can-be-attended,"Array, Greedy, Sorting, Heap (Priority Queue)"
MEDIUM,Movie Rating,25.0,0.4458,https://leetcode.com/problems/movie-rating,Database
MEDIUM,Shifting Letters II,25.0,0.5389,https://leetcode.com/problems/shifting-letters-ii,"Array, String, Prefix Sum"
EASY,Baseball Game,25.0,0.8117,https://leetcode.com/problems/baseball-game,"Array, Stack, Simulation"
MEDIUM,Meeting Scheduler,25.0,0.5520,https://leetcode.com/problems/meeting-scheduler,"Array, Two Pointers, Sorting"
MEDIUM,Even Odd Tree,25.0,0.6734,https://leetcode.com/problems/even-odd-tree,"Tree, Breadth-First Search, Binary Tree"
EASY,Add Digits,25.0,0.6931,https://leetcode.com/problems/add-digits,"Math, Simulation, Number Theory"
MEDIUM,Minimum Number of Operations to Move All Balls to Each Box,25.0,0.9015,https://leetcode.com/problems/minimum-number-of-operations-to-move-all-balls-to-each-box,"Array, String, Prefix Sum"
MEDIUM,Product Price at a Given Date,25.0,0.5867,https://leetcode.com/problems/product-price-at-a-given-date,Database
EASY,Set Mismatch,25.0,0.4326,https://leetcode.com/problems/set-mismatch,"Array, Hash Table, Bit Manipulation, Sorting"
MEDIUM,Find Eventual Safe States,25.0,0.7161,https://leetcode.com/problems/find-eventual-safe-states,"Depth-First Search, Breadth-First Search, Graph Theory, Topological Sort, Kosaraju's Algorithm, Tarjan's SCC Algorithm"
EASY,Bitwise OR of Even Numbers in an Array,25.0,0.8486,https://leetcode.com/problems/bitwise-or-of-even-numbers-in-an-array,"Array, Bit Manipulation, Simulation"
MEDIUM,Product of the Last K Numbers,25.0,0.6306,https://leetcode.com/problems/product-of-the-last-k-numbers,"Array, Math, Design, Data Stream, Prefix Sum"
EASY,Invalid Tweets,25.0,0.8528,https://leetcode.com/problems/invalid-tweets,Database
MEDIUM,Minimum Falling Path Sum,25.0,0.6085,https://leetcode.com/problems/minimum-falling-path-sum,"Array, Dynamic Programming, Matrix"
EASY,Fruits Into Baskets II,25.0,0.7022,https://leetcode.com/problems/fruits-into-baskets-ii,"Array, Binary Search, Segment Tree, Simulation, Ordered Set"
EASY,Minimum Absolute Difference in BST,25.0,0.5975,https://leetcode.com/problems/minimum-absolute-difference-in-bst,"Tree, Depth-First Search, Breadth-First Search, Binary Search Tree, Binary Tree"
EASY,Shuffle the Array,25.0,0.8866,https://leetcode.com/problems/shuffle-the-array,Array
EASY,Maximum Difference by Remapping a Digit,25.0,0.7556,https://leetcode.com/problems/maximum-difference-by-remapping-a-digit,"Math, Greedy"
MEDIUM,Investments in 2016,25.0,0.5196,https://leetcode.com/problems/investments-in-2016,Database
EASY,Not Boring Movies,25.0,0.7523,https://leetcode.com/problems/not-boring-movies,Database
EASY,Longest Palindrome,25.0,0.5627,https://leetcode.com/problems/longest-palindrome,"Hash Table, String, Greedy"
MEDIUM,Repeated DNA Sequences,25.0,0.5410,https://leetcode.com/problems/repeated-dna-sequences,"Hash Table, String, Bit Manipulation, Sliding Window, Rolling Hash, Hash Function, Z Algorithm, Boyer–Moore String-Search Algorithm"
MEDIUM,Sum of Beauty of All Substrings,25.0,0.7491,https://leetcode.com/problems/sum-of-beauty-of-all-substrings,"Hash Table, String, Counting"
MEDIUM,Maximum Points You Can Obtain from Cards,25.0,0.5844,https://leetcode.com/problems/maximum-points-you-can-obtain-from-cards,"Array, Sliding Window, Prefix Sum"
EASY,Divisor Game,25.0,0.7269,https://leetcode.com/problems/divisor-game,"Math, Dynamic Programming, Brainteaser, Game Theory, Impartial Game"
EASY,Delete Duplicate Emails,25.0,0.6694,https://leetcode.com/problems/delete-duplicate-emails,Database
EASY,Defuse the Bomb,25.0,0.7952,https://leetcode.com/problems/defuse-the-bomb,"Array, Sliding Window"
MEDIUM,Minimum Deletions to Make String Balanced,25.0,0.6815,https://leetcode.com/problems/minimum-deletions-to-make-string-balanced,"String, Dynamic Programming, Stack"
MEDIUM,Design Ride Sharing System,25.0,0.6272,https://leetcode.com/problems/design-ride-sharing-system,"Hash Table, Design, Queue, Data Stream"
MEDIUM,132 Pattern,25.0,0.3514,https://leetcode.com/problems/132-pattern,"Array, Binary Search, Stack, Monotonic Stack, Ordered Set"
EASY,Valid Mountain Array,25.0,0.3584,https://leetcode.com/problems/valid-mountain-array,Array
EASY,Find Lucky Integer in an Array,25.0,0.7565,https://leetcode.com/problems/find-lucky-integer-in-an-array,"Array, Hash Table, Counting"
MEDIUM,Nearest Exit from Entrance in Maze,25.0,0.4920,https://leetcode.com/problems/nearest-exit-from-entrance-in-maze,"Array, Breadth-First Search, Matrix"
EASY,Tenth Line,25.0,0.3785,https://leetcode.com/problems/tenth-line,Shell
EASY,Arranging Coins,25.0,0.4865,https://leetcode.com/problems/arranging-coins,"Math, Binary Search"
MEDIUM,Subarray Sums Divisible by K,23.4,0.5679,https://leetcode.com/problems/subarray-sums-divisible-by-k,"Array, Hash Table, Prefix Sum"
EASY,Find the Highest Altitude,21.5,0.8464,https://leetcode.com/problems/find-the-highest-altitude,"Array, Prefix Sum"
MEDIUM,Boats to Save People,21.5,0.6254,https://leetcode.com/problems/boats-to-save-people,"Array, Two Pointers, Greedy, Sorting, Timsort"
MEDIUM,Stone Game,21.5,0.7709,https://leetcode.com/problems/stone-game,"Array, Math, Dynamic Programming, Minimax, Game Theory, Zero-Sum Game"
MEDIUM,All the Pairs With the Maximum Number of Common Followers,21.5,0.6978,https://leetcode.com/problems/all-the-pairs-with-the-maximum-number-of-common-followers,Database
MEDIUM,Find a Peak Element II,19.4,0.5568,https://leetcode.com/problems/find-a-peak-element-ii,"Array, Binary Search, Matrix"
MEDIUM,Consecutive Numbers,19.4,0.4948,https://leetcode.com/problems/consecutive-numbers,Database
EASY,Find if Path Exists in Graph,19.4,0.5587,https://leetcode.com/problems/find-if-path-exists-in-graph,"Depth-First Search, Breadth-First Search, Union-Find, Graph Theory"
EASY,Binary Tree Preorder Traversal,19.4,0.7674,https://leetcode.com/problems/binary-tree-preorder-traversal,"Stack, Tree, Depth-First Search, Binary Tree"
EASY,Can Make Arithmetic Progression From Sequence,19.4,0.6868,https://leetcode.com/problems/can-make-arithmetic-progression-from-sequence,"Array, Sorting"
MEDIUM,Sequential Digits,19.4,0.6863,https://leetcode.com/problems/sequential-digits,Enumeration
MEDIUM,Stock Price Fluctuation ,19.4,0.4940,https://leetcode.com/problems/stock-price-fluctuation,"Hash Table, Design, Heap (Priority Queue), Data Stream, Ordered Set"
EASY,Binary Tree Postorder Traversal,17.0,0.7908,https://leetcode.com/problems/binary-tree-postorder-traversal,"Stack, Tree, Depth-First Search, Binary Tree"
MEDIUM,Score of Parentheses,17.0,0.6347,https://leetcode.com/problems/score-of-parentheses,"String, Stack, Bracket Sequences"
EASY,Repeated Substring Pattern,17.0,0.4884,https://leetcode.com/problems/repeated-substring-pattern,"String, String Matching, Z Algorithm, Knuth–Morris–Pratt Algorithm"
EASY,Reshape the Matrix,17.0,0.6558,https://leetcode.com/problems/reshape-the-matrix,"Array, Matrix, Simulation"
HARD,Shortest Palindrome,17.0,0.4319,https://leetcode.com/problems/shortest-palindrome,"String, Rolling Hash, String Matching, Hash Function, Manacher, Z Algorithm, Knuth–Morris–Pratt Algorithm"
HARD,Shortest Subarray with Sum at Least K,17.0,0.3317,https://leetcode.com/problems/shortest-subarray-with-sum-at-least-k,"Array, Binary Search, Queue, Sliding Window, Heap (Priority Queue), Prefix Sum, Monotonic Queue"
EASY,Third Maximum Number,17.0,0.4045,https://leetcode.com/problems/third-maximum-number,"Array, Sorting"
HARD,Guess the Word,17.0,0.3657,https://leetcode.com/problems/guess-the-word,"Array, Math, String, Minimax, Interactive, Game Theory"
MEDIUM,Arithmetic Slices,17.0,0.6492,https://leetcode.com/problems/arithmetic-slices,"Array, Dynamic Programming, Sliding Window"
EASY,Maximum Product of Three Numbers,17.0,0.4828,https://leetcode.com/problems/maximum-product-of-three-numbers,"Array, Math, Sorting"
MEDIUM,Partition Labels,17.0,0.8206,https://leetcode.com/problems/partition-labels,"Hash Table, Two Pointers, String, Greedy"
HARD,Shortest Path in a Grid with Obstacles Elimination,17.0,0.4674,https://leetcode.com/problems/shortest-path-in-a-grid-with-obstacles-elimination,"Array, Breadth-First Search, Matrix"
MEDIUM,Minimum Operations to Exceed Threshold Value II,17.0,0.4579,https://leetcode.com/problems/minimum-operations-to-exceed-threshold-value-ii,"Array, Heap (Priority Queue), Simulation"
MEDIUM,Last Person to Fit in the Bus,17.0,0.7007,https://leetcode.com/problems/last-person-to-fit-in-the-bus,Database
EASY,Percentage of Users Attended a Contest,17.0,0.6132,https://leetcode.com/problems/percentage-of-users-attended-a-contest,Database
MEDIUM,Greatest Sum Divisible by Three,17.0,0.5700,https://leetcode.com/problems/greatest-sum-divisible-by-three,"Array, Dynamic Programming, Greedy, Sorting"
EASY,Consecutive Characters,17.0,0.6047,https://leetcode.com/problems/consecutive-characters,String
MEDIUM,Unique Length-3 Palindromic Subsequences,17.0,0.7376,https://leetcode.com/problems/unique-length-3-palindromic-subsequences,"Hash Table, String, Bit Manipulation, Prefix Sum"
MEDIUM,Maximum Absolute Sum of Any Subarray,17.0,0.7061,https://leetcode.com/problems/maximum-absolute-sum-of-any-subarray,"Array, Dynamic Programming"
MEDIUM,Zero Array Transformation II,17.0,0.4352,https://leetcode.com/problems/zero-array-transformation-ii,"Array, Two Pointers, Binary Search, Prefix Sum"
EASY,Count Equal and Divisible Pairs in an Array,17.0,0.8377,https://leetcode.com/problems/count-equal-and-divisible-pairs-in-an-array,Array
EASY,Sort Array by Increasing Frequency,17.0,0.8108,https://leetcode.com/problems/sort-array-by-increasing-frequency,"Array, Hash Table, Sorting"
HARD,Largest Color Value in a Directed Graph,17.0,0.5716,https://leetcode.com/problems/largest-color-value-in-a-directed-graph,"Hash Table, String, Dynamic Programming, Graph Theory, Topological Sort, Memoization, Counting, Directed Acyclic Graph"
MEDIUM,Path With Minimum Effort,17.0,0.6408,https://leetcode.com/problems/path-with-minimum-effort,"Array, Binary Search, Depth-First Search, Breadth-First Search, Union-Find, Heap (Priority Queue), Matrix, Dijkstra's Algorithm"
HARD,Longest Duplicate Substring,17.0,0.3148,https://leetcode.com/problems/longest-duplicate-substring,"String, Binary Search, Sliding Window, Rolling Hash, Suffix Array, Hash Function, Suffix Automaton, Suffix Tree, Z Algorithm, Boyer–Moore String-Search Algorithm"
MEDIUM,Minimize the Maximum Difference of Pairs,17.0,0.5105,https://leetcode.com/problems/minimize-the-maximum-difference-of-pairs,"Array, Binary Search, Dynamic Programming, Greedy, Sorting"
MEDIUM,Count Good Nodes in Binary Tree,17.0,0.7400,https://leetcode.com/problems/count-good-nodes-in-binary-tree,"Tree, Depth-First Search, Breadth-First Search, Binary Tree"
MEDIUM,Best Time to Buy and Sell Stock using Strategy,17.0,0.5939,https://leetcode.com/problems/best-time-to-buy-and-sell-stock-using-strategy,"Array, Sliding Window, Prefix Sum"
EASY,Minimum Absolute Difference,17.0,0.7517,https://leetcode.com/problems/minimum-absolute-difference,"Array, Sorting"
MEDIUM,Find the Safest Path in a Grid,17.0,0.5720,https://leetcode.com/problems/find-the-safest-path-in-a-grid,"Array, Binary Search, Breadth-First Search, Union-Find, Heap (Priority Queue), Matrix"
MEDIUM,Maximum Average Pass Ratio,17.0,0.7409,https://leetcode.com/problems/maximum-average-pass-ratio,"Array, Greedy, Heap (Priority Queue)"
MEDIUM,Minimum Absolute Difference Between Elements With Constraint,17.0,0.3815,https://leetcode.com/problems/minimum-absolute-difference-between-elements-with-constraint,"Array, Binary Search, Ordered Set"
MEDIUM,Validate Stack Sequences,17.0,0.7084,https://leetcode.com/problems/validate-stack-sequences,"Array, Stack, Simulation"
MEDIUM,Minimum Number of Changes to Make Binary String Beautiful,17.0,0.7625,https://leetcode.com/problems/minimum-number-of-changes-to-make-binary-string-beautiful,String
EASY,Longest Strictly Increasing or Strictly Decreasing Subarray,17.0,0.6480,https://leetcode.com/problems/longest-strictly-increasing-or-strictly-decreasing-subarray,Array
MEDIUM,Check if a Parentheses String Can Be Valid,17.0,0.4528,https://leetcode.com/problems/check-if-a-parentheses-string-can-be-valid,"String, Stack, Greedy, Bracket Sequences"
MEDIUM,Rotating the Box,17.0,0.8248,https://leetcode.com/problems/rotating-the-box,"Array, Two Pointers, Matrix"
EASY,Final Prices With a Special Discount in a Shop,17.0,0.8436,https://leetcode.com/problems/final-prices-with-a-special-discount-in-a-shop,"Array, Stack, Monotonic Stack"
EASY,Perfect Number,17.0,0.5030,https://leetcode.com/problems/perfect-number,Math
MEDIUM,Snakes and Ladders,17.0,0.4828,https://leetcode.com/problems/snakes-and-ladders,"Array, Breadth-First Search, Matrix"
MEDIUM,Sum of Subarray Ranges,17.0,0.6199,https://leetcode.com/problems/sum-of-subarray-ranges,"Array, Stack, Monotonic Stack"
MEDIUM,New 21 Game,17.0,0.5195,https://leetcode.com/problems/new-21-game,"Math, Dynamic Programming, Sliding Window, Probability and Statistics"
HARD,Parsing A Boolean Expression,17.0,0.6981,https://leetcode.com/problems/parsing-a-boolean-expression,"String, Stack, Recursion"
EASY,Maximum Length Substring With Two Occurrences,17.0,0.7776,https://leetcode.com/problems/maximum-length-substring-with-two-occurrences,"Hash Table, String, Sliding Window"
EASY,Island Perimeter,14.4,0.7442,https://leetcode.com/problems/island-perimeter,"Array, Depth-First Search, Breadth-First Search, Matrix"
MEDIUM,All Elements in Two Binary Search Trees,14.4,0.8043,https://leetcode.com/problems/all-elements-in-two-binary-search-trees,"Tree, Depth-First Search, Binary Search Tree, Sorting, Binary Tree"
HARD,Best Meeting Point,14.4,0.6146,https://leetcode.com/problems/best-meeting-point,"Array, Math, Sorting, Matrix"
HARD,Permutation Sequence,14.4,0.5441,https://leetcode.com/problems/permutation-sequence,"Math, Recursion"
MEDIUM,Maximum Gap,14.4,0.5319,https://leetcode.com/problems/maximum-gap,"Array, Sorting, Bucket Sort, Radix Sort, Pigeonhole Principle"
EASY,Maximum Product of Two Elements in an Array,14.4,0.8496,https://leetcode.com/problems/maximum-product-of-two-elements-in-an-array,"Array, Sorting, Heap (Priority Queue)"
MEDIUM,Add Two Numbers II,14.4,0.6306,https://leetcode.com/problems/add-two-numbers-ii,"Linked List, Math, Stack"
HARD,Number of Islands II,14.4,0.4076,https://leetcode.com/problems/number-of-islands-ii,"Array, Hash Table, Union-Find"
MEDIUM,Recover Binary Search Tree,14.4,0.6112,https://leetcode.com/problems/recover-binary-search-tree,"Tree, Depth-First Search, Binary Search Tree, Binary Tree"
MEDIUM,Flatten a Multilevel Doubly Linked List,14.4,0.6348,https://leetcode.com/problems/flatten-a-multilevel-doubly-linked-list,"Linked List, Depth-First Search, Doubly-Linked List"
MEDIUM,Repeated String Match,14.4,0.3988,https://leetcode.com/problems/repeated-string-match,"String, String Matching, Z Algorithm, Knuth–Morris–Pratt Algorithm, Boyer–Moore String-Search Algorithm"
HARD,Best Time to Buy and Sell Stock IV,14.4,0.5140,https://leetcode.com/problems/best-time-to-buy-and-sell-stock-iv,"Array, Dynamic Programming"
MEDIUM,Word Subsets,14.4,0.5602,https://leetcode.com/problems/word-subsets,"Array, Hash Table, String"
MEDIUM,Number of Matching Subsequences,14.4,0.5057,https://leetcode.com/problems/number-of-matching-subsequences,"Array, Hash Table, String, Binary Search, Dynamic Programming, Trie, Sorting"
MEDIUM,Number of Closed Islands,14.4,0.6733,https://leetcode.com/problems/number-of-closed-islands,"Array, Depth-First Search, Breadth-First Search, Union-Find, Matrix"
MEDIUM,Valid Triangle Number,14.4,0.5726,https://leetcode.com/problems/valid-triangle-number,"Array, Two Pointers, Binary Search, Greedy, Sorting"
EASY,Leaf-Similar Trees,14.4,0.7036,https://leetcode.com/problems/leaf-similar-trees,"Tree, Depth-First Search, Binary Tree"
HARD,Design Skiplist,14.4,0.5967,https://leetcode.com/problems/design-skiplist,"Linked List, Design"
MEDIUM,Number of Zero-Filled Subarrays,14.4,0.7003,https://leetcode.com/problems/number-of-zero-filled-subarrays,"Array, Math"
HARD,Partition Array Into Two Arrays to Minimize Sum Difference,14.4,0.2465,https://leetcode.com/problems/partition-array-into-two-arrays-to-minimize-sum-difference,"Array, Two Pointers, Binary Search, Dynamic Programming, Bit Manipulation, Meet in the Middle, Sorting, Ordered Set, Bitmask"
MEDIUM,Smallest Number in Infinite Set,14.4,0.7067,https://leetcode.com/problems/smallest-number-in-infinite-set,"Hash Table, Design, Heap (Priority Queue), Ordered Set"
EASY,Count Largest Group,14.4,0.7466,https://leetcode.com/problems/count-largest-group,"Hash Table, Math, Counting"
EASY,Sort the People,14.4,0.8481,https://leetcode.com/problems/sort-the-people,"Array, Hash Table, String, Sorting"
MEDIUM,Reorder Routes to Make All Paths Lead to the City Zero,14.4,0.6618,https://leetcode.com/problems/reorder-routes-to-make-all-paths-lead-to-the-city-zero,"Depth-First Search, Breadth-First Search, Graph Theory"
HARD,Count Number of Trapezoids II,14.4,0.3972,https://leetcode.com/problems/count-number-of-trapezoids-ii,"Array, Hash Table, Math, Geometry"
HARD,Count of Range Sum,14.4,0.3998,https://leetcode.com/problems/count-of-range-sum,"Array, Binary Search, Divide and Conquer, Binary Indexed Tree, Segment Tree, Merge Sort, Ordered Set, Treap"
EASY,Fix Names in a Table,14.4,0.6074,https://leetcode.com/problems/fix-names-in-a-table,Database
HARD,Collect Coins in a Tree,14.4,0.4005,https://leetcode.com/problems/collect-coins-in-a-tree,"Array, Tree, Graph Theory, Topological Sort"
MEDIUM,Department Highest Salary,14.4,0.5963,https://leetcode.com/problems/department-highest-salary,Database
MEDIUM,Exchange Seats,14.4,0.7494,https://leetcode.com/problems/exchange-seats,Database
EASY,Find Words Containing Character,14.4,0.9022,https://leetcode.com/problems/find-words-containing-character,"Array, String"
EASY,Find Smallest Letter Greater Than Target,14.4,0.5971,https://leetcode.com/problems/find-smallest-letter-greater-than-target,"Array, Binary Search"
EASY,Game Play Analysis I,14.4,0.7674,https://leetcode.com/problems/game-play-analysis-i,Database
EASY,Find Books with No Available Copies,14.4,0.5572,https://leetcode.com/problems/find-books-with-no-available-copies,Database
EASY,Product Sales Analysis I,14.4,0.8627,https://leetcode.com/problems/product-sales-analysis-i,Database
MEDIUM,Count Square Submatrices with All Ones,14.4,0.8086,https://leetcode.com/problems/count-square-submatrices-with-all-ones,"Array, Dynamic Programming, Matrix"
MEDIUM,Count Total Number of Colored Cells,14.4,0.6620,https://leetcode.com/problems/count-total-number-of-colored-cells,Math
HARD,Shortest Common Supersequence ,14.4,0.6232,https://leetcode.com/problems/shortest-common-supersequence,"String, Dynamic Programming, Longest Common Subsequence"
EASY,Find Most Frequent Vowel and Consonant,14.4,0.8896,https://leetcode.com/problems/find-most-frequent-vowel-and-consonant,"Hash Table, String, Counting"
EASY,Last Stone Weight,14.4,0.6680,https://leetcode.com/problems/last-stone-weight,"Array, Heap (Priority Queue)"
HARD,Number of Ways to Form a Target String Given a Dictionary,14.4,0.5625,https://leetcode.com/problems/number-of-ways-to-form-a-target-string-given-a-dictionary,"Array, String, Dynamic Programming"
EASY,Array Prototype Last,14.4,0.7468,https://leetcode.com/problems/array-prototype-last,
EASY,Merge Two 2D Arrays by Summing Values,14.4,0.8163,https://leetcode.com/problems/merge-two-2d-arrays-by-summing-values,"Array, Hash Table, Two Pointers"
EASY,Counter,14.4,0.8244,https://leetcode.com/problems/counter,
EASY,Number of Strings That Appear as Substrings in Word,14.4,0.8622,https://leetcode.com/problems/number-of-strings-that-appear-as-substrings-in-word,"Array, String"
EASY,Nim Game,14.4,0.6056,https://leetcode.com/problems/nim-game,"Math, Brainteaser, Minimax, Game Theory, Nim Game, Impartial Game"
HARD,Block Placement Queries,14.4,0.4099,https://leetcode.com/problems/block-placement-queries,"Array, Binary Search, Binary Indexed Tree, Segment Tree, Ordered Set"
EASY,Maximum Difference Between Increasing Elements,14.4,0.6668,https://leetcode.com/problems/maximum-difference-between-increasing-elements,Array
MEDIUM,Make Sum Divisible by P,14.4,0.4260,https://leetcode.com/problems/make-sum-divisible-by-p,"Array, Hash Table, Prefix Sum"
MEDIUM,Domino and Tromino Tiling,14.4,0.5121,https://leetcode.com/problems/domino-and-tromino-tiling,Dynamic Programming
MEDIUM,Delete the Middle Node of a Linked List,14.4,0.6089,https://leetcode.com/problems/delete-the-middle-node-of-a-linked-list,"Linked List, Two Pointers"
EASY,  Count Symmetric Integers,14.4,0.8318,https://leetcode.com/problems/count-symmetric-integers,"Math, Enumeration"
EASY,How Many Numbers Are Smaller Than the Current Number,14.4,0.8747,https://leetcode.com/problems/how-many-numbers-are-smaller-than-the-current-number,"Array, Hash Table, Sorting, Counting Sort"
MEDIUM,The k-th Lexicographical String of All Happy Strings of Length n,14.4,0.8708,https://leetcode.com/problems/the-k-th-lexicographical-string-of-all-happy-strings-of-length-n,"String, Backtracking"
EASY,Check If N and Its Double Exist,14.4,0.4207,https://leetcode.com/problems/check-if-n-and-its-double-exist,"Array, Hash Table, Two Pointers, Binary Search, Sorting"
HARD,Sum of k-Mirror Numbers,14.4,0.6355,https://leetcode.com/problems/sum-of-k-mirror-numbers,"Math, Enumeration"
HARD,Find the Maximum Sum of Node Values,14.4,0.6908,https://leetcode.com/problems/find-the-maximum-sum-of-node-values,"Array, Dynamic Programming, Greedy, Bit Manipulation, Tree, Sorting"
EASY,Root Equals Sum of Children,14.4,0.8520,https://leetcode.com/problems/root-equals-sum-of-children,"Tree, Binary Tree"
HARD,LFU Cache,14.4,0.5033,https://leetcode.com/problems/lfu-cache,"Hash Table, Linked List, Design, Doubly-Linked List"
MEDIUM,Successful Pairs of Spells and Potions,14.4,0.4989,https://leetcode.com/problems/successful-pairs-of-spells-and-potions,"Array, Two Pointers, Binary Search, Sorting"
MEDIUM,Maximum Product of Splitted Binary Tree,14.4,0.5578,https://leetcode.com/problems/maximum-product-of-splitted-binary-tree,"Tree, Depth-First Search, Binary Tree"
EASY,Find the Difference,14.4,0.6074,https://leetcode.com/problems/find-the-difference,"Hash Table, String, Bit Manipulation, Sorting"
EASY,Minimum Distance Between BST Nodes,14.4,0.6190,https://leetcode.com/problems/minimum-distance-between-bst-nodes,"Tree, Depth-First Search, Breadth-First Search, Binary Search Tree, Binary Tree"
MEDIUM,Maximum Candies Allocated to K Children,14.4,0.4989,https://leetcode.com/problems/maximum-candies-allocated-to-k-children,"Array, Binary Search"
MEDIUM,Hand of Straights,14.4,0.5843,https://leetcode.com/problems/hand-of-straights,"Array, Hash Table, Greedy, Sorting"
HARD,Find the Count of Good Integers,14.4,0.6927,https://leetcode.com/problems/find-the-count-of-good-integers,"Hash Table, Math, Combinatorics, Enumeration"
MEDIUM,Mini Parser,14.4,0.4372,https://leetcode.com/problems/mini-parser,"String, Stack, Depth-First Search"
MEDIUM,Split Linked List in Parts,14.4,0.7075,https://leetcode.com/problems/split-linked-list-in-parts,Linked List
MEDIUM,Maximum Number of Operations to Move Ones to the End,14.4,0.6692,https://leetcode.com/problems/maximum-number-of-operations-to-move-ones-to-the-end,"String, Greedy, Counting"
HARD,Maximum Profit in Job Scheduling,14.4,0.5484,https://leetcode.com/problems/maximum-profit-in-job-scheduling,"Array, Binary Search, Dynamic Programming, Sorting"
EASY,Maximum Population Year,14.4,0.6473,https://leetcode.com/problems/maximum-population-year,"Array, Counting, Prefix Sum"
MEDIUM,Letter Tile Possibilities,14.4,0.8353,https://leetcode.com/problems/letter-tile-possibilities,"Hash Table, String, Backtracking, Counting"
EASY,To Lower Case,14.4,0.8520,https://leetcode.com/problems/to-lower-case,String
MEDIUM,Distribute Candies Among Children II,14.4,0.5537,https://leetcode.com/problems/distribute-candies-among-children-ii,"Math, Combinatorics, Enumeration"
EASY,Count Square Sum Triples,14.4,0.7718,https://leetcode.com/problems/count-square-sum-triples,"Math, Enumeration"
EASY,Power of Four,14.4,0.5266,https://leetcode.com/problems/power-of-four,"Math, Bit Manipulation, Recursion"
HARD,Dungeon Game,14.4,0.4236,https://leetcode.com/problems/dungeon-game,"Array, Dynamic Programming, Matrix"
HARD,Maximum Sum BST in Binary Tree,14.4,0.4903,https://leetcode.com/problems/maximum-sum-bst-in-binary-tree,"Dynamic Programming, Tree, Depth-First Search, Binary Search Tree, Binary Tree, DP on Trees"
EASY,Sign of the Product of an Array,14.4,0.6465,https://leetcode.com/problems/sign-of-the-product-of-an-array,"Array, Math"
EASY,Three Consecutive Odds,14.4,0.6931,https://leetcode.com/problems/three-consecutive-odds,Array
HARD,Put Marbles in Bags,14.4,0.7204,https://leetcode.com/problems/put-marbles-in-bags,"Array, Greedy, Sorting, Heap (Priority Queue)"
EASY,Divisible and Non-divisible Sums Difference,14.4,0.9100,https://leetcode.com/problems/divisible-and-non-divisible-sums-difference,Math
MEDIUM,Confirmation Rate,14.4,0.6286,https://leetcode.com/problems/confirmation-rate,Database
MEDIUM,Maximize Active Section with Trade I,14.4,0.6064,https://leetcode.com/problems/maximize-active-section-with-trade-i,"String, Enumeration"
MEDIUM,Find Largest Value in Each Tree Row,12.5,0.6640,https://leetcode.com/problems/find-largest-value-in-each-tree-row,"Tree, Depth-First Search, Breadth-First Search, Binary Tree"
HARD,Reconstruct Itinerary,12.5,0.4505,https://leetcode.com/problems/reconstruct-itinerary,"Array, String, Depth-First Search, Graph Theory, Sorting, Heap (Priority Queue), Eulerian Circuit, Eulerian Path, Semi-Eulerian Graph"
MEDIUM,Knight Dialer,12.5,0.6220,https://leetcode.com/problems/knight-dialer,Dynamic Programming
MEDIUM,Rotated Digits,12.5,0.6415,https://leetcode.com/problems/rotated-digits,"Math, Dynamic Programming"
MEDIUM,Binary Tree Longest Consecutive Sequence,12.5,0.5488,https://leetcode.com/problems/binary-tree-longest-consecutive-sequence,"Tree, Depth-First Search, Binary Tree, DP on Trees"
MEDIUM,Number of Connected Components in an Undirected Graph,12.5,0.6516,https://leetcode.com/problems/number-of-connected-components-in-an-undirected-graph,"Depth-First Search, Breadth-First Search, Union-Find, Graph Theory"
HARD,Max Stack,12.5,0.4605,https://leetcode.com/problems/max-stack,"Linked List, Stack, Design, Doubly-Linked List, Ordered Set"
MEDIUM,Queue Reconstruction by Height,12.5,0.7507,https://leetcode.com/problems/queue-reconstruction-by-height,"Array, Binary Indexed Tree, Segment Tree, Sorting"
HARD,Palindrome Pairs,12.5,0.3765,https://leetcode.com/problems/palindrome-pairs,"Array, Hash Table, String, Trie, Hash Function"
MEDIUM,UTF-8 Validation,12.5,0.4671,https://leetcode.com/problems/utf-8-validation,"Array, Bit Manipulation"
MEDIUM,Maximum Difference Between Node and Ancestor,12.5,0.7827,https://leetcode.com/problems/maximum-difference-between-node-and-ancestor,"Tree, Depth-First Search, Binary Tree"
EASY,Cousins in Binary Tree,12.5,0.5985,https://leetcode.com/problems/cousins-in-binary-tree,"Tree, Depth-First Search, Breadth-First Search, Binary Tree"
MEDIUM,Minimum Insertions to Balance a Parentheses String,12.5,0.5373,https://leetcode.com/problems/minimum-insertions-to-balance-a-parentheses-string,"String, Stack, Greedy, Bracket Sequences"
MEDIUM,Search Suggestions System,12.5,0.6524,https://leetcode.com/problems/search-suggestions-system,"Array, String, Binary Search, Trie, Sorting, Heap (Priority Queue)"
MEDIUM,Swapping Nodes in a Linked List,12.5,0.6983,https://leetcode.com/problems/swapping-nodes-in-a-linked-list,"Linked List, Two Pointers"
MEDIUM,Minimum Operations to Make a Uni-Value Grid,12.5,0.7080,https://leetcode.com/problems/minimum-operations-to-make-a-uni-value-grid,"Array, Math, Sorting, Matrix"
MEDIUM,4Sum II,12.5,0.5823,https://leetcode.com/problems/4sum-ii,"Array, Hash Table"
MEDIUM,Convert BST to Greater Tree,12.5,0.7199,https://leetcode.com/problems/convert-bst-to-greater-tree,"Tree, Depth-First Search, Binary Search Tree, Binary Tree"
EASY,Replace Elements with Greatest Element on Right Side,12.5,0.7268,https://leetcode.com/problems/replace-elements-with-greatest-element-on-right-side,Array
MEDIUM,Construct String from Binary Tree,12.5,0.7094,https://leetcode.com/problems/construct-string-from-binary-tree,"String, Tree, Depth-First Search, Binary Tree"
EASY,Rectangle Overlap,12.5,0.5340,https://leetcode.com/problems/rectangle-overlap,"Math, Geometry"
HARD,Maximum Frequency Stack,12.5,0.6712,https://leetcode.com/problems/maximum-frequency-stack,"Hash Table, Stack, Design, Ordered Set"
MEDIUM,Two City Scheduling,12.5,0.6899,https://leetcode.com/problems/two-city-scheduling,"Array, Greedy, Sorting, Hungarian Algorithm, Successive Shortest Path Algorithm"
EASY,Find Target Indices After Sorting Array,12.5,0.7834,https://leetcode.com/problems/find-target-indices-after-sorting-array,"Array, Binary Search, Sorting"
MEDIUM,Clone Binary Tree With Random Pointer,12.5,0.8112,https://leetcode.com/problems/clone-binary-tree-with-random-pointer,"Hash Table, Tree, Depth-First Search, Breadth-First Search, Binary Tree"
EASY,Buddy Strings,12.5,0.3427,https://leetcode.com/problems/buddy-strings,"Hash Table, String"
EASY,Reverse Words in a String III,12.5,0.8418,https://leetcode.com/problems/reverse-words-in-a-string-iii,"Two Pointers, String"
MEDIUM,Bulls and Cows,12.5,0.5304,https://leetcode.com/problems/bulls-and-cows,"Hash Table, String, Counting"
HARD,Basic Calculator III,12.5,0.5354,https://leetcode.com/problems/basic-calculator-iii,"Math, String, Stack, Recursion"
MEDIUM,Minimum Area Rectangle,12.5,0.5557,https://leetcode.com/problems/minimum-area-rectangle,"Array, Hash Table, Math, Geometry, Sorting"
MEDIUM,Shuffle an Array,12.5,0.6004,https://leetcode.com/problems/shuffle-an-array,"Array, Math, Design, Randomized"
MEDIUM,Shortest Way to Form String,12.5,0.6183,https://leetcode.com/problems/shortest-way-to-form-string,"Two Pointers, String, Binary Search, Greedy"
MEDIUM,Longest Substring with At Most K Distinct Characters,12.5,0.5015,https://leetcode.com/problems/longest-substring-with-at-most-k-distinct-characters,"Hash Table, String, Sliding Window"
MEDIUM,Sort Transformed Array,12.5,0.5830,https://leetcode.com/problems/sort-transformed-array,"Array, Math, Two Pointers, Sorting"
HARD,Smallest Range Covering Elements from K Lists,12.5,0.7039,https://leetcode.com/problems/smallest-range-covering-elements-from-k-lists,"Array, Hash Table, Greedy, Sliding Window, Sorting, Heap (Priority Queue)"
MEDIUM,Word Frequency,12.5,0.3017,https://leetcode.com/problems/word-frequency,Shell
MEDIUM,Spiral Matrix III,12.5,0.8461,https://leetcode.com/problems/spiral-matrix-iii,"Array, Matrix, Simulation"
HARD,Maximum Vacation Days,12.5,0.4683,https://leetcode.com/problems/maximum-vacation-days,"Array, Dynamic Programming, Matrix"
MEDIUM,Nth Digit,12.5,0.3903,https://leetcode.com/problems/nth-digit,"Math, Binary Search"
MEDIUM,Binary Tree Longest Consecutive Sequence II,12.5,0.5018,https://leetcode.com/problems/binary-tree-longest-consecutive-sequence-ii,"Tree, Depth-First Search, Binary Tree, DP on Trees"
MEDIUM,Nested List Weight Sum II,12.5,0.6714,https://leetcode.com/problems/nested-list-weight-sum-ii,"Stack, Depth-First Search, Breadth-First Search"
HARD,Similar String Groups,12.5,0.5663,https://leetcode.com/problems/similar-string-groups,"Array, Hash Table, String, Depth-First Search, Breadth-First Search, Union-Find"
MEDIUM,Longest Substring with At Least K Repeating Characters,12.5,0.4676,https://leetcode.com/problems/longest-substring-with-at-least-k-repeating-characters,"Hash Table, String, Divide and Conquer, Sliding Window"
MEDIUM,Permutations II,12.5,0.6426,https://leetcode.com/problems/permutations-ii,"Array, Backtracking, Sorting"
MEDIUM,Rectangle Area,12.5,0.5043,https://leetcode.com/problems/rectangle-area,"Math, Geometry"
HARD,Find the Closest Palindrome,12.5,0.3213,https://leetcode.com/problems/find-the-closest-palindrome,"Math, String"
HARD,Stream of Characters,12.5,0.5293,https://leetcode.com/problems/stream-of-characters,"Array, String, Design, Trie, Data Stream, Aho–Corasick Algorithm"
MEDIUM,Generate Random Point in a Circle,12.5,0.4386,https://leetcode.com/problems/generate-random-point-in-a-circle,"Math, Geometry, Rejection Sampling, Randomized"
MEDIUM,Design Circular Deque,12.5,0.6507,https://leetcode.com/problems/design-circular-deque,"Array, Linked List, Design, Queue"
MEDIUM,Linked List Random Node,12.5,0.6524,https://leetcode.com/problems/linked-list-random-node,"Linked List, Math, Reservoir Sampling, Randomized"
HARD,Employee Free Time,12.5,0.7302,https://leetcode.com/problems/employee-free-time,"Array, Sweep Line, Sorting, Heap (Priority Queue)"
MEDIUM,The Maze II,12.5,0.5524,https://leetcode.com/problems/the-maze-ii,"Array, Depth-First Search, Breadth-First Search, Graph Theory, Heap (Priority Queue), Matrix, Shortest Path, Dijkstra's Algorithm, Heuristic Search, A* Search"
MEDIUM,Print Binary Tree,12.5,0.6702,https://leetcode.com/problems/print-binary-tree,"Tree, Depth-First Search, Breadth-First Search, Binary Tree"
MEDIUM,Maximum Binary Tree,12.5,0.8587,https://leetcode.com/problems/maximum-binary-tree,"Array, Divide and Conquer, Stack, Tree, Monotonic Stack, Binary Tree, Cartesian Tree"
MEDIUM,Possible Bipartition,12.5,0.5311,https://leetcode.com/problems/possible-bipartition,"Depth-First Search, Breadth-First Search, Union-Find, Graph Theory, Graph Coloring, Bipartite Graph"
MEDIUM,Construct Binary Tree from Preorder and Postorder Traversal,12.5,0.7811,https://leetcode.com/problems/construct-binary-tree-from-preorder-and-postorder-traversal,"Array, Hash Table, Divide and Conquer, Tree, Binary Tree"
MEDIUM,Construct Binary Tree from Inorder and Postorder Traversal,12.5,0.6967,https://leetcode.com/problems/construct-binary-tree-from-inorder-and-postorder-traversal,"Array, Hash Table, Divide and Conquer, Tree, Binary Tree"
MEDIUM,Factorial Trailing Zeroes,12.5,0.4747,https://leetcode.com/problems/factorial-trailing-zeroes,Math
MEDIUM,Snapshot Array,12.5,0.3682,https://leetcode.com/problems/snapshot-array,"Array, Hash Table, Binary Search, Design, Persistent Data Structure"
MEDIUM,Perfect Squares,12.5,0.5692,https://leetcode.com/problems/perfect-squares,"Math, Dynamic Programming, Breadth-First Search, Knapsack Problem, Complete Knapsack"
MEDIUM,Vowel Spellchecker,12.5,0.6146,https://leetcode.com/problems/vowel-spellchecker,"Array, Hash Table, String"
HARD,Sliding Puzzle,12.5,0.7463,https://leetcode.com/problems/sliding-puzzle,"Array, Dynamic Programming, Backtracking, Breadth-First Search, Memoization, Matrix, Heuristic Search, Bidirectional Search, A* Search"
HARD,Number of Ways to Paint N × 3 Grid,12.5,0.8059,https://leetcode.com/problems/number-of-ways-to-paint-n-3-grid,"Dynamic Programming, Graph Coloring"
MEDIUM,Longest Repeating Substring,12.5,0.6345,https://leetcode.com/problems/longest-repeating-substring,"String, Binary Search, Dynamic Programming, Rolling Hash, Suffix Array, Hash Function, Suffix Automaton, Suffix Tree"
MEDIUM,Find Duplicate Subtrees,12.5,0.6089,https://leetcode.com/problems/find-duplicate-subtrees,"Hash Table, Tree, Depth-First Search, Binary Tree"
MEDIUM,Partition to K Equal Sum Subsets,12.5,0.3890,https://leetcode.com/problems/partition-to-k-equal-sum-subsets,"Array, Dynamic Programming, Backtracking, Bit Manipulation, Memoization, Bitmask"
EASY,Find the Town Judge,12.5,0.5112,https://leetcode.com/problems/find-the-town-judge,"Array, Hash Table, Graph Theory"
MEDIUM,Distribute Coins in Binary Tree,12.5,0.7739,https://leetcode.com/problems/distribute-coins-in-binary-tree,"Tree, Depth-First Search, Binary Tree, DP on Trees"
MEDIUM,Minimum Height Trees,12.5,0.4285,https://leetcode.com/problems/minimum-height-trees,"Depth-First Search, Breadth-First Search, Graph Theory, Topological Sort"
HARD,24 Game,12.5,0.5967,https://leetcode.com/problems/24-game,"Array, Math, Backtracking"
MEDIUM,House Robber III,12.5,0.5639,https://leetcode.com/problems/house-robber-iii,"Dynamic Programming, Tree, Depth-First Search, Binary Tree, DP on Trees"
MEDIUM,Insert into a Binary Search Tree,12.5,0.7365,https://leetcode.com/problems/insert-into-a-binary-search-tree,"Tree, Binary Search Tree, Binary Tree"
EASY,Number of Days Between Two Dates,12.5,0.5362,https://leetcode.com/problems/number-of-days-between-two-dates,"Math, String"
HARD,Find Minimum in Rotated Sorted Array II,12.5,0.4704,https://leetcode.com/problems/find-minimum-in-rotated-sorted-array-ii,"Array, Binary Search"
EASY,Flipping an Image,12.5,0.8404,https://leetcode.com/problems/flipping-an-image,"Array, Two Pointers, Bit Manipulation, Matrix, Simulation"
EASY,N-th Tribonacci Number,12.5,0.6304,https://leetcode.com/problems/n-th-tribonacci-number,"Math, Dynamic Programming, Memoization"
EASY,Find N Unique Integers Sum up to Zero,12.5,0.7846,https://leetcode.com/problems/find-n-unique-integers-sum-up-to-zero,"Array, Math"
HARD,Subarrays with K Different Integers,12.5,0.6909,https://leetcode.com/problems/subarrays-with-k-different-integers,"Array, Hash Table, Sliding Window, Counting"
MEDIUM,Minimum Number of Vertices to Reach All Nodes,12.5,0.8178,https://leetcode.com/problems/minimum-number-of-vertices-to-reach-all-nodes,"Graph Theory, Directed Acyclic Graph"
MEDIUM,All Paths From Source to Target,12.5,0.8381,https://leetcode.com/problems/all-paths-from-source-to-target,"Backtracking, Depth-First Search, Breadth-First Search, Graph Theory, Directed Acyclic Graph"
MEDIUM,Complete Binary Tree Inserter,12.5,0.6529,https://leetcode.com/problems/complete-binary-tree-inserter,"Tree, Breadth-First Search, Design, Binary Tree"
HARD,Minimum Cost to Cut a Stick,12.5,0.6346,https://leetcode.com/problems/minimum-cost-to-cut-a-stick,"Array, Dynamic Programming, Sorting"
MEDIUM,Minimum Number of Swaps to Make the String Balanced,12.5,0.7806,https://leetcode.com/problems/minimum-number-of-swaps-to-make-the-string-balanced,"Two Pointers, String, Stack, Greedy, Bracket Sequences"
MEDIUM,Detect Cycles in 2D Grid,12.5,0.6366,https://leetcode.com/problems/detect-cycles-in-2d-grid,"Array, Depth-First Search, Breadth-First Search, Union-Find, Matrix"
HARD,Department Top Three Salaries,12.5,0.6191,https://leetcode.com/problems/department-top-three-salaries,Database
MEDIUM,Maximum Sum of Distinct Subarrays With Length K,12.5,0.4354,https://leetcode.com/problems/maximum-sum-of-distinct-subarrays-with-length-k,"Array, Hash Table, Sliding Window"
HARD,Find Critical and Pseudo-Critical Edges in Minimum Spanning Tree,12.5,0.6679,https://leetcode.com/problems/find-critical-and-pseudo-critical-edges-in-minimum-spanning-tree,"Union-Find, Graph Theory, Sorting, Minimum Spanning Tree, Strongly Connected Component, Prim's Algorithm, Kruskal's Algorithm, Borůvka's Algorithm"
HARD,Range Module,12.5,0.4554,https://leetcode.com/problems/range-module,"Design, Segment Tree, Ordered Set"
HARD,Recover a Tree From Preorder Traversal,12.5,0.8323,https://leetcode.com/problems/recover-a-tree-from-preorder-traversal,"String, Tree, Depth-First Search, Binary Tree"
MEDIUM,Maximize the Confusion of an Exam,12.5,0.7060,https://leetcode.com/problems/maximize-the-confusion-of-an-exam,"String, Binary Search, Sliding Window, Prefix Sum"
EASY,Find Common Elements Between Two Arrays,12.5,0.8473,https://leetcode.com/problems/find-common-elements-between-two-arrays,"Array, Hash Table"
HARD,Check if an Original String Exists Given Two Encoded Strings,12.5,0.4353,https://leetcode.com/problems/check-if-an-original-string-exists-given-two-encoded-strings,"String, Dynamic Programming"
MEDIUM,K-th Symbol in Grammar,12.5,0.4876,https://leetcode.com/problems/k-th-symbol-in-grammar,"Math, Bit Manipulation, Recursion"
HARD,Minimum Number of Taps to Open to Water a Garden,12.5,0.5109,https://leetcode.com/problems/minimum-number-of-taps-to-open-to-water-a-garden,"Array, Dynamic Programming, Greedy"
MEDIUM,Longest String Chain,12.5,0.6352,https://leetcode.com/problems/longest-string-chain,"Array, Hash Table, Two Pointers, String, Dynamic Programming, Sorting"
EASY,Image Smoother,12.5,0.6988,https://leetcode.com/problems/image-smoother,"Array, Matrix"
MEDIUM,Single-Threaded CPU,12.5,0.4823,https://leetcode.com/problems/single-threaded-cpu,"Array, Sorting, Heap (Priority Queue)"
MEDIUM,Longest Arithmetic Subsequence of Given Difference,12.5,0.5431,https://leetcode.com/problems/longest-arithmetic-subsequence-of-given-difference,"Array, Hash Table, Dynamic Programming"
MEDIUM,Max Sum of a Pair With Equal Sum of Digits,12.5,0.6592,https://leetcode.com/problems/max-sum-of-a-pair-with-equal-sum-of-digits,"Array, Hash Table, Sorting, Heap (Priority Queue)"
MEDIUM,Knight Probability in Chessboard,12.5,0.5732,https://leetcode.com/problems/knight-probability-in-chessboard,Dynamic Programming
MEDIUM,Binary Tree Level Order Traversal II,12.5,0.6915,https://leetcode.com/problems/binary-tree-level-order-traversal-ii,"Tree, Breadth-First Search, Binary Tree"
MEDIUM,Distant Barcodes,12.5,0.4955,https://leetcode.com/problems/distant-barcodes,"Array, Hash Table, Greedy, Sorting, Heap (Priority Queue), Counting"
MEDIUM,Split a String Into the Max Number of Unique Substrings,12.5,0.6880,https://leetcode.com/problems/split-a-string-into-the-max-number-of-unique-substrings,"Hash Table, String, Backtracking"
EASY,The Number of Employees Which Report to Each Employee,12.5,0.5396,https://leetcode.com/problems/the-number-of-employees-which-report-to-each-employee,Database
MEDIUM,Longest Palindrome After Substring Concatenation I,12.5,0.4367,https://leetcode.com/problems/longest-palindrome-after-substring-concatenation-i,"Two Pointers, String, Dynamic Programming, Enumeration"
MEDIUM,Count Number of Rectangles Containing Each Point,12.5,0.3797,https://leetcode.com/problems/count-number-of-rectangles-containing-each-point,"Array, Hash Table, Binary Search, Binary Indexed Tree, Sorting"
EASY,Minimum Value to Get Positive Step by Step Sum,12.5,0.6493,https://leetcode.com/problems/minimum-value-to-get-positive-step-by-step-sum,"Array, Prefix Sum"
EASY,Minimum Cost to Move Chips to The Same Position,12.5,0.7328,https://leetcode.com/problems/minimum-cost-to-move-chips-to-the-same-position,"Array, Math, Greedy"
MEDIUM,Lexicographically Smallest Equivalent String,12.5,0.8112,https://leetcode.com/problems/lexicographically-smallest-equivalent-string,"String, Union-Find"
MEDIUM,Count Vowel Strings in Ranges,12.5,0.6790,https://leetcode.com/problems/count-vowel-strings-in-ranges,"Array, String, Prefix Sum"
MEDIUM,Bitwise AND of Numbers Range,12.5,0.4924,https://leetcode.com/problems/bitwise-and-of-numbers-range,Bit Manipulation
EASY,Find Closest Person,12.5,0.8872,https://leetcode.com/problems/find-closest-person,Math
EASY,Guess Number Higher or Lower,12.5,0.5838,https://leetcode.com/problems/guess-number-higher-or-lower,"Binary Search, Interactive"
MEDIUM,Seat Reservation Manager,12.5,0.6748,https://leetcode.com/problems/seat-reservation-manager,"Design, Heap (Priority Queue)"
MEDIUM,Find All Possible Stable Binary Arrays I,12.5,0.5342,https://leetcode.com/problems/find-all-possible-stable-binary-arrays-i,"Dynamic Programming, Prefix Sum"
HARD,Last Day Where You Can Still Cross,12.5,0.6876,https://leetcode.com/problems/last-day-where-you-can-still-cross,"Array, Binary Search, Depth-First Search, Breadth-First Search, Union-Find, Matrix"
EASY,Timeout Cancellation,12.5,0.8954,https://leetcode.com/problems/timeout-cancellation,
EASY,Count of Matches in Tournament,12.5,0.8658,https://leetcode.com/problems/count-of-matches-in-tournament,"Math, Simulation"
EASY,Calculate Money in Leetcode Bank,12.5,0.8257,https://leetcode.com/problems/calculate-money-in-leetcode-bank,Math
EASY,Second Minimum Node In a Binary Tree,12.5,0.4640,https://leetcode.com/problems/second-minimum-node-in-a-binary-tree,"Tree, Depth-First Search, Binary Tree"
MEDIUM,Grumpy Bookstore Owner,12.5,0.6420,https://leetcode.com/problems/grumpy-bookstore-owner,"Array, Sliding Window"
MEDIUM,Find Unique Binary String,12.5,0.8124,https://leetcode.com/problems/find-unique-binary-string,"Array, Hash Table, String, Backtracking"
EASY,Maximum Value of an Ordered Triplet I,12.5,0.5808,https://leetcode.com/problems/maximum-value-of-an-ordered-triplet-i,"Array, Prefix Sum"
EASY,Divide Array Into Equal Pairs,12.5,0.7924,https://leetcode.com/problems/divide-array-into-equal-pairs,"Array, Hash Table, Bit Manipulation, Counting"
MEDIUM,Spiral Matrix IV,12.5,0.8236,https://leetcode.com/problems/spiral-matrix-iv,"Array, Linked List, Matrix, Simulation"
EASY,Find the Pivot Integer,12.5,0.8375,https://leetcode.com/problems/find-the-pivot-integer,"Math, Prefix Sum"
MEDIUM,Minimum Fuel Cost to Report to the Capital,12.5,0.6540,https://leetcode.com/problems/minimum-fuel-cost-to-report-to-the-capital,"Tree, Depth-First Search, Breadth-First Search, Graph Theory"
MEDIUM,Reverse Nodes in Even Length Groups,12.5,0.6535,https://leetcode.com/problems/reverse-nodes-in-even-length-groups,Linked List
MEDIUM,Increment Submatrices by One,12.5,0.7382,https://leetcode.com/problems/increment-submatrices-by-one,"Array, Matrix, Prefix Sum"
MEDIUM,Matchsticks to Square,12.5,0.4234,https://leetcode.com/problems/matchsticks-to-square,"Array, Dynamic Programming, Backtracking, Bit Manipulation, Bitmask"
MEDIUM,3Sum Smaller,12.5,0.5140,https://leetcode.com/problems/3sum-smaller,"Array, Two Pointers, Binary Search, Sorting"
MEDIUM,Jump Game VI,12.5,0.4662,https://leetcode.com/problems/jump-game-vi,"Array, Dynamic Programming, Queue, Heap (Priority Queue), Monotonic Queue"
MEDIUM,Minimize Maximum Pair Sum in Array,12.5,0.8326,https://leetcode.com/problems/minimize-maximum-pair-sum-in-array,"Array, Two Pointers, Greedy, Sorting"
MEDIUM,Furthest Building You Can Reach,12.5,0.5117,https://leetcode.com/problems/furthest-building-you-can-reach,"Array, Greedy, Heap (Priority Queue)"
MEDIUM,Maximum Twin Sum of a Linked List,12.5,0.8325,https://leetcode.com/problems/maximum-twin-sum-of-a-linked-list,"Linked List, Two Pointers, Stack"
EASY,Largest Local Values in a Matrix,12.5,0.8772,https://leetcode.com/problems/largest-local-values-in-a-matrix,"Array, Matrix"
MEDIUM,Count Numbers with Unique Digits,12.5,0.5629,https://leetcode.com/problems/count-numbers-with-unique-digits,"Math, Dynamic Programming, Backtracking"
EASY,Longest Uncommon Subsequence I,12.5,0.6269,https://leetcode.com/problems/longest-uncommon-subsequence-i,String
MEDIUM,Minimum Moves to Equal Array Elements,12.5,0.5916,https://leetcode.com/problems/minimum-moves-to-equal-array-elements,"Array, Math"
EASY,Sum of Root To Leaf Binary Numbers,12.5,0.7671,https://leetcode.com/problems/sum-of-root-to-leaf-binary-numbers,"Tree, Depth-First Search, Binary Tree"
MEDIUM,Split and Merge Array Transformation,12.5,0.5837,https://leetcode.com/problems/split-and-merge-array-transformation,"Array, Hash Table, Breadth-First Search"
MEDIUM,Longest Nice Subarray,12.5,0.6483,https://leetcode.com/problems/longest-nice-subarray,"Array, Bit Manipulation, Sliding Window"
MEDIUM,Champagne Tower,12.5,0.6392,https://leetcode.com/problems/champagne-tower,Dynamic Programming
MEDIUM,Move Pieces to Obtain a String,12.5,0.5659,https://leetcode.com/problems/move-pieces-to-obtain-a-string,"Two Pointers, String"
MEDIUM,Smallest Range II,12.5,0.3832,https://leetcode.com/problems/smallest-range-ii,"Array, Math, Greedy, Sorting"
EASY,Design Parking System,12.5,0.8720,https://leetcode.com/problems/design-parking-system,"Design, Simulation, Counting"
HARD,Strong Password Checker,12.5,0.1650,https://leetcode.com/problems/strong-password-checker,"String, Greedy, Heap (Priority Queue)"
EASY,Max Pair Sum in an Array,12.5,0.6140,https://leetcode.com/problems/max-pair-sum-in-an-array,"Array, Hash Table"
MEDIUM,Average Waiting Time,12.5,0.7315,https://leetcode.com/problems/average-waiting-time,"Array, Simulation"
EASY,String Matching in an Array,12.5,0.6986,https://leetcode.com/problems/string-matching-in-an-array,"Array, String, String Matching"
MEDIUM,Decoded String at Index,12.5,0.3756,https://leetcode.com/problems/decoded-string-at-index,"String, Stack"
MEDIUM,Count Complete Subarrays in an Array,12.5,0.7583,https://leetcode.com/problems/count-complete-subarrays-in-an-array,"Array, Hash Table, Sliding Window"
MEDIUM,3Sum With Multiplicity,12.5,0.4651,https://leetcode.com/problems/3sum-with-multiplicity,"Array, Hash Table, Two Pointers, Sorting, Counting"
MEDIUM,Number of Steps to Reduce a Number in Binary Representation to One,12.5,0.6374,https://leetcode.com/problems/number-of-steps-to-reduce-a-number-in-binary-representation-to-one,"String, Bit Manipulation, Simulation"
HARD,Minimum Score After Removals on a Tree,12.5,0.7594,https://leetcode.com/problems/minimum-score-after-removals-on-a-tree,"Array, Bit Manipulation, Tree, Depth-First Search"
MEDIUM,Minimum Operations to Convert All Elements to Zero,12.5,0.5283,https://leetcode.com/problems/minimum-operations-to-convert-all-elements-to-zero,"Array, Hash Table, Stack, Greedy, Monotonic Stack"
HARD,Maximum Building Height,12.5,0.6691,https://leetcode.com/problems/maximum-building-height,"Array, Math, Sorting"
MEDIUM,Eliminate Maximum Number of Monsters,12.5,0.5130,https://leetcode.com/problems/eliminate-maximum-number-of-monsters,"Array, Greedy, Sorting"
HARD,Number of Digit One,12.5,0.3993,https://leetcode.com/problems/number-of-digit-one,"Math, Dynamic Programming, Recursion"
MEDIUM,Solving Questions With Brainpower,12.5,0.6019,https://leetcode.com/problems/solving-questions-with-brainpower,"Array, Dynamic Programming"
HARD,Count Number of Balanced Permutations,12.5,0.4871,https://leetcode.com/problems/count-number-of-balanced-permutations,"Math, String, Dynamic Programming, Combinatorics"
MEDIUM,Most Profitable Path in a Tree,12.5,0.6730,https://leetcode.com/problems/most-profitable-path-in-a-tree,"Array, Tree, Depth-First Search, Breadth-First Search, Graph Theory"
EASY,Matrix Similarity After Cyclic Shifts,12.5,0.7412,https://leetcode.com/problems/matrix-similarity-after-cyclic-shifts,"Array, Math, Matrix, Simulation"
HARD,Kth Smallest Number in Multiplication Table,12.5,0.5508,https://leetcode.com/problems/kth-smallest-number-in-multiplication-table,"Math, Binary Search"
HARD,Trionic Array II,12.5,0.4714,https://leetcode.com/problems/trionic-array-ii,"Array, Dynamic Programming"
MEDIUM,Fraction Addition and Subtraction,12.5,0.6665,https://leetcode.com/problems/fraction-addition-and-subtraction,"Math, String, Simulation, Euclidean Algorithm, Greatest Common Divisor"
MEDIUM,Keys and Rooms,12.5,0.7628,https://leetcode.com/problems/keys-and-rooms,"Depth-First Search, Breadth-First Search, Graph Theory"
HARD,K-th Smallest in Lexicographical Order,12.5,0.4661,https://leetcode.com/problems/k-th-smallest-in-lexicographical-order,Trie
EASY,Sum of Digits of String After Convert,12.5,0.7484,https://leetcode.com/problems/sum-of-digits-of-string-after-convert,"String, Simulation"
HARD,Maximum Profit from Trading Stocks with Discounts,12.5,0.5594,https://leetcode.com/problems/maximum-profit-from-trading-stocks-with-discounts,"Array, Dynamic Programming, Tree, Depth-First Search"
MEDIUM,Satisfiability of Equality Equations,12.5,0.5223,https://leetcode.com/problems/satisfiability-of-equality-equations,"Array, String, Union-Find, Graph Theory"
EASY,Number of Good Pairs,12.5,0.8994,https://leetcode.com/problems/number-of-good-pairs,"Array, Hash Table, Math, Counting"
MEDIUM,Maximum Total Damage With Spell Casting,12.5,0.4501,https://leetcode.com/problems/maximum-total-damage-with-spell-casting,"Array, Hash Table, Two Pointers, Binary Search, Dynamic Programming, Sorting, Counting"
HARD,Height of Binary Tree After Subtree Removal Queries,12.5,0.5494,https://leetcode.com/problems/height-of-binary-tree-after-subtree-removal-queries,"Array, Tree, Depth-First Search, Breadth-First Search, Binary Tree"
MEDIUM,Lowest Common Ancestor of a Binary Tree IV,12.5,0.7963,https://leetcode.com/problems/lowest-common-ancestor-of-a-binary-tree-iv,"Hash Table, Tree, Depth-First Search, Binary Tree, Binary Lifting, Lowest Common Ancestor"
MEDIUM,Smallest Integer Divisible by K,12.5,0.5414,https://leetcode.com/problems/smallest-integer-divisible-by-k,"Hash Table, Math, Pigeonhole Principle"
MEDIUM,Jump Game VII,12.5,0.3568,https://leetcode.com/problems/jump-game-vii,"String, Dynamic Programming, Sliding Window, Prefix Sum"
MEDIUM,Find the Number of Ways to Place People I,12.5,0.6371,https://leetcode.com/problems/find-the-number-of-ways-to-place-people-i,"Array, Math, Geometry, Sorting, Enumeration"
EASY,Maximum Ascending Subarray Sum,12.5,0.6628,https://leetcode.com/problems/maximum-ascending-subarray-sum,Array
EASY,Minimum Operations to Make Array Sum Divisible by K,12.5,0.9194,https://leetcode.com/problems/minimum-operations-to-make-array-sum-divisible-by-k,"Array, Math"
MEDIUM,Maximum Number of Distinct Elements After Operations,12.5,0.5211,https://leetcode.com/problems/maximum-number-of-distinct-elements-after-operations,"Array, Greedy, Sorting"
MEDIUM,Step-By-Step Directions From a Binary Tree Node to Another,12.5,0.5651,https://leetcode.com/problems/step-by-step-directions-from-a-binary-tree-node-to-another,"String, Tree, Depth-First Search, Binary Tree, Binary Lifting, Lowest Common Ancestor"
HARD,Length of the Longest Valid Substring,12.5,0.3844,https://leetcode.com/problems/length-of-the-longest-valid-substring,"Array, Hash Table, String, Sliding Window"
EASY,Minimum Number of Operations to Make Elements in Array Distinct,12.5,0.7106,https://leetcode.com/problems/minimum-number-of-operations-to-make-elements-in-array-distinct,"Array, Hash Table"
HARD,Minimum Operations to Make Array Elements Zero,12.5,0.6007,https://leetcode.com/problems/minimum-operations-to-make-array-elements-zero,"Array, Math, Bit Manipulation"
MEDIUM,Reach a Number,12.5,0.4571,https://leetcode.com/problems/reach-a-number,"Math, Binary Search"
EASY,Remove Digit From Number to Maximize Result,12.5,0.4887,https://leetcode.com/problems/remove-digit-from-number-to-maximize-result,"String, Greedy, Enumeration"
HARD,Perfect Rectangle,12.5,0.3939,https://leetcode.com/problems/perfect-rectangle,"Array, Hash Table, Math, Geometry, Sweep Line"
HARD,The Earliest and Latest Rounds Where Players Compete,12.5,0.7198,https://leetcode.com/problems/the-earliest-and-latest-rounds-where-players-compete,"Dynamic Programming, Memoization"
MEDIUM,Remove Nodes From Linked List,12.5,0.7525,https://leetcode.com/problems/remove-nodes-from-linked-list,"Linked List, Stack, Recursion, Monotonic Stack"
HARD,Maximum Number of Points From Grid Queries,12.5,0.5922,https://leetcode.com/problems/maximum-number-of-points-from-grid-queries,"Array, Two Pointers, Breadth-First Search, Union-Find, Sorting, Heap (Priority Queue), Matrix"
EASY,Minimum Difference Between Highest and Lowest of K Scores,12.5,0.6645,https://leetcode.com/problems/minimum-difference-between-highest-and-lowest-of-k-scores,"Array, Sliding Window, Sorting"
EASY,Logger Rate Limiter,12.5,0.7691,https://leetcode.com/problems/logger-rate-limiter,"Hash Table, Design, Data Stream"
MEDIUM,Maximum Number of Vowels in a Substring of Given Length,12.5,0.6300,https://leetcode.com/problems/maximum-number-of-vowels-in-a-substring-of-given-length,"String, Sliding Window"
MEDIUM,Find the Power of K-Size Subarrays I,12.5,0.6188,https://leetcode.com/problems/find-the-power-of-k-size-subarrays-i,"Array, Sliding Window"
MEDIUM,Shortest Distance in a Plane,12.5,0.6090,https://leetcode.com/problems/shortest-distance-in-a-plane,"Database, Nearest Pair of Points"
MEDIUM,Minimum Operations to Make Binary Array Elements Equal to One I,12.5,0.8027,https://leetcode.com/problems/minimum-operations-to-make-binary-array-elements-equal-to-one-i,"Array, Bit Manipulation, Queue, Sliding Window, Prefix Sum"
MEDIUM,Magnetic Force Between Two Balls,12.5,0.7270,https://leetcode.com/problems/magnetic-force-between-two-balls,"Array, Binary Search, Sorting"
MEDIUM,My Calendar I,12.5,0.5841,https://leetcode.com/problems/my-calendar-i,"Array, Binary Search, Design, Segment Tree, Ordered Set"
MEDIUM,Construct the Minimum Bitwise Array II,12.5,0.6635,https://leetcode.com/problems/construct-the-minimum-bitwise-array-ii,"Array, Bit Manipulation"
HARD,IPO,12.5,0.5386,https://leetcode.com/problems/ipo,"Array, Greedy, Sorting, Heap (Priority Queue)"
EASY,Number of Students Unable to Eat Lunch,12.5,0.8004,https://leetcode.com/problems/number-of-students-unable-to-eat-lunch,"Array, Stack, Queue, Simulation"
MEDIUM,Push Dominoes,12.5,0.6308,https://leetcode.com/problems/push-dominoes,"Two Pointers, String, Dynamic Programming"
EASY,Number of Common Factors,12.5,0.8055,https://leetcode.com/problems/number-of-common-factors,"Math, Enumeration, Number Theory, Euclidean Algorithm, Greatest Common Divisor"
MEDIUM,Count Submatrices With All Ones,12.5,0.7101,https://leetcode.com/problems/count-submatrices-with-all-ones,"Array, Dynamic Programming, Stack, Matrix, Monotonic Stack"
MEDIUM,Find the Maximum Number of Elements in Subset,12.5,0.4228,https://leetcode.com/problems/find-the-maximum-number-of-elements-in-subset,"Array, Hash Table, Enumeration"
EASY,Find the Peaks,12.5,0.7524,https://leetcode.com/problems/find-the-peaks,"Array, Enumeration"
HARD,Human Traffic of Stadium,12.5,0.5222,https://leetcode.com/problems/human-traffic-of-stadium,Database
HARD,Final Array State After K Multiplication Operations II,12.5,0.1391,https://leetcode.com/problems/final-array-state-after-k-multiplication-operations-ii,"Array, Heap (Priority Queue), Simulation"
EASY,Create Target Array in the Given Order,12.5,0.8664,https://leetcode.com/problems/create-target-array-in-the-given-order,"Array, Simulation"
EASY,Maximum Number of Balloons,12.5,0.6434,https://leetcode.com/problems/maximum-number-of-balloons,"Hash Table, String, Counting"
MEDIUM,Maximum Manhattan Distance After K Changes,12.5,0.5399,https://leetcode.com/problems/maximum-manhattan-distance-after-k-changes,"Hash Table, Math, String, Counting"
HARD,K Inverse Pairs Array,12.5,0.4903,https://leetcode.com/problems/k-inverse-pairs-array,Dynamic Programming
HARD,Course Schedule III,12.5,0.4223,https://leetcode.com/problems/course-schedule-iii,"Array, Greedy, Sorting, Heap (Priority Queue)"
HARD,Count the Number of Powerful Integers,12.5,0.4602,https://leetcode.com/problems/count-the-number-of-powerful-integers,"Math, String, Dynamic Programming"
MEDIUM,Maximize Area of Square Hole in Grid,12.5,0.6178,https://leetcode.com/problems/maximize-area-of-square-hole-in-grid,"Array, Sorting"
MEDIUM,Find a Safe Walk Through a Grid,12.5,0.5540,https://leetcode.com/problems/find-a-safe-walk-through-a-grid,"Array, Breadth-First Search, Graph Theory, Heap (Priority Queue), Matrix, Shortest Path"
MEDIUM,Smallest Subarrays With Maximum Bitwise OR,12.5,0.6192,https://leetcode.com/problems/smallest-subarrays-with-maximum-bitwise-or,"Array, Binary Search, Bit Manipulation, Sliding Window"
EASY,Pascal's Triangle II,12.5,0.6808,https://leetcode.com/problems/pascals-triangle-ii,"Array, Dynamic Programming"
MEDIUM,Adding Spaces to a String,12.5,0.7187,https://leetcode.com/problems/adding-spaces-to-a-string,"Array, Two Pointers, String, Simulation"
MEDIUM,Zero Array Transformation III,12.5,0.5441,https://leetcode.com/problems/zero-array-transformation-iii,"Array, Two Pointers, Greedy, Sorting, Heap (Priority Queue), Prefix Sum"
MEDIUM,Cyclically Rotating a Grid,12.5,0.7402,https://leetcode.com/problems/cyclically-rotating-a-grid,"Array, Matrix, Simulation"
MEDIUM,Course Schedule IV,12.5,0.6042,https://leetcode.com/problems/course-schedule-iv,"Depth-First Search, Breadth-First Search, Graph Theory, Topological Sort"
MEDIUM,Super Ugly Number,12.5,0.4664,https://leetcode.com/problems/super-ugly-number,"Array, Math, Dynamic Programming"
EASY,Destination City,12.5,0.7956,https://leetcode.com/problems/destination-city,"Array, Hash Table, String"
MEDIUM,Minimum Limit of Balls in a Bag,12.5,0.6587,https://leetcode.com/problems/minimum-limit-of-balls-in-a-bag,"Array, Binary Search"
MEDIUM,Construct K Palindrome Strings,12.5,0.6850,https://leetcode.com/problems/construct-k-palindrome-strings,"Hash Table, String, Greedy, Counting"
MEDIUM,Minimum ASCII Delete Sum for Two Strings,12.5,0.7118,https://leetcode.com/problems/minimum-ascii-delete-sum-for-two-strings,"String, Dynamic Programming, Longest Common Subsequence"
EASY,Complement of Base 10 Integer,12.5,0.6340,https://leetcode.com/problems/complement-of-base-10-integer,Bit Manipulation
MEDIUM,Transform Array to All Equal Elements,12.5,0.3340,https://leetcode.com/problems/transform-array-to-all-equal-elements,"Array, Greedy"
EASY,Intersection of Multiple Arrays,12.5,0.6879,https://leetcode.com/problems/intersection-of-multiple-arrays,"Array, Hash Table, Sorting, Counting"
MEDIUM,Dota2 Senate,12.5,0.5057,https://leetcode.com/problems/dota2-senate,"String, Greedy, Queue"
MEDIUM,Next Greater Numerically Balanced Number,12.5,0.6308,https://leetcode.com/problems/next-greater-numerically-balanced-number,"Hash Table, Math, Backtracking, Counting, Enumeration"
MEDIUM,Number of Laser Beams in a Bank,12.5,0.8698,https://leetcode.com/problems/number-of-laser-beams-in-a-bank,"Array, Math, String, Matrix"
HARD,Sum of Distances in Tree,12.5,0.6583,https://leetcode.com/problems/sum-of-distances-in-tree,"Dynamic Programming, Tree, Depth-First Search, Graph Theory, DP on Trees"
EASY,Display the First Three Rows,12.5,0.9298,https://leetcode.com/problems/display-the-first-three-rows,
HARD,Remove Boxes,12.5,0.4983,https://leetcode.com/problems/remove-boxes,"Array, Dynamic Programming, Memoization"
MEDIUM,Remove All Occurrences of a Substring,12.5,0.7870,https://leetcode.com/problems/remove-all-occurrences-of-a-substring,"String, Stack, Simulation"
MEDIUM,Divide Intervals Into Minimum Number of Groups,12.5,0.6354,https://leetcode.com/problems/divide-intervals-into-minimum-number-of-groups,"Array, Two Pointers, Greedy, Sorting, Heap (Priority Queue), Prefix Sum"
EASY,Apply Transform Over Each Element in Array,12.5,0.8615,https://leetcode.com/problems/apply-transform-over-each-element-in-array,
MEDIUM,Best Sightseeing Pair,12.5,0.6272,https://leetcode.com/problems/best-sightseeing-pair,"Array, Dynamic Programming"
HARD,Count Subarrays With Score Less Than K,12.5,0.6223,https://leetcode.com/problems/count-subarrays-with-score-less-than-k,"Array, Binary Search, Sliding Window, Prefix Sum"
MEDIUM,Minimum Moves to Reach Target Score,12.5,0.5268,https://leetcode.com/problems/minimum-moves-to-reach-target-score,"Math, Greedy"
HARD,Number of Submatrices That Sum to Target,12.5,0.7472,https://leetcode.com/problems/number-of-submatrices-that-sum-to-target,"Array, Hash Table, Matrix, Prefix Sum"
MEDIUM,Find Root of N-Ary Tree,12.5,0.7858,https://leetcode.com/problems/find-root-of-n-ary-tree,"Hash Table, Bit Manipulation, Tree, Depth-First Search"
MEDIUM,Transpose File,12.5,0.3396,https://leetcode.com/problems/transpose-file,Shell
EASY,Make Array Elements Equal to Zero,12.5,0.6814,https://leetcode.com/problems/make-array-elements-equal-to-zero,"Array, Simulation, Prefix Sum"
MEDIUM,Find Maximal Uncovered Ranges,12.5,0.5008,https://leetcode.com/problems/find-maximal-uncovered-ranges,"Array, Sorting"
EASY,Swap Sex of Employees,12.5,0.8500,https://leetcode.com/problems/swap-sex-of-employees,Database
HARD,Bus Routes,12.5,0.4756,https://leetcode.com/problems/bus-routes,"Array, Hash Table, Breadth-First Search"
EASY,Valid Phone Numbers,12.5,0.3107,https://leetcode.com/problems/valid-phone-numbers,Shell
HARD,Cherry Pickup,12.5,0.4055,https://leetcode.com/problems/cherry-pickup,"Array, Dynamic Programming, Matrix"
MEDIUM,Frequency Balance Subarray,12.5,0.2938,https://leetcode.com/problems/frequency-balance-subarray,"Array, Hash Table, Counting"
MEDIUM,Check if Number is a Sum of Powers of Three,12.5,0.7941,https://leetcode.com/problems/check-if-number-is-a-sum-of-powers-of-three,Math
EASY,Find Words That Can Be Formed by Characters,12.5,0.7177,https://leetcode.com/problems/find-words-that-can-be-formed-by-characters,"Array, Hash Table, String, Counting"
EASY,Check If Digits Are Equal in String After Operations I,12.5,0.8228,https://leetcode.com/problems/check-if-digits-are-equal-in-string-after-operations-i,"Math, String, Simulation, Combinatorics, Number Theory"
MEDIUM,Restaurant Growth,12.5,0.5996,https://leetcode.com/problems/restaurant-growth,Database
MEDIUM,Find Champion II,12.5,0.7020,https://leetcode.com/problems/find-champion-ii,Graph Theory
EASY,Reformat Department Table,12.5,0.7650,https://leetcode.com/problems/reformat-department-table,Database
EASY,Minimum Element After Replacement With Digit Sum,12.5,0.8930,https://leetcode.com/problems/minimum-element-after-replacement-with-digit-sum,"Array, Math"
MEDIUM,Longest Square Streak in an Array,12.5,0.5313,https://leetcode.com/problems/longest-square-streak-in-an-array,"Array, Hash Table, Binary Search, Dynamic Programming, Sorting"
MEDIUM,Path with Maximum Probability,12.5,0.6580,https://leetcode.com/problems/path-with-maximum-probability,"Array, Graph Theory, Heap (Priority Queue), Shortest Path, Dijkstra's Algorithm"
MEDIUM,Extra Characters in a String,12.5,0.5722,https://leetcode.com/problems/extra-characters-in-a-string,"Array, Hash Table, String, Dynamic Programming, Trie"
MEDIUM,Shortest Unsorted Continuous Subarray,12.5,0.3863,https://leetcode.com/problems/shortest-unsorted-continuous-subarray,"Array, Two Pointers, Stack, Greedy, Sorting, Monotonic Stack"
MEDIUM,Find Bottom Left Tree Value,12.5,0.7264,https://leetcode.com/problems/find-bottom-left-tree-value,"Tree, Depth-First Search, Breadth-First Search, Binary Tree"
MEDIUM,Minimum Penalty for a Shop,12.5,0.7125,https://leetcode.com/problems/minimum-penalty-for-a-shop,"String, Prefix Sum"
MEDIUM,Number of Ways to Split Array,12.5,0.5575,https://leetcode.com/problems/number-of-ways-to-split-array,"Array, Prefix Sum"
EASY,Valid Word,12.5,0.5086,https://leetcode.com/problems/valid-word,String
MEDIUM,Can I Win,12.5,0.3183,https://leetcode.com/problems/can-i-win,"Math, Dynamic Programming, Bit Manipulation, Memoization, Game Theory, Bitmask"
EASY,Total Distance Traveled,12.5,0.4204,https://leetcode.com/problems/total-distance-traveled,"Math, Simulation"
HARD,Maximum Running Time of N Computers,12.5,0.5633,https://leetcode.com/problems/maximum-running-time-of-n-computers,"Array, Binary Search, Greedy, Sorting"
MEDIUM,Linked List in Binary Tree,12.5,0.5204,https://leetcode.com/problems/linked-list-in-binary-tree,"Linked List, Tree, Depth-First Search, Binary Tree"
MEDIUM,Length of the Longest Subsequence That Sums to Target,12.5,0.4021,https://leetcode.com/problems/length-of-the-longest-subsequence-that-sums-to-target,"Array, Dynamic Programming, Knapsack Problem, 0-1 Knapsack"
MEDIUM,Max Difference You Can Get From Changing an Integer,12.5,0.4860,https://leetcode.com/problems/max-difference-you-can-get-from-changing-an-integer,"Math, Greedy"
MEDIUM,Minimum Length of String After Deleting Similar Ends,12.5,0.5623,https://leetcode.com/problems/minimum-length-of-string-after-deleting-similar-ends,"Two Pointers, String"
MEDIUM,Count Nice Pairs in an Array,12.5,0.4845,https://leetcode.com/problems/count-nice-pairs-in-an-array,"Array, Hash Table, Math, Counting"
HARD,Maximum Height by Stacking Cuboids ,12.5,0.6270,https://leetcode.com/problems/maximum-height-by-stacking-cuboids,"Array, Dynamic Programming, Sorting"
EASY,Clear Digits,12.5,0.8275,https://leetcode.com/problems/clear-digits,"String, Stack, Simulation"
EASY,Sort Array By Parity II,12.5,0.7137,https://leetcode.com/problems/sort-array-by-parity-ii,"Array, Two Pointers, Sorting"
HARD,Scramble String,12.5,0.4572,https://leetcode.com/problems/scramble-string,"String, Dynamic Programming"
EASY,Coupon Code Validator,12.5,0.6443,https://leetcode.com/problems/coupon-code-validator,"Array, Hash Table, String, Sorting"
MEDIUM,String Compression III,12.5,0.6704,https://leetcode.com/problems/string-compression-iii,String
EASY,Number of Valid Words in a Sentence,12.5,0.3150,https://leetcode.com/problems/number-of-valid-words-in-a-sentence,String
MEDIUM,Shortest Subarray to be Removed to Make Array Sorted,12.5,0.5135,https://leetcode.com/problems/shortest-subarray-to-be-removed-to-make-array-sorted,"Array, Two Pointers, Binary Search, Stack, Monotonic Stack"
HARD,Find Building Where Alice and Bob Can Meet,12.5,0.5237,https://leetcode.com/problems/find-building-where-alice-and-bob-can-meet,"Array, Binary Search, Stack, Binary Indexed Tree, Segment Tree, Heap (Priority Queue), Monotonic Stack"
MEDIUM,Minimum Score Triangulation of Polygon,12.5,0.6770,https://leetcode.com/problems/minimum-score-triangulation-of-polygon,"Array, Dynamic Programming, Triangulation, Polygons"
MEDIUM,Maximum Number of Occurrences of a Substring,12.5,0.5498,https://leetcode.com/problems/maximum-number-of-occurrences-of-a-substring,"Hash Table, String, Sliding Window"
EASY,Most Common Word,12.5,0.4541,https://leetcode.com/problems/most-common-word,"Array, Hash Table, String, Counting"
MEDIUM,Count the Number of Substrings With Dominant Ones,12.5,0.4177,https://leetcode.com/problems/count-the-number-of-substrings-with-dominant-ones,"String, Enumeration"
HARD,Minimum Number of Removals to Make Mountain Array,12.5,0.5476,https://leetcode.com/problems/minimum-number-of-removals-to-make-mountain-array,"Array, Binary Search, Dynamic Programming, Greedy"
EASY,Largest 3-Same-Digit Number in String,12.5,0.7267,https://leetcode.com/problems/largest-3-same-digit-number-in-string,String
EASY,Minimum Bit Flips to Convert Number,12.5,0.8799,https://leetcode.com/problems/minimum-bit-flips-to-convert-number,Bit Manipulation
MEDIUM,Minimum Absolute Distance Between Mirror Pairs,12.5,0.5899,https://leetcode.com/problems/minimum-absolute-distance-between-mirror-pairs,"Array, Hash Table, Math"
MEDIUM,Capital Gain/Loss,12.5,0.8457,https://leetcode.com/problems/capital-gainloss,Database
MEDIUM,Find Longest Special Substring That Occurs Thrice I,12.5,0.6162,https://leetcode.com/problems/find-longest-special-substring-that-occurs-thrice-i,"Hash Table, String, Binary Search, Sliding Window, Counting"
MEDIUM,Total Characters in String After Transformations I,12.5,0.4550,https://leetcode.com/problems/total-characters-in-string-after-transformations-i,"Hash Table, Math, String, Dynamic Programming, Counting"
MEDIUM,Clumsy Factorial,12.5,0.6214,https://leetcode.com/problems/clumsy-factorial,"Math, Stack, Simulation"
HARD,Sort Items by Groups Respecting Dependencies,12.5,0.6612,https://leetcode.com/problems/sort-items-by-groups-respecting-dependencies,"Depth-First Search, Breadth-First Search, Graph Theory, Topological Sort, Directed Acyclic Graph"
MEDIUM,Car Fleet,12.5,0.5573,https://leetcode.com/problems/car-fleet,"Array, Stack, Sorting, Monotonic Stack"
MEDIUM,The kth Factor of n,12.5,0.7081,https://leetcode.com/problems/the-kth-factor-of-n,"Math, Number Theory, Prime Factorization"
MEDIUM,Network Delay Time,12.5,0.6166,https://leetcode.com/problems/network-delay-time,"Depth-First Search, Breadth-First Search, Graph Theory, Heap (Priority Queue), Shortest Path, Dijkstra's Algorithm"
MEDIUM,Count Partitions With Max-Min Difference at Most K,12.5,0.5786,https://leetcode.com/problems/count-partitions-with-max-min-difference-at-most-k,"Array, Dynamic Programming, Queue, Sliding Window, Prefix Sum, Monotonic Queue"
EASY,A Number After a Double Reversal,12.5,0.8283,https://leetcode.com/problems/a-number-after-a-double-reversal,Math
HARD,Count the Number of Infection Sequences,12.5,0.3667,https://leetcode.com/problems/count-the-number-of-infection-sequences,"Array, Math, Combinatorics, Fermat's Little Theorem"
MEDIUM,Longest Balanced Substring II,12.5,0.4166,https://leetcode.com/problems/longest-balanced-substring-ii,"Hash Table, String, Prefix Sum"
EASY,Special Array I,12.5,0.8143,https://leetcode.com/problems/special-array-i,Array
MEDIUM,2 Keys Keyboard,12.5,0.5951,https://leetcode.com/problems/2-keys-keyboard,"Math, Dynamic Programming"
HARD,Painting the Walls,12.5,0.4923,https://leetcode.com/problems/painting-the-walls,"Array, Dynamic Programming"
EASY,Counting Words With a Given Prefix,12.5,0.8440,https://leetcode.com/problems/counting-words-with-a-given-prefix,"Array, String, String Matching"
EASY,Find the Difference of Two Arrays,12.5,0.8167,https://leetcode.com/problems/find-the-difference-of-two-arrays,"Array, Hash Table"
MEDIUM,Minimum Time to Repair Cars,12.5,0.5922,https://leetcode.com/problems/minimum-time-to-repair-cars,"Array, Binary Search"
HARD,Apply Operations to Maximize Score,12.5,0.5337,https://leetcode.com/problems/apply-operations-to-maximize-score,"Array, Math, Stack, Greedy, Sorting, Monotonic Stack, Number Theory"
MEDIUM,Resulting String After Adjacent Removals,12.5,0.5663,https://leetcode.com/problems/resulting-string-after-adjacent-removals,"String, Stack, Simulation"
HARD,Design a Text Editor,12.5,0.5195,https://leetcode.com/problems/design-a-text-editor,"Linked List, String, Stack, Design, Simulation, Doubly-Linked List"
MEDIUM,Minimum Number of Seconds to Make Mountain Height Zero,12.5,0.5830,https://leetcode.com/problems/minimum-number-of-seconds-to-make-mountain-height-zero,"Array, Math, Binary Search, Greedy, Heap (Priority Queue)"
MEDIUM,Number of Sub-arrays With Odd Sum,12.5,0.5558,https://leetcode.com/problems/number-of-sub-arrays-with-odd-sum,"Array, Math, Dynamic Programming, Prefix Sum"
MEDIUM,Tree Node,12.5,0.7658,https://leetcode.com/problems/tree-node,Database
HARD,Find Minimum Time to Finish All Jobs,12.5,0.4633,https://leetcode.com/problems/find-minimum-time-to-finish-all-jobs,"Array, Dynamic Programming, Backtracking, Bit Manipulation, Bitmask"
EASY,Maximum Area of Longest Diagonal Rectangle,12.5,0.4588,https://leetcode.com/problems/maximum-area-of-longest-diagonal-rectangle,Array
MEDIUM,Design Memory Allocator,12.5,0.5090,https://leetcode.com/problems/design-memory-allocator,"Array, Hash Table, Design, Simulation"
MEDIUM,Minimum Domino Rotations For Equal Row,12.5,0.5651,https://leetcode.com/problems/minimum-domino-rotations-for-equal-row,"Array, Greedy"
MEDIUM,Find the Minimum Amount of Time to Brew Potions,12.5,0.6235,https://leetcode.com/problems/find-the-minimum-amount-of-time-to-brew-potions,"Array, Simulation, Prefix Sum"
MEDIUM,Number of Enclaves,12.5,0.7228,https://leetcode.com/problems/number-of-enclaves,"Array, Depth-First Search, Breadth-First Search, Union-Find, Matrix"
MEDIUM,Maximum Beauty of an Array After Applying Operation,12.5,0.5840,https://leetcode.com/problems/maximum-beauty-of-an-array-after-applying-operation,"Array, Binary Search, Sliding Window, Sorting"
HARD,Nth Magical Number,12.5,0.3721,https://leetcode.com/problems/nth-magical-number,"Math, Binary Search, Least Common Multiple, Inclusion-Exclusion Principle"
EASY,Smallest Even Multiple,12.5,0.8860,https://leetcode.com/problems/smallest-even-multiple,"Math, Number Theory"
HARD,Remove Max Number of Edges to Keep Graph Fully Traversable,12.5,0.7007,https://leetcode.com/problems/remove-max-number-of-edges-to-keep-graph-fully-traversable,"Union-Find, Graph Theory"
HARD,Minimum Cost Walk in Weighted Graph,12.5,0.6800,https://leetcode.com/problems/minimum-cost-walk-in-weighted-graph,"Array, Bit Manipulation, Union-Find, Graph Theory"
MEDIUM,Continuous Subarrays,12.5,0.5800,https://leetcode.com/problems/continuous-subarrays,"Array, Queue, Sliding Window, Heap (Priority Queue), Ordered Set, Monotonic Queue"
EASY,Minimum Cost of Buying Candies With Discount,12.5,0.7162,https://leetcode.com/problems/minimum-cost-of-buying-candies-with-discount,"Array, Greedy, Sorting"
HARD,Count Subarrays With Fixed Bounds,12.5,0.6917,https://leetcode.com/problems/count-subarrays-with-fixed-bounds,"Array, Queue, Sliding Window, Monotonic Queue"
EASY,Count Subarrays of Length Three With a Condition,12.5,0.6132,https://leetcode.com/problems/count-subarrays-of-length-three-with-a-condition,Array
MEDIUM,Tuple with Same Product,12.5,0.7006,https://leetcode.com/problems/tuple-with-same-product,"Array, Hash Table, Counting"
EASY,Binary Watch,12.5,0.6625,https://leetcode.com/problems/binary-watch,"Backtracking, Bit Manipulation"
MEDIUM,Max Increase to Keep City Skyline,12.5,0.8645,https://leetcode.com/problems/max-increase-to-keep-city-skyline,"Array, Greedy, Matrix"
HARD,Process String with Special Operations II,12.5,0.3971,https://leetcode.com/problems/process-string-with-special-operations-ii,"String, Simulation"
MEDIUM,Largest Submatrix With Rearrangements,12.5,0.8016,https://leetcode.com/problems/largest-submatrix-with-rearrangements,"Array, Greedy, Sorting, Matrix"
MEDIUM,Maximum Erasure Value,12.5,0.6449,https://leetcode.com/problems/maximum-erasure-value,"Array, Hash Table, Sliding Window"
EASY,The Two Sneaky Numbers of Digitville,12.5,0.8963,https://leetcode.com/problems/the-two-sneaky-numbers-of-digitville,"Array, Hash Table, Math"
HARD,Count the Number of Arrays with K Matching Adjacent Elements,12.5,0.5785,https://leetcode.com/problems/count-the-number-of-arrays-with-k-matching-adjacent-elements,"Math, Combinatorics, Fermat's Little Theorem"
MEDIUM,Bag of Tokens,12.5,0.5992,https://leetcode.com/problems/bag-of-tokens,"Array, Two Pointers, Greedy, Sorting"
MEDIUM,Non-decreasing Array,12.5,0.2563,https://leetcode.com/problems/non-decreasing-array,Array
MEDIUM,Debounce,12.5,0.9168,https://leetcode.com/problems/debounce,
EASY,Minimum Number Game,12.5,0.8555,https://leetcode.com/problems/minimum-number-game,"Array, Sorting, Heap (Priority Queue), Simulation"
HARD,Next Greater Element IV,12.5,0.4307,https://leetcode.com/problems/next-greater-element-iv,"Array, Binary Search, Stack, Sorting, Heap (Priority Queue), Monotonic Stack"
MEDIUM,Max Chunks To Make Sorted,12.5,0.6431,https://leetcode.com/problems/max-chunks-to-make-sorted,"Array, Stack, Greedy, Sorting, Monotonic Stack"
MEDIUM,Minimum Removals to Balance Array,12.5,0.4766,https://leetcode.com/problems/minimum-removals-to-balance-array,"Array, Binary Search, Sliding Window, Sorting"
EASY,Second Largest Digit in a String,12.5,0.5538,https://leetcode.com/problems/second-largest-digit-in-a-string,"Hash Table, String"
MEDIUM,Paint Fence,12.5,0.4855,https://leetcode.com/problems/paint-fence,Dynamic Programming
EASY,Split a String in Balanced Strings,12.5,0.8765,https://leetcode.com/problems/split-a-string-in-balanced-strings,"String, Greedy, Counting"
EASY,Function Composition,12.5,0.8677,https://leetcode.com/problems/function-composition,
MEDIUM,Find Minimum Time to Reach Last Room I,12.5,0.5531,https://leetcode.com/problems/find-minimum-time-to-reach-last-room-i,"Array, Graph Theory, Heap (Priority Queue), Matrix, Shortest Path"
EASY,Maximum 69 Number,12.5,0.8462,https://leetcode.com/problems/maximum-69-number,"Math, Greedy"
HARD,Find the Original Typed String II,12.5,0.4519,https://leetcode.com/problems/find-the-original-typed-string-ii,"String, Dynamic Programming, Prefix Sum"
EASY,N-Repeated Element in Size 2N Array,12.5,0.8003,https://leetcode.com/problems/n-repeated-element-in-size-2n-array,"Array, Hash Table, Pigeonhole Principle"
MEDIUM,Matrix Block Sum,12.5,0.7710,https://leetcode.com/problems/matrix-block-sum,"Array, Matrix, Prefix Sum"
MEDIUM,Using a Robot to Print the Lexicographically Smallest String,12.5,0.6221,https://leetcode.com/problems/using-a-robot-to-print-the-lexicographically-smallest-string,"Hash Table, String, Stack, Greedy"
MEDIUM,Count the Number of Computer Unlocking Permutations,12.5,0.5868,https://leetcode.com/problems/count-the-number-of-computer-unlocking-permutations,"Array, Math, Brainteaser, Combinatorics"
MEDIUM,Grid Teleportation Traversal,12.5,0.2404,https://leetcode.com/problems/grid-teleportation-traversal,"Array, Hash Table, Breadth-First Search, Matrix"
EASY,K Items With the Maximum Sum,12.5,0.6058,https://leetcode.com/problems/k-items-with-the-maximum-sum,"Math, Greedy"
HARD,Patching Array,12.5,0.5479,https://leetcode.com/problems/patching-array,"Array, Greedy"
EASY,Rearrange Products Table,12.5,0.8561,https://leetcode.com/problems/rearrange-products-table,Database
HARD,Number of Pairs Satisfying Inequality,12.5,0.4805,https://leetcode.com/problems/number-of-pairs-satisfying-inequality,"Array, Binary Search, Divide and Conquer, Binary Indexed Tree, Segment Tree, Merge Sort, Ordered Set"
MEDIUM,Reordered Power of 2,12.5,0.6587,https://leetcode.com/problems/reordered-power-of-2,"Hash Table, Math, Sorting, Counting, Enumeration"
HARD,Minimum Cost Path with Teleportations,12.5,0.4501,https://leetcode.com/problems/minimum-cost-path-with-teleportations,"Array, Dynamic Programming, Matrix"
EASY,Find X-Sum of All K-Long Subarrays I,12.5,0.7575,https://leetcode.com/problems/find-x-sum-of-all-k-long-subarrays-i,"Array, Hash Table, Sliding Window, Heap (Priority Queue)"
MEDIUM,Count the Number of Good Subarrays,12.5,0.6575,https://leetcode.com/problems/count-the-number-of-good-subarrays,"Array, Hash Table, Sliding Window"
MEDIUM,Stone Game II,12.5,0.7569,https://leetcode.com/problems/stone-game-ii,"Array, Math, Dynamic Programming, Minimax, Prefix Sum, Game Theory, Zero-Sum Game"
HARD,Find the Number of Ways to Place People II,12.5,0.6420,https://leetcode.com/problems/find-the-number-of-ways-to-place-people-ii,"Array, Math, Geometry, Sorting, Enumeration"
EASY,Maximum Difference Between Even and Odd Frequency I,12.5,0.6062,https://leetcode.com/problems/maximum-difference-between-even-and-odd-frequency-i,"Hash Table, String, Counting"
HARD,Max Dot Product of Two Subsequences,12.5,0.6937,https://leetcode.com/problems/max-dot-product-of-two-subsequences,"Array, Dynamic Programming, Longest Common Subsequence"
HARD,Painting a Grid With Three Different Colors,12.5,0.7687,https://leetcode.com/problems/painting-a-grid-with-three-different-colors,"Dynamic Programming, Graph Coloring"
MEDIUM,Bitwise ORs of Subarrays,12.5,0.5702,https://leetcode.com/problems/bitwise-ors-of-subarrays,"Array, Dynamic Programming, Bit Manipulation"
HARD,Lexicographically Smallest String After Deleting Duplicate Characters,12.5,0.2092,https://leetcode.com/problems/lexicographically-smallest-string-after-deleting-duplicate-characters,"Hash Table, String, Stack, Greedy, Monotonic Stack"
MEDIUM,Loud and Rich,12.5,0.6420,https://leetcode.com/problems/loud-and-rich,"Array, Depth-First Search, Graph Theory, Topological Sort, Directed Acyclic Graph"
MEDIUM,Remove Covered Intervals,12.5,0.6023,https://leetcode.com/problems/remove-covered-intervals,"Array, Sorting"
MEDIUM,Reorder Data in Log Files,12.5,0.5680,https://leetcode.com/problems/reorder-data-in-log-files,"Array, String, Sorting"
HARD,Find Sum of Array Product of Magical Sequences,12.5,0.6138,https://leetcode.com/problems/find-sum-of-array-product-of-magical-sequences,"Array, Math, Dynamic Programming, Bit Manipulation, Combinatorics, Bitmask"
MEDIUM,All Ancestors of a Node in a Directed Acyclic Graph,12.5,0.6236,https://leetcode.com/problems/all-ancestors-of-a-node-in-a-directed-acyclic-graph,"Depth-First Search, Breadth-First Search, Graph Theory, Topological Sort, Directed Acyclic Graph"
MEDIUM,Number of Dice Rolls With Target Sum,12.5,0.6268,https://leetcode.com/problems/number-of-dice-rolls-with-target-sum,Dynamic Programming
MEDIUM,Rotate Function,12.5,0.5406,https://leetcode.com/problems/rotate-function,"Array, Math, Dynamic Programming"
EASY,Two Furthest Houses With Different Colors,12.5,0.7165,https://leetcode.com/problems/two-furthest-houses-with-different-colors,"Array, Greedy"
MEDIUM,Finding Pairs With a Certain Sum,12.5,0.6153,https://leetcode.com/problems/finding-pairs-with-a-certain-sum,"Array, Hash Table, Design"
MEDIUM,Find Original Array From Doubled Array,12.5,0.4094,https://leetcode.com/problems/find-original-array-from-doubled-array,"Array, Hash Table, Greedy, Sorting"
MEDIUM,Separate Squares I,12.5,0.5770,https://leetcode.com/problems/separate-squares-i,"Array, Binary Search"
HARD,Robot Collisions,12.5,0.6166,https://leetcode.com/problems/robot-collisions,"Array, Stack, Sorting, Simulation"
MEDIUM,Minimum Adjacent Swaps to Reach the Kth Smallest Number,12.5,0.7192,https://leetcode.com/problems/minimum-adjacent-swaps-to-reach-the-kth-smallest-number,"Two Pointers, String, Greedy"
EASY,Divide an Array Into Subarrays With Minimum Cost I,12.5,0.8030,https://leetcode.com/problems/divide-an-array-into-subarrays-with-minimum-cost-i,"Array, Sorting, Enumeration"
EASY,Convert Binary Number in a Linked List to Integer,12.5,0.8245,https://leetcode.com/problems/convert-binary-number-in-a-linked-list-to-integer,"Linked List, Math"
MEDIUM,Find the Maximum Length of Valid Subsequence I,12.5,0.5474,https://leetcode.com/problems/find-the-maximum-length-of-valid-subsequence-i,"Array, Dynamic Programming"
MEDIUM,Four Divisors,12.5,0.5653,https://leetcode.com/problems/four-divisors,"Array, Math, Prime Factorization, Sieve Theory"
MEDIUM,Event Emitter,12.5,0.7522,https://leetcode.com/problems/event-emitter,
HARD,Concatenated Divisibility,12.5,0.3083,https://leetcode.com/problems/concatenated-divisibility,"Array, Dynamic Programming, Bit Manipulation, Bitmask"
EASY,Delete Columns to Make Sorted,12.5,0.7819,https://leetcode.com/problems/delete-columns-to-make-sorted,"Array, String, Longest Increasing Subsequence"
MEDIUM,Prime Palindrome,12.5,0.2865,https://leetcode.com/problems/prime-palindrome,"Math, Number Theory, Primality Test"
MEDIUM,Count Servers that Communicate,12.5,0.7360,https://leetcode.com/problems/count-servers-that-communicate,"Array, Depth-First Search, Breadth-First Search, Union-Find, Matrix, Counting"
MEDIUM,Delete and Earn,12.5,0.5758,https://leetcode.com/problems/delete-and-earn,"Array, Hash Table, Dynamic Programming"
MEDIUM,Minimum Genetic Mutation,12.5,0.5721,https://leetcode.com/problems/minimum-genetic-mutation,"Hash Table, String, Breadth-First Search, Bidirectional Search"
MEDIUM,Insert Greatest Common Divisors in Linked List,12.5,0.9127,https://leetcode.com/problems/insert-greatest-common-divisors-in-linked-list,"Linked List, Math, Number Theory"
MEDIUM,Group the People Given the Group Size They Belong To,12.5,0.8754,https://leetcode.com/problems/group-the-people-given-the-group-size-they-belong-to,"Array, Hash Table, Greedy"
EASY,Group Sold Products By The Date,12.5,0.7838,https://leetcode.com/problems/group-sold-products-by-the-date,Database
EASY,The K Weakest Rows in a Matrix,12.5,0.7456,https://leetcode.com/problems/the-k-weakest-rows-in-a-matrix,"Array, Binary Search, Sorting, Heap (Priority Queue), Matrix"
HARD,Stone Game III,12.5,0.6795,https://leetcode.com/problems/stone-game-iii,"Array, Math, Dynamic Programming, Minimax, Game Theory, Zero-Sum Game"
MEDIUM,Minimum Time to Complete Trips,12.5,0.4003,https://leetcode.com/problems/minimum-time-to-complete-trips,"Array, Binary Search"
MEDIUM,Partition Array into Two Equal Product Subsets,12.5,0.3519,https://leetcode.com/problems/partition-array-into-two-equal-product-subsets,"Array, Bit Manipulation, Recursion, Enumeration"
EASY,Furthest Point From Origin,12.5,0.7728,https://leetcode.com/problems/furthest-point-from-origin,"String, Counting"
MEDIUM,Ugly Number II,12.5,0.4983,https://leetcode.com/problems/ugly-number-ii,"Hash Table, Math, Dynamic Programming, Heap (Priority Queue)"
MEDIUM,Smallest Subsequence of Distinct Characters,12.5,0.7064,https://leetcode.com/problems/smallest-subsequence-of-distinct-characters,"String, Stack, Greedy, Monotonic Stack"
MEDIUM,Minimum Average Difference,12.5,0.4407,https://leetcode.com/problems/minimum-average-difference,"Array, Prefix Sum"
MEDIUM,Longest Subarray With Maximum Bitwise AND,12.5,0.6535,https://leetcode.com/problems/longest-subarray-with-maximum-bitwise-and,"Array, Bit Manipulation, Brainteaser"
MEDIUM,Create Binary Tree From Descriptions,12.5,0.8391,https://leetcode.com/problems/create-binary-tree-from-descriptions,"Array, Hash Table, Tree, Binary Tree"
EASY,Find Closest Number to Zero,12.5,0.4819,https://leetcode.com/problems/find-closest-number-to-zero,Array
MEDIUM,Inverse Coin Change,12.5,0.5226,https://leetcode.com/problems/inverse-coin-change,"Array, Dynamic Programming"
MEDIUM,Reach End of Array With Max Score,12.5,0.3392,https://leetcode.com/problems/reach-end-of-array-with-max-score,"Array, Greedy"
MEDIUM,Count Subarrays With Majority Element I,12.5,0.7522,https://leetcode.com/problems/count-subarrays-with-majority-element-i,"Array, Hash Table, Divide and Conquer, Segment Tree, Merge Sort, Counting, Prefix Sum"
MEDIUM,Number of Ways to Assign Edge Weights I,12.5,0.6360,https://leetcode.com/problems/number-of-ways-to-assign-edge-weights-i,"Math, Tree, Depth-First Search"
EASY,Find the Original Typed String I,12.5,0.7192,https://leetcode.com/problems/find-the-original-typed-string-i,String
MEDIUM,Distinct Prime Factors of Product of Array,12.5,0.5542,https://leetcode.com/problems/distinct-prime-factors-of-product-of-array,"Array, Hash Table, Math, Number Theory, Prime Factorization, Euclidean Algorithm, Primality Test, Greatest Common Divisor, Sieve Theory, Prime Number Sieve"
HARD,Rank Transform of a Matrix,12.5,0.4264,https://leetcode.com/problems/rank-transform-of-a-matrix,"Array, Union-Find, Graph Theory, Topological Sort, Sorting, Matrix"
MEDIUM,Longest Unequal Adjacent Groups Subsequence II,12.5,0.5131,https://leetcode.com/problems/longest-unequal-adjacent-groups-subsequence-ii,"Array, String, Dynamic Programming"
EASY,Zigzag Grid Traversal With Skip,12.5,0.6496,https://leetcode.com/problems/zigzag-grid-traversal-with-skip,"Array, Matrix, Simulation"
MEDIUM,Maximum Earnings From Taxi,12.5,0.4689,https://leetcode.com/problems/maximum-earnings-from-taxi,"Array, Hash Table, Binary Search, Dynamic Programming, Sorting"
MEDIUM,Parallel Courses,12.5,0.6241,https://leetcode.com/problems/parallel-courses,"Graph Theory, Topological Sort, Directed Acyclic Graph"
MEDIUM,Design Hit Counter,12.5,0.6975,https://leetcode.com/problems/design-hit-counter,"Array, Binary Search, Design, Queue, Data Stream"
EASY,Minimum String Length After Removing Substrings,12.5,0.7724,https://leetcode.com/problems/minimum-string-length-after-removing-substrings,"String, Stack, Simulation"
EASY,Find Common Characters,12.5,0.7486,https://leetcode.com/problems/find-common-characters,"Array, Hash Table, String"
EASY,Minimum Recolors to Get K Consecutive Black Blocks,12.5,0.6903,https://leetcode.com/problems/minimum-recolors-to-get-k-consecutive-black-blocks,"String, Sliding Window"
MEDIUM,Max Consecutive Ones II,12.5,0.5217,https://leetcode.com/problems/max-consecutive-ones-ii,"Array, Dynamic Programming, Sliding Window"
MEDIUM,Corporate Flight Bookings,12.5,0.6892,https://leetcode.com/problems/corporate-flight-bookings,"Array, Prefix Sum"
MEDIUM,Shortest Subarray With OR at Least K II,12.5,0.5013,https://leetcode.com/problems/shortest-subarray-with-or-at-least-k-ii,"Array, Bit Manipulation, Sliding Window"
EASY,Count Good Triplets,12.5,0.8557,https://leetcode.com/problems/count-good-triplets,"Array, Enumeration"
HARD,Contains Duplicate III,12.5,0.2526,https://leetcode.com/problems/contains-duplicate-iii,"Array, Sliding Window, Sorting, Bucket Sort, Ordered Set"
EASY,Minimum Changes To Make Alternating Binary String,12.5,0.6790,https://leetcode.com/problems/minimum-changes-to-make-alternating-binary-string,String
MEDIUM,Sum of Nodes with Even-Valued Grandparent,12.5,0.8601,https://leetcode.com/problems/sum-of-nodes-with-even-valued-grandparent,"Tree, Depth-First Search, Breadth-First Search, Binary Tree"
MEDIUM,Super Pow,12.5,0.3758,https://leetcode.com/problems/super-pow,"Math, Divide and Conquer, Euler's Totient Function, Euler's Theorem"
EASY,Fair Candy Swap,12.5,0.6572,https://leetcode.com/problems/fair-candy-swap,"Array, Hash Table, Binary Search, Sorting"
HARD,Set Intersection Size At Least Two,12.5,0.5817,https://leetcode.com/problems/set-intersection-size-at-least-two,"Array, Greedy, Sorting"
MEDIUM,Detect Squares,12.5,0.5304,https://leetcode.com/problems/detect-squares,"Array, Hash Table, Design, Counting, Data Stream"
MEDIUM,Maximum Alternating Subsequence Sum,12.5,0.5929,https://leetcode.com/problems/maximum-alternating-subsequence-sum,"Array, Dynamic Programming"
MEDIUM,Remove Comments,12.5,0.4052,https://leetcode.com/problems/remove-comments,"Array, String"
MEDIUM,Count the Number of Fair Pairs,12.5,0.5256,https://leetcode.com/problems/count-the-number-of-fair-pairs,"Array, Two Pointers, Binary Search, Sorting"
MEDIUM,Complex Number Multiplication,12.5,0.7384,https://leetcode.com/problems/complex-number-multiplication,"Math, String, Simulation"
MEDIUM,Last Stone Weight II,12.5,0.6094,https://leetcode.com/problems/last-stone-weight-ii,"Array, Dynamic Programming, Knapsack Problem, 0-1 Knapsack"
EASY,Split the Array,12.5,0.6180,https://leetcode.com/problems/split-the-array,"Array, Hash Table, Counting"
MEDIUM,Largest Prime from Consecutive Prime Sum,12.5,0.3952,https://leetcode.com/problems/largest-prime-from-consecutive-prime-sum,"Array, Math, Number Theory"
MEDIUM,House Robber IV,12.5,0.6450,https://leetcode.com/problems/house-robber-iv,"Array, Binary Search, Dynamic Programming, Greedy"
MEDIUM,Prime Subtraction Operation,12.5,0.5545,https://leetcode.com/problems/prime-subtraction-operation,"Array, Math, Binary Search, Greedy, Number Theory"
MEDIUM,Count Ways To Build Good Strings,12.5,0.5881,https://leetcode.com/problems/count-ways-to-build-good-strings,Dynamic Programming
EASY,Reshape Data: Pivot,12.5,0.8292,https://leetcode.com/problems/reshape-data-pivot,
MEDIUM,Sum of Distances,12.5,0.5016,https://leetcode.com/problems/sum-of-distances,"Array, Hash Table, Prefix Sum"
MEDIUM,Find the Minimum and Maximum Number of Nodes Between Critical Points,12.5,0.7299,https://leetcode.com/problems/find-the-minimum-and-maximum-number-of-nodes-between-critical-points,Linked List
HARD,Maximum Number of Tasks You Can Assign,12.5,0.4993,https://leetcode.com/problems/maximum-number-of-tasks-you-can-assign,"Array, Two Pointers, Binary Search, Greedy, Queue, Sorting, Monotonic Queue"
EASY,Convert 1D Array Into 2D Array,12.5,0.7250,https://leetcode.com/problems/convert-1d-array-into-2d-array,"Array, Matrix, Simulation"
MEDIUM,Flip String to Monotone Increasing,12.5,0.6196,https://leetcode.com/problems/flip-string-to-monotone-increasing,"String, Dynamic Programming"
MEDIUM,Minimum Number of Operations to Make Array Empty,12.5,0.6234,https://leetcode.com/problems/minimum-number-of-operations-to-make-array-empty,"Array, Hash Table, Greedy, Counting"
HARD,Meeting Rooms III,12.5,0.5135,https://leetcode.com/problems/meeting-rooms-iii,"Array, Hash Table, Sorting, Heap (Priority Queue), Simulation"
EASY,Count Special Quadruplets,12.5,0.6506,https://leetcode.com/problems/count-special-quadruplets,"Array, Hash Table, Enumeration"
EASY,Number of Steps to Reduce a Number to Zero,12.5,0.8596,https://leetcode.com/problems/number-of-steps-to-reduce-a-number-to-zero,"Math, Bit Manipulation"
MEDIUM,Closest Prime Numbers in Range,12.5,0.5203,https://leetcode.com/problems/closest-prime-numbers-in-range,"Math, Number Theory, Primality Test, Sieve Theory, Prime Number Sieve"
MEDIUM,Number of Adjacent Elements With the Same Color,12.5,0.6000,https://leetcode.com/problems/number-of-adjacent-elements-with-the-same-color,Array
EASY,Maximum Odd Binary Number,12.5,0.8279,https://leetcode.com/problems/maximum-odd-binary-number,"Math, String, Greedy"
EASY,Minimum Number of Moves to Seat Everyone,12.5,0.8712,https://leetcode.com/problems/minimum-number-of-moves-to-seat-everyone,"Array, Greedy, Sorting, Counting Sort"
MEDIUM,Beautiful Array,12.5,0.7066,https://leetcode.com/problems/beautiful-array,"Array, Math, Divide and Conquer"
MEDIUM,Count K-th Roots in a Range,12.5,0.2454,https://leetcode.com/problems/count-k-th-roots-in-a-range,"Math, Binary Search"
MEDIUM,Maximum Frequency of an Element After Performing Operations I,12.5,0.4025,https://leetcode.com/problems/maximum-frequency-of-an-element-after-performing-operations-i,"Array, Binary Search, Sliding Window, Sorting, Prefix Sum"
EASY,Take Gifts From the Richest Pile,12.5,0.7544,https://leetcode.com/problems/take-gifts-from-the-richest-pile,"Array, Heap (Priority Queue), Simulation"
EASY,Check If All 1's Are at Least Length K Places Away,12.5,0.6432,https://leetcode.com/problems/check-if-all-1s-are-at-least-length-k-places-away,Array
EASY,Subtract the Product and Sum of Digits of an Integer,12.5,0.8664,https://leetcode.com/problems/subtract-the-product-and-sum-of-digits-of-an-integer,Math
MEDIUM,Sort Matrix by Diagonals,12.5,0.8470,https://leetcode.com/problems/sort-matrix-by-diagonals,"Array, Sorting, Matrix"
EASY,Decode the Message,12.5,0.8600,https://leetcode.com/problems/decode-the-message,"Hash Table, String"
HARD,Minimum Falling Path Sum II,12.5,0.6292,https://leetcode.com/problems/minimum-falling-path-sum-ii,"Array, Dynamic Programming, Matrix"
HARD,Cherry Pickup II,12.5,0.7263,https://leetcode.com/problems/cherry-pickup-ii,"Array, Dynamic Programming, Matrix"
EASY,Check if Two Chessboard Squares Have the Same Color,12.5,0.7232,https://leetcode.com/problems/check-if-two-chessboard-squares-have-the-same-color,"Math, String"
MEDIUM,Partition Array According to Given Pivot,12.5,0.9075,https://leetcode.com/problems/partition-array-according-to-given-pivot,"Array, Two Pointers, Simulation"
MEDIUM,Minimum Array End,12.5,0.5534,https://leetcode.com/problems/minimum-array-end,Bit Manipulation
EASY,Apply Operations to an Array,12.5,0.7474,https://leetcode.com/problems/apply-operations-to-an-array,"Array, Two Pointers, Simulation"
EASY,Maximum Unique Subarray Sum After Deletion,12.5,0.4049,https://leetcode.com/problems/maximum-unique-subarray-sum-after-deletion,"Array, Hash Table, Greedy"
MEDIUM,Vowels Game in a String,12.5,0.7694,https://leetcode.com/problems/vowels-game-in-a-string,"Math, String, Brainteaser, Game Theory"
MEDIUM,Minimum Moves to Make Array Complementary,12.5,0.6485,https://leetcode.com/problems/minimum-moves-to-make-array-complementary,"Array, Hash Table, Prefix Sum"
MEDIUM,Ways to Make a Fair Array,12.5,0.6764,https://leetcode.com/problems/ways-to-make-a-fair-array,"Array, Prefix Sum"
HARD,Maximum Difference Between Even and Odd Frequency II,12.5,0.4837,https://leetcode.com/problems/maximum-difference-between-even-and-odd-frequency-ii,"String, Sliding Window, Enumeration, Prefix Sum"
EASY,Add Two Promises,12.5,0.9170,https://leetcode.com/problems/add-two-promises,
HARD,Path Existence Queries in a Graph II,12.5,0.6371,https://leetcode.com/problems/path-existence-queries-in-a-graph-ii,"Array, Two Pointers, Binary Search, Dynamic Programming, Greedy, Bit Manipulation, Graph Theory, Sorting"
MEDIUM,Sort Vowels in a String,12.5,0.8349,https://leetcode.com/problems/sort-vowels-in-a-string,"String, Sorting"
HARD,Shortest Cycle in a Graph,12.5,0.4064,https://leetcode.com/problems/shortest-cycle-in-a-graph,"Breadth-First Search, Graph Theory"
EASY,Determine Whether Matrix Can Be Obtained By Rotation,12.5,0.6857,https://leetcode.com/problems/determine-whether-matrix-can-be-obtained-by-rotation,"Array, Matrix"
MEDIUM,Maximum Total Subarray Value I,12.5,0.7172,https://leetcode.com/problems/maximum-total-subarray-value-i,"Array, Greedy"
EASY,Matrix Diagonal Sum,12.5,0.8466,https://leetcode.com/problems/matrix-diagonal-sum,"Array, Matrix"
MEDIUM,Flatten Deeply Nested Array,12.5,0.6624,https://leetcode.com/problems/flatten-deeply-nested-array,
MEDIUM,Heaters,12.5,0.4268,https://leetcode.com/problems/heaters,"Array, Two Pointers, Binary Search, Sorting"
EASY,Count Odd Numbers in an Interval Range,12.5,0.5482,https://leetcode.com/problems/count-odd-numbers-in-an-interval-range,Math
MEDIUM,Maximum Score From Removing Substrings,12.5,0.6641,https://leetcode.com/problems/maximum-score-from-removing-substrings,"String, Stack, Greedy"
MEDIUM,Find the Punishment Number of an Integer,12.5,0.8157,https://leetcode.com/problems/find-the-punishment-number-of-an-integer,"Math, Backtracking"
MEDIUM,Minimum Jumps to Reach End via Prime Teleportation,12.5,0.4429,https://leetcode.com/problems/minimum-jumps-to-reach-end-via-prime-teleportation,"Array, Hash Table, Math, Breadth-First Search, Number Theory"
EASY,Flip Square Submatrix Vertically,12.5,0.7916,https://leetcode.com/problems/flip-square-submatrix-vertically,"Array, Two Pointers, Matrix"
MEDIUM,Min Cost to Connect All Points,12.5,0.7181,https://leetcode.com/problems/min-cost-to-connect-all-points,"Array, Union-Find, Graph Theory, Minimum Spanning Tree, Prim's Algorithm, Kruskal's Algorithm, Borůvka's Algorithm"
MEDIUM,The Latest Time to Catch a Bus,12.5,0.3026,https://leetcode.com/problems/the-latest-time-to-catch-a-bus,"Array, Two Pointers, Binary Search, Sorting"
EASY,Sales Person,12.5,0.6649,https://leetcode.com/problems/sales-person,Database
MEDIUM,Insertion Sort List,12.5,0.6036,https://leetcode.com/problems/insertion-sort-list,"Linked List, Sorting"
EASY,Count Prefix and Suffix Pairs I,12.5,0.7769,https://leetcode.com/problems/count-prefix-and-suffix-pairs-i,"Array, String, Trie, Rolling Hash, String Matching, Hash Function"
EASY,Type of Triangle,12.5,0.4398,https://leetcode.com/problems/type-of-triangle,"Array, Math, Sorting, Polygons"
MEDIUM,Sum of Absolute Differences in a Sorted Array,12.5,0.6864,https://leetcode.com/problems/sum-of-absolute-differences-in-a-sorted-array,"Array, Math, Prefix Sum"
EASY,Number Complement,12.5,0.7060,https://leetcode.com/problems/number-complement,Bit Manipulation
MEDIUM,Reschedule Meetings for Maximum Free Time I,12.5,0.5390,https://leetcode.com/problems/reschedule-meetings-for-maximum-free-time-i,"Array, Greedy, Sliding Window"
MEDIUM,Design Linked List,12.5,0.3089,https://leetcode.com/problems/design-linked-list,"Linked List, Design"
MEDIUM,Length of Longest Fibonacci Subsequence,12.5,0.5755,https://leetcode.com/problems/length-of-longest-fibonacci-subsequence,"Array, Hash Table, Dynamic Programming"
EASY,Score of a String,12.5,0.9122,https://leetcode.com/problems/score-of-a-string,String
MEDIUM,Nth Highest Salary,12.5,0.4029,https://leetcode.com/problems/nth-highest-salary,Database
MEDIUM,Minimum Operations to Make the Integer Zero,12.5,0.5803,https://leetcode.com/problems/minimum-operations-to-make-the-integer-zero,"Bit Manipulation, Brainteaser, Enumeration"
MEDIUM,Maximum Non Negative Product in a Matrix,12.5,0.5178,https://leetcode.com/problems/maximum-non-negative-product-in-a-matrix,"Array, Dynamic Programming, Matrix"
EASY,Earliest Finish Time for Land and Water Rides I,12.5,0.7261,https://leetcode.com/problems/earliest-finish-time-for-land-and-water-rides-i,"Array, Two Pointers, Binary Search, Greedy, Sorting"
MEDIUM,Best Time to Buy and Sell Stock V,12.5,0.6013,https://leetcode.com/problems/best-time-to-buy-and-sell-stock-v,"Array, Dynamic Programming"
EASY,Trionic Array I,12.5,0.4941,https://leetcode.com/problems/trionic-array-i,Array
MEDIUM,Count Special Triplets,12.5,0.4707,https://leetcode.com/problems/count-special-triplets,"Array, Hash Table, Counting"
MEDIUM,Count Unguarded Cells in the Grid,12.5,0.6915,https://leetcode.com/problems/count-unguarded-cells-in-the-grid,"Array, Matrix, Simulation"
MEDIUM,Minimum Addition to Make Integer Beautiful,12.5,0.3901,https://leetcode.com/problems/minimum-addition-to-make-integer-beautiful,"Math, Greedy"
HARD,Number of ZigZag Arrays I,12.5,0.5004,https://leetcode.com/problems/number-of-zigzag-arrays-i,"Dynamic Programming, Prefix Sum"
EASY,Long Pressed Name,12.5,0.3318,https://leetcode.com/problems/long-pressed-name,"Two Pointers, String"
HARD,Minimum Difference in Sums After Removal of Elements,12.5,0.6952,https://leetcode.com/problems/minimum-difference-in-sums-after-removal-of-elements,"Array, Dynamic Programming, Heap (Priority Queue)"
MEDIUM,Maximum XOR of Two Numbers in an Array,12.5,0.5378,https://leetcode.com/problems/maximum-xor-of-two-numbers-in-an-array,"Array, Hash Table, Bit Manipulation, Trie"
MEDIUM,Find the Largest Area of Square Inside Two Rectangles,12.5,0.6679,https://leetcode.com/problems/find-the-largest-area-of-square-inside-two-rectangles,"Array, Math, Geometry"
MEDIUM,Unpopular Books,12.5,0.4343,https://leetcode.com/problems/unpopular-books,Database
MEDIUM,Count Number of Trapezoids I,12.5,0.4811,https://leetcode.com/problems/count-number-of-trapezoids-i,"Array, Hash Table, Math, Geometry"
EASY,Lexicographically Smallest Palindrome,12.5,0.8188,https://leetcode.com/problems/lexicographically-smallest-palindrome,"Two Pointers, String, Greedy"
MEDIUM,Delete Nodes From Linked List Present in Array,12.5,0.6919,https://leetcode.com/problems/delete-nodes-from-linked-list-present-in-array,"Array, Hash Table, Linked List"
MEDIUM,Find the Maximum Length of Valid Subsequence II,12.5,0.5687,https://leetcode.com/problems/find-the-maximum-length-of-valid-subsequence-ii,"Array, Dynamic Programming"
MEDIUM,Construct Quad Tree,12.5,0.7871,https://leetcode.com/problems/construct-quad-tree,"Array, Divide and Conquer, Tree, Matrix"
MEDIUM,Check If Array Pairs Are Divisible by k,12.5,0.4621,https://leetcode.com/problems/check-if-array-pairs-are-divisible-by-k,"Array, Hash Table, Counting"
EASY,Find the XOR of Numbers Which Appear Twice,12.5,0.7894,https://leetcode.com/problems/find-the-xor-of-numbers-which-appear-twice,"Array, Hash Table, Bit Manipulation"
MEDIUM,Additive Number,12.5,0.3453,https://leetcode.com/problems/additive-number,"String, Backtracking"
EASY,Design an Ordered Stream,12.5,0.8274,https://leetcode.com/problems/design-an-ordered-stream,"Array, Hash Table, Design, Data Stream"
EASY,Longest Subsequence With Limited Sum,12.5,0.7384,https://leetcode.com/problems/longest-subsequence-with-limited-sum,"Array, Binary Search, Greedy, Sorting, Prefix Sum"
EASY,Maximum Units on a Truck,12.5,0.7530,https://leetcode.com/problems/maximum-units-on-a-truck,"Array, Greedy, Sorting"
EASY,Longest Even Odd Subarray With Threshold,12.5,0.3269,https://leetcode.com/problems/longest-even-odd-subarray-with-threshold,"Array, Sliding Window"
MEDIUM,Count Number of Maximum Bitwise-OR Subsets,12.5,0.8946,https://leetcode.com/problems/count-number-of-maximum-bitwise-or-subsets,"Array, Backtracking, Bit Manipulation, Enumeration"
EASY,Find Mode in Binary Search Tree,12.5,0.5943,https://leetcode.com/problems/find-mode-in-binary-search-tree,"Tree, Depth-First Search, Binary Search Tree, Binary Tree"
MEDIUM,Count the Number of Complete Components,12.5,0.8084,https://leetcode.com/problems/count-the-number-of-complete-components,"Depth-First Search, Breadth-First Search, Union-Find, Graph Theory"
HARD,Shortest Path Visiting All Nodes,12.5,0.6640,https://leetcode.com/problems/shortest-path-visiting-all-nodes,"Dynamic Programming, Bit Manipulation, Breadth-First Search, Graph Theory, Bitmask"
MEDIUM,Count of Interesting Subarrays,12.5,0.5779,https://leetcode.com/problems/count-of-interesting-subarrays,"Array, Hash Table, Prefix Sum"
EASY,Design HashSet,12.5,0.6840,https://leetcode.com/problems/design-hashset,"Array, Hash Table, Linked List, Design, Hash Function"
HARD,Minimum Cost to Make at Least One Valid Path in a Grid,12.5,0.7122,https://leetcode.com/problems/minimum-cost-to-make-at-least-one-valid-path-in-a-grid,"Array, Breadth-First Search, Graph Theory, Heap (Priority Queue), Matrix, Shortest Path, 0-1 BFS, Dijkstra's Algorithm"
EASY,Water Bottles,12.5,0.7252,https://leetcode.com/problems/water-bottles,"Math, Simulation"
EASY,Count Elements With Maximum Frequency,12.5,0.7970,https://leetcode.com/problems/count-elements-with-maximum-frequency,"Array, Hash Table, Counting"
MEDIUM,Find the Lexicographically Largest String From the Box I,12.5,0.4072,https://leetcode.com/problems/find-the-lexicographically-largest-string-from-the-box-i,"Two Pointers, String, Enumeration"
HARD,Design In-Memory File System,12.5,0.4835,https://leetcode.com/problems/design-in-memory-file-system,"Hash Table, String, Design, Trie, Sorting"
MEDIUM,Count Subarrays Where Max Element Appears at Least K Times,12.5,0.6232,https://leetcode.com/problems/count-subarrays-where-max-element-appears-at-least-k-times,"Array, Sliding Window"
EASY,Left and Right Sum Differences,12.5,0.8971,https://leetcode.com/problems/left-and-right-sum-differences,"Array, Prefix Sum"
HARD,Rearranging Fruits,12.5,0.5725,https://leetcode.com/problems/rearranging-fruits,"Array, Hash Table, Greedy, Sort"
EASY,Find Users With Valid E-Mails,12.5,0.3523,https://leetcode.com/problems/find-users-with-valid-e-mails,Database
HARD,Jump Game IV,12.5,0.5110,https://leetcode.com/problems/jump-game-iv,"Array, Hash Table, Breadth-First Search"
MEDIUM,Find Missing Observations,12.5,0.5740,https://leetcode.com/problems/find-missing-observations,"Array, Math, Simulation"
MEDIUM,Path Existence Queries in a Graph I,12.5,0.7015,https://leetcode.com/problems/path-existence-queries-in-a-graph-i,"Array, Hash Table, Binary Search, Union-Find, Graph Theory"
MEDIUM,Two Best Non-Overlapping Events,12.5,0.6388,https://leetcode.com/problems/two-best-non-overlapping-events,"Array, Binary Search, Dynamic Programming, Sorting, Heap (Priority Queue)"
MEDIUM,Longest Mountain in Array,12.5,0.4255,https://leetcode.com/problems/longest-mountain-in-array,"Array, Two Pointers, Dynamic Programming, Enumeration"
MEDIUM,Maximum Matrix Sum,12.5,0.6750,https://leetcode.com/problems/maximum-matrix-sum,"Array, Greedy, Matrix"
EASY,Self Dividing Numbers,12.5,0.8127,https://leetcode.com/problems/self-dividing-numbers,Math
EASY,Keep Multiplying Found Values by Two,12.5,0.7496,https://leetcode.com/problems/keep-multiplying-found-values-by-two,"Array, Hash Table, Sorting, Simulation"
MEDIUM,Lexicographically Minimum String After Removing Stars,12.5,0.5087,https://leetcode.com/problems/lexicographically-minimum-string-after-removing-stars,"Hash Table, String, Stack, Greedy, Heap (Priority Queue)"
MEDIUM,Count Triplets That Can Form Two Arrays of Equal XOR,12.5,0.8483,https://leetcode.com/problems/count-triplets-that-can-form-two-arrays-of-equal-xor,"Array, Hash Table, Math, Bit Manipulation, Prefix Sum"
EASY,Find All K-Distant Indices in an Array,12.5,0.7722,https://leetcode.com/problems/find-all-k-distant-indices-in-an-array,"Array, Two Pointers"
MEDIUM,Restore the Array From Adjacent Pairs,12.5,0.7519,https://leetcode.com/problems/restore-the-array-from-adjacent-pairs,"Array, Hash Table, Depth-First Search"
MEDIUM,Ways to Express an Integer as Sum of Powers,12.5,0.4980,https://leetcode.com/problems/ways-to-express-an-integer-as-sum-of-powers,Dynamic Programming
MEDIUM,Most Stones Removed with Same Row or Column,12.5,0.6350,https://leetcode.com/problems/most-stones-removed-with-same-row-or-column,"Hash Table, Depth-First Search, Union-Find, Graph Theory, Bipartite Graph"
EASY,Time Needed to Buy Tickets,12.5,0.7334,https://leetcode.com/problems/time-needed-to-buy-tickets,"Array, Queue, Simulation"
EASY,Maximum Difference Between Adjacent Elements in a Circular Array,12.5,0.7529,https://leetcode.com/problems/maximum-difference-between-adjacent-elements-in-a-circular-array,Array
MEDIUM,Find Score of an Array After Marking All Elements,12.5,0.6426,https://leetcode.com/problems/find-score-of-an-array-after-marking-all-elements,"Array, Hash Table, Sorting, Heap (Priority Queue), Simulation"
MEDIUM,Equal Row and Column Pairs,12.5,0.7135,https://leetcode.com/problems/equal-row-and-column-pairs,"Array, Hash Table, Matrix, Simulation"
MEDIUM,Find if Array Can Be Sorted,12.5,0.6615,https://leetcode.com/problems/find-if-array-can-be-sorted,"Array, Bit Manipulation, Sorting"
MEDIUM,Longest Balanced Substring I,12.5,0.6969,https://leetcode.com/problems/longest-balanced-substring-i,"Hash Table, String, Counting, Enumeration"
HARD,Longest Happy Prefix,12.5,0.5398,https://leetcode.com/problems/longest-happy-prefix,"String, Rolling Hash, String Matching, Hash Function, Z Algorithm, Knuth–Morris–Pratt Algorithm"
MEDIUM,Check If a String Contains All Binary Codes of Size K,12.5,0.6165,https://leetcode.com/problems/check-if-a-string-contains-all-binary-codes-of-size-k,"Hash Table, String, Bit Manipulation, Rolling Hash, Hash Function, Directed Acyclic Graph"
HARD,Find in Mountain Array,12.5,0.4205,https://leetcode.com/problems/find-in-mountain-array,"Array, Binary Search, Interactive, Ternary Search"
EASY,Largest Perimeter Triangle,12.5,0.6255,https://leetcode.com/problems/largest-perimeter-triangle,"Array, Math, Greedy, Sorting, Quicksort, Polygons"
MEDIUM,Power Grid Maintenance,12.5,0.5591,https://leetcode.com/problems/power-grid-maintenance,"Array, Hash Table, Depth-First Search, Breadth-First Search, Union-Find, Graph Theory, Heap (Priority Queue), Ordered Set"
EASY,Transformed Array,12.5,0.7045,https://leetcode.com/problems/transformed-array,"Array, Simulation"
MEDIUM,Maximum Subarray Sum With Length Divisible by K,12.5,0.4956,https://leetcode.com/problems/maximum-subarray-sum-with-length-divisible-by-k,"Array, Hash Table, Prefix Sum"
EASY,Detect Capital,12.5,0.5707,https://leetcode.com/problems/detect-capital,String
EASY,Array Partition,12.5,0.8222,https://leetcode.com/problems/array-partition,"Array, Greedy, Sorting, Counting Sort"
EASY,Day of the Year,12.5,0.5067,https://leetcode.com/problems/day-of-the-year,"Math, String"
MEDIUM,Maximum Matching of Players With Trainers,12.5,0.7551,https://leetcode.com/problems/maximum-matching-of-players-with-trainers,"Array, Two Pointers, Greedy, Sorting"
MEDIUM,Ones and Zeroes,12.5,0.5384,https://leetcode.com/problems/ones-and-zeroes,"Array, String, Dynamic Programming, Knapsack Problem, 0-1 Knapsack"
EASY,Relative Sort Array,12.5,0.7547,https://leetcode.com/problems/relative-sort-array,"Array, Hash Table, Sorting, Counting Sort, Quicksort, Bubble Sort"
MEDIUM,Longest Palindrome by Concatenating Two Letter Words,12.5,0.5343,https://leetcode.com/problems/longest-palindrome-by-concatenating-two-letter-words,"Array, Hash Table, String, Greedy, Counting"
MEDIUM,Maximum and Minimum Sums of at Most Size K Subsequences,12.5,0.2206,https://leetcode.com/problems/maximum-and-minimum-sums-of-at-most-size-k-subsequences,"Array, Math, Dynamic Programming, Sorting, Combinatorics"
EASY,Compute Decimal Representation,12.5,0.6437,https://leetcode.com/problems/compute-decimal-representation,"Array, Math"
MEDIUM,Maximum Product of Three Elements After One Replacement,12.5,0.4796,https://leetcode.com/problems/maximum-product-of-three-elements-after-one-replacement,"Array, Math, Greedy, Sorting"
EASY,Primary Department for Each Employee,12.5,0.7556,https://leetcode.com/problems/primary-department-for-each-employee,Database
MEDIUM,Avoid Flood in The City,12.5,0.3894,https://leetcode.com/problems/avoid-flood-in-the-city,"Array, Hash Table, Binary Search, Greedy, Heap (Priority Queue)"
HARD,Minimum Window Subsequence,12.5,0.4388,https://leetcode.com/problems/minimum-window-subsequence,"String, Dynamic Programming, Sliding Window"
EASY,Binary Tree Tilt,12.5,0.6652,https://leetcode.com/problems/binary-tree-tilt,"Tree, Depth-First Search, Binary Tree, DP on Trees"
MEDIUM,Divide Array Into Arrays With Max Difference,12.5,0.7906,https://leetcode.com/problems/divide-array-into-arrays-with-max-difference,"Array, Greedy, Sorting"
MEDIUM,Maximum Number of Fish in a Grid,12.5,0.7040,https://leetcode.com/problems/maximum-number-of-fish-in-a-grid,"Array, Depth-First Search, Breadth-First Search, Union-Find, Matrix"
EASY,Crawler Log Folder,12.5,0.7173,https://leetcode.com/problems/crawler-log-folder,"Array, String, Stack"
MEDIUM,Minimum Number of Flips to Make the Binary String Alternating,12.5,0.5368,https://leetcode.com/problems/minimum-number-of-flips-to-make-the-binary-string-alternating,"String, Dynamic Programming, Sliding Window"
HARD,Divide Nodes Into the Maximum Number of Groups,12.5,0.6682,https://leetcode.com/problems/divide-nodes-into-the-maximum-number-of-groups,"Depth-First Search, Breadth-First Search, Union-Find, Graph Theory"
MEDIUM,Find the Longest Substring Containing Vowels in Even Counts,12.5,0.7559,https://leetcode.com/problems/find-the-longest-substring-containing-vowels-in-even-counts,"Hash Table, String, Bit Manipulation, Prefix Sum"
MEDIUM,Water Bottles II,12.5,0.7791,https://leetcode.com/problems/water-bottles-ii,"Math, Simulation"
MEDIUM,Design File System,12.5,0.6521,https://leetcode.com/problems/design-file-system,"Hash Table, String, Design, Trie"
MEDIUM,Most Profit Assigning Work,12.5,0.5637,https://leetcode.com/problems/most-profit-assigning-work,"Array, Two Pointers, Binary Search, Greedy, Sorting"
MEDIUM,Maximum Number of Jumps to Reach the Last Index,12.5,0.5126,https://leetcode.com/problems/maximum-number-of-jumps-to-reach-the-last-index,"Array, Dynamic Programming"
MEDIUM,Movement of Robots,12.5,0.2862,https://leetcode.com/problems/movement-of-robots,"Array, Brainteaser, Sorting, Prefix Sum"
HARD,Strange Printer,12.5,0.6102,https://leetcode.com/problems/strange-printer,"String, Dynamic Programming"
MEDIUM,Find the City With the Smallest Number of Neighbors at a Threshold Distance,12.5,0.7390,https://leetcode.com/problems/find-the-city-with-the-smallest-number-of-neighbors-at-a-threshold-distance,"Dynamic Programming, Graph Theory, Shortest Path, Dijkstra's Algorithm, Bellman–Ford Algorithm, Floyd–Warshall Algorithm"
MEDIUM,Regions Cut By Slashes,12.5,0.7756,https://leetcode.com/problems/regions-cut-by-slashes,"Array, Hash Table, Depth-First Search, Breadth-First Search, Union-Find, Matrix, Planar Graph"
MEDIUM,Valid Palindrome IV,12.5,0.7544,https://leetcode.com/problems/valid-palindrome-iv,"Two Pointers, String"
HARD,The Score of Students Solving Math Expression,12.5,0.3479,https://leetcode.com/problems/the-score-of-students-solving-math-expression,"Array, Hash Table, Math, String, Dynamic Programming, Stack, Memoization"
MEDIUM,Longest Univalue Path,12.5,0.4451,https://leetcode.com/problems/longest-univalue-path,"Tree, Depth-First Search, Binary Tree, DP on Trees"
EASY,Minimum Sum of Four Digit Number After Splitting Digits,12.5,0.8641,https://leetcode.com/problems/minimum-sum-of-four-digit-number-after-splitting-digits,"Math, Greedy, Sorting"
MEDIUM,Shortest Path with Alternating Colors,12.5,0.4832,https://leetcode.com/problems/shortest-path-with-alternating-colors,"Breadth-First Search, Graph Theory"
MEDIUM,Minimum Operations to Reduce X to Zero,12.5,0.4504,https://leetcode.com/problems/minimum-operations-to-reduce-x-to-zero,"Array, Hash Table, Binary Search, Sliding Window, Prefix Sum"
EASY,Number of Senior Citizens,12.5,0.8121,https://leetcode.com/problems/number-of-senior-citizens,"Array, String"
MEDIUM,Find All Possible Recipes from Given Supplies,12.5,0.5716,https://leetcode.com/problems/find-all-possible-recipes-from-given-supplies,"Array, Hash Table, String, Graph Theory, Topological Sort, Directed Acyclic Graph"
HARD,Minimum Number of Increments on Subarrays to Form a Target Array,12.5,0.7830,https://leetcode.com/problems/minimum-number-of-increments-on-subarrays-to-form-a-target-array,"Array, Dynamic Programming, Stack, Greedy, Monotonic Stack"
EASY,Delete Characters to Make Fancy String,12.5,0.7400,https://leetcode.com/problems/delete-characters-to-make-fancy-string,String
MEDIUM,Bitwise XOR of All Pairings,12.5,0.6689,https://leetcode.com/problems/bitwise-xor-of-all-pairings,"Array, Bit Manipulation, Brainteaser"
EASY,Maximum Count of Positive Integer and Negative Integer,12.5,0.7420,https://leetcode.com/problems/maximum-count-of-positive-integer-and-negative-integer,"Array, Binary Search, Counting"
MEDIUM,Ugly Number III,12.5,0.3216,https://leetcode.com/problems/ugly-number-iii,"Math, Binary Search, Combinatorics, Number Theory, Least Common Multiple, Euclidean Algorithm, Greatest Common Divisor, Inclusion-Exclusion Principle"
HARD,Total Characters in String After Transformations II,12.5,0.5766,https://leetcode.com/problems/total-characters-in-string-after-transformations-ii,"Hash Table, Math, String, Dynamic Programming, Counting"
HARD,Race Car,12.5,0.4513,https://leetcode.com/problems/race-car,"Dynamic Programming, Heuristic Search, A* Search"
EASY,Number of Arithmetic Triplets,12.5,0.8565,https://leetcode.com/problems/number-of-arithmetic-triplets,"Array, Hash Table, Two Pointers, Enumeration"
HARD,Find the Number of Subsequences With Equal GCD,11.4,0.6629,https://leetcode.com/problems/find-the-number-of-subsequences-with-equal-gcd,"Array, Math, Dynamic Programming, Number Theory, Euclidean Algorithm, Greatest Common Divisor"
MEDIUM,Smallest Palindromic Rearrangement I,11.4,0.7432,https://leetcode.com/problems/smallest-palindromic-rearrangement-i,"String, Sorting, Counting Sort"
MEDIUM,Predict the Winner,11.4,0.5999,https://leetcode.com/problems/predict-the-winner,"Array, Math, Dynamic Programming, Recursion, Minimax, Game Theory, Zero-Sum Game"
EASY,Smallest Divisible Digit Product I,8.0,0.7276,https://leetcode.com/problems/smallest-divisible-digit-product-i,"Math, Enumeration"
EASY,Find Missing Elements,8.0,0.8824,https://leetcode.com/problems/find-missing-elements,"Array, Hash Table, Sorting"
MEDIUM,Find the Lexicographically Smallest Valid Sequence,8.0,0.5738,https://leetcode.com/problems/find-the-lexicographically-smallest-valid-sequence,"Two Pointers, String, Dynamic Programming, Greedy"
MEDIUM,Find the Kth Largest Integer in the Array,5.0,0.4837,https://leetcode.com/problems/find-the-kth-largest-integer-in-the-array,"Array, String, Divide and Conquer, Sorting, Heap (Priority Queue), Quickselect"
HARD,Minimum Number of K Consecutive Bit Flips,5.0,0.6246,https://leetcode.com/problems/minimum-number-of-k-consecutive-bit-flips,"Array, Bit Manipulation, Queue, Sliding Window, Prefix Sum, Brute-Force Search"
HARD,Critical Connections in a Network,5.0,0.6062,https://leetcode.com/problems/critical-connections-in-a-network,"Depth-First Search, Graph Theory, Biconnected Component, Bridge (Graph)"
MEDIUM,Maximum Subarray Sum with One Deletion,5.0,0.4970,https://leetcode.com/problems/maximum-subarray-sum-with-one-deletion,"Array, Dynamic Programming"
EASY,Special Array With X Elements Greater Than or Equal X,5.0,0.6707,https://leetcode.com/problems/special-array-with-x-elements-greater-than-or-equal-x,"Array, Binary Search, Sorting"
EASY,Sum Multiples,5.0,0.8614,https://leetcode.com/problems/sum-multiples,Math
EASY,Number of Even and Odd Bits,5.0,0.7341,https://leetcode.com/problems/number-of-even-and-odd-bits,Bit Manipulation
MEDIUM,Minimized Maximum of Products Distributed to Any Store,5.0,0.6325,https://leetcode.com/problems/minimized-maximum-of-products-distributed-to-any-store,"Array, Binary Search, Greedy"
MEDIUM,Integer Replacement,5.0,0.3807,https://leetcode.com/problems/integer-replacement,"Dynamic Programming, Greedy, Bit Manipulation, Memoization"
EASY,Restore Finishing Order,5.0,0.9084,https://leetcode.com/problems/restore-finishing-order,"Array, Hash Table"
HARD,Smallest Palindromic Rearrangement II,5.0,0.4388,https://leetcode.com/problems/smallest-palindromic-rearrangement-ii,"Hash Table, Math, String, Combinatorics, Counting"
MEDIUM,Sliding Subarray Beauty,5.0,0.3801,https://leetcode.com/problems/sliding-subarray-beauty,"Array, Hash Table, Sliding Window"
EASY,Concatenate Non-Zero Digits and Multiply by Sum I,5.0,0.6588,https://leetcode.com/problems/concatenate-non-zero-digits-and-multiply-by-sum-i,Math
HARD,Count Beautiful Numbers,5.0,0.2454,https://leetcode.com/problems/count-beautiful-numbers,Dynamic Programming
MEDIUM,Maximum Value at a Given Index in a Bounded Array,5.0,0.3886,https://leetcode.com/problems/maximum-value-at-a-given-index-in-a-bounded-array,"Math, Binary Search, Greedy"
HARD,Count Subarrays With K Distinct Integers,5.0,0.2056,https://leetcode.com/problems/count-subarrays-with-k-distinct-integers,"Array, Hash Table, Sliding Window, Counting"
EASY,Limit Occurrences in Sorted Array,5.0,0.7252,https://leetcode.com/problems/limit-occurrences-in-sorted-array,"Array, Two Pointers"
EASY,Biggest Single Number,5.0,0.7228,https://leetcode.com/problems/biggest-single-number,Database
HARD,Smallest Divisible Digit Product II,5.0,0.4491,https://leetcode.com/problems/smallest-divisible-digit-product-ii,"Math, String, Backtracking, Greedy, Number Theory"
EASY,Truncate Sentence,5.0,0.8712,https://leetcode.com/problems/truncate-sentence,"Array, String"
EASY,Height Checker,5.0,0.8207,https://leetcode.com/problems/height-checker,"Array, Sorting, Counting Sort, Bubble Sort"
MEDIUM,Find the Winner of the Circular Game,5.0,0.8235,https://leetcode.com/problems/find-the-winner-of-the-circular-game,"Array, Math, Recursion, Queue, Simulation"
EASY,Patients With a Condition,5.0,0.3937,https://leetcode.com/problems/patients-with-a-condition,Database
EASY,Maximum Product of Two Digits,5.0,0.7537,https://leetcode.com/problems/maximum-product-of-two-digits,"Math, Sorting"
HARD,Minimum Cost Path with Alternating Directions III,5.0,0.6144,https://leetcode.com/problems/minimum-cost-path-with-alternating-directions-iii,"Array, Graph Theory, Heap (Priority Queue), Matrix, Shortest Path"
HARD,Number of Different Subsequences GCDs,5.0,0.4729,https://leetcode.com/problems/number-of-different-subsequences-gcds,"Array, Math, Counting, Number Theory, Euclidean Algorithm, Greatest Common Divisor"
MEDIUM,Number of Unique XOR Triplets I,5.0,0.5754,https://leetcode.com/problems/number-of-unique-xor-triplets-i,"Array, Math, Bit Manipulation"
MEDIUM,Minimum Number of Coins to be Added,5.0,0.5811,https://leetcode.com/problems/minimum-number-of-coins-to-be-added,"Array, Greedy, Sorting"
EASY,Calculate Special Bonus,5.0,0.5720,https://leetcode.com/problems/calculate-special-bonus,Database
EASY,Number of Changing Keys,5.0,0.8062,https://leetcode.com/problems/number-of-changing-keys,String
HARD,Split Array with Equal Sum,0.0,0.4995,https://leetcode.com/problems/split-array-with-equal-sum,"Array, Hash Table, Prefix Sum"
MEDIUM,Closest Leaf in a Binary Tree,0.0,0.4751,https://leetcode.com/problems/closest-leaf-in-a-binary-tree,"Tree, Depth-First Search, Breadth-First Search, Binary Tree"
MEDIUM,Trim a Binary Search Tree,0.0,0.6687,https://leetcode.com/problems/trim-a-binary-search-tree,"Tree, Depth-First Search, Binary Search Tree, Binary Tree"
EASY,Uncommon Words from Two Sentences,0.0,0.7587,https://leetcode.com/problems/uncommon-words-from-two-sentences,"Hash Table, String, Counting"
MEDIUM,Implement Magic Dictionary,0.0,0.5824,https://leetcode.com/problems/implement-magic-dictionary,"Hash Table, String, Depth-First Search, Design, Trie"
MEDIUM,Minimum Number of Arrows to Burst Balloons,0.0,0.6194,https://leetcode.com/problems/minimum-number-of-arrows-to-burst-balloons,"Array, Greedy, Sorting"
HARD,Process Restricted Friend Requests,0.0,0.6191,https://leetcode.com/problems/process-restricted-friend-requests,"Union-Find, Graph Theory"
EASY,Two Sum Less Than K,0.0,0.6215,https://leetcode.com/problems/two-sum-less-than-k,"Array, Two Pointers, Binary Search, Sorting"
HARD,Find K-th Smallest Pair Distance,0.0,0.4685,https://leetcode.com/problems/find-k-th-smallest-pair-distance,"Array, Two Pointers, Binary Search, Sorting"
MEDIUM,Unique Word Abbreviation,0.0,0.2804,https://leetcode.com/problems/unique-word-abbreviation,"Array, Hash Table, String, Design"
EASY,Find the Middle Index in Array,0.0,0.7066,https://leetcode.com/problems/find-the-middle-index-in-array,"Array, Prefix Sum"
EASY,Check Array Formation Through Concatenation,0.0,0.5755,https://leetcode.com/problems/check-array-formation-through-concatenation,"Array, Hash Table"
EASY,Remove One Element to Make the Array Strictly Increasing,0.0,0.3084,https://leetcode.com/problems/remove-one-element-to-make-the-array-strictly-increasing,Array
EASY,Shortest Word Distance,0.0,0.6641,https://leetcode.com/problems/shortest-word-distance,"Array, String"
MEDIUM,Path Sum IV,0.0,0.6292,https://leetcode.com/problems/path-sum-iv,"Array, Hash Table, Tree, Depth-First Search, Binary Tree"
MEDIUM,Number of Pairs of Strings With Concatenation Equal to Target,0.0,0.7554,https://leetcode.com/problems/number-of-pairs-of-strings-with-concatenation-equal-to-target,"Array, Hash Table, String, Counting"
MEDIUM,Advantage Shuffle,0.0,0.5504,https://leetcode.com/problems/advantage-shuffle,"Array, Two Pointers, Greedy, Sorting"
MEDIUM,Shopping Offers,0.0,0.5284,https://leetcode.com/problems/shopping-offers,"Array, Dynamic Programming, Backtracking, Bit Manipulation, Memoization, Bitmask, Knapsack Problem, Complete Knapsack"
EASY,Increasing Order Search Tree,0.0,0.7913,https://leetcode.com/problems/increasing-order-search-tree,"Stack, Tree, Depth-First Search, Binary Search Tree, Binary Tree"
EASY,Sentence Similarity,0.0,0.4491,https://leetcode.com/problems/sentence-similarity,"Array, Hash Table, String"
MEDIUM,Expressive Words,0.0,0.4706,https://leetcode.com/problems/expressive-words,"Array, Two Pointers, String"
MEDIUM,Binary Search Tree to Greater Sum Tree,0.0,0.8844,https://leetcode.com/problems/binary-search-tree-to-greater-sum-tree,"Tree, Depth-First Search, Binary Search Tree, Binary Tree"
MEDIUM,Count Number of Teams,0.0,0.7021,https://leetcode.com/problems/count-number-of-teams,"Array, Dynamic Programming, Binary Indexed Tree, Segment Tree"
EASY,Check If a Number Is Majority Element in a Sorted Array,0.0,0.5994,https://leetcode.com/problems/check-if-a-number-is-majority-element-in-a-sorted-array,"Array, Binary Search"
MEDIUM,First Unique Number,0.0,0.5796,https://leetcode.com/problems/first-unique-number,"Array, Hash Table, Design, Queue, Data Stream"
MEDIUM,Find Leaves of Binary Tree,0.0,0.8138,https://leetcode.com/problems/find-leaves-of-binary-tree,"Tree, Depth-First Search, Binary Tree, DP on Trees"
MEDIUM,Replace Words,0.0,0.6900,https://leetcode.com/problems/replace-words,"Array, Hash Table, String, Trie"
HARD,Frog Jump,0.0,0.4767,https://leetcode.com/problems/frog-jump,"Array, Dynamic Programming"
HARD,Serialize and Deserialize N-ary Tree,0.0,0.6900,https://leetcode.com/problems/serialize-and-deserialize-n-ary-tree,"String, Tree, Depth-First Search, Breadth-First Search"
HARD,Rearrange String k Distance Apart,0.0,0.4003,https://leetcode.com/problems/rearrange-string-k-distance-apart,"Hash Table, String, Greedy, Sorting, Heap (Priority Queue), Counting"
MEDIUM,Serialize and Deserialize BST,0.0,0.6006,https://leetcode.com/problems/serialize-and-deserialize-bst,"String, Tree, Depth-First Search, Breadth-First Search, Design, Binary Search Tree, Binary Tree"
MEDIUM,Flatten 2D Vector,0.0,0.5055,https://leetcode.com/problems/flatten-2d-vector,"Array, Two Pointers, Design, Iterator"
MEDIUM,Range Sum Query 2D - Mutable,0.0,0.4596,https://leetcode.com/problems/range-sum-query-2d-mutable,"Array, Design, Binary Indexed Tree, Segment Tree, Matrix, Sqrt Decomposition"
MEDIUM,Longest Arithmetic Subsequence,0.0,0.5019,https://leetcode.com/problems/longest-arithmetic-subsequence,"Array, Hash Table, Binary Search, Dynamic Programming"
MEDIUM,Number of Distinct Islands,0.0,0.6301,https://leetcode.com/problems/number-of-distinct-islands,"Array, Hash Table, Depth-First Search, Breadth-First Search, Union-Find, Sorting, Matrix, Hash Function"
MEDIUM,Wiggle Sort,0.0,0.6850,https://leetcode.com/problems/wiggle-sort,"Array, Greedy, Sorting"
HARD,Closest Binary Search Tree Value II,0.0,0.6135,https://leetcode.com/problems/closest-binary-search-tree-value-ii,"Two Pointers, Stack, Tree, Depth-First Search, Binary Search Tree, Heap (Priority Queue), Binary Tree"
MEDIUM,Minimum Area Rectangle II,0.0,0.5607,https://leetcode.com/problems/minimum-area-rectangle-ii,"Array, Hash Table, Math, Geometry"
MEDIUM,Second Degree Follower,0.0,0.4097,https://leetcode.com/problems/second-degree-follower,Database
MEDIUM,Word Pattern II,0.0,0.4917,https://leetcode.com/problems/word-pattern-ii,"Hash Table, String, Backtracking"
HARD,Max Sum of Rectangle No Larger Than K,0.0,0.4611,https://leetcode.com/problems/max-sum-of-rectangle-no-larger-than-k,"Array, Binary Search, Matrix, Prefix Sum, Ordered Set"
HARD,Number of Ways to Stay in the Same Place After Some Steps,0.0,0.5017,https://leetcode.com/problems/number-of-ways-to-stay-in-the-same-place-after-some-steps,Dynamic Programming
MEDIUM,Pancake Sorting,0.0,0.7197,https://leetcode.com/problems/pancake-sorting,"Array, Two Pointers, Greedy, Sorting"
HARD,Strobogrammatic Number III,0.0,0.4271,https://leetcode.com/problems/strobogrammatic-number-iii,"Array, String, Recursion"
MEDIUM,Peeking Iterator,0.0,0.6200,https://leetcode.com/problems/peeking-iterator,"Array, Design, Iterator"
HARD,Data Stream as Disjoint Intervals,0.0,0.6066,https://leetcode.com/problems/data-stream-as-disjoint-intervals,"Hash Table, Binary Search, Union-Find, Design, Data Stream, Ordered Set"
MEDIUM,Non-decreasing Subsequences,0.0,0.6316,https://leetcode.com/problems/non-decreasing-subsequences,"Array, Hash Table, Backtracking, Bit Manipulation"
MEDIUM,Split BST,0.0,0.8212,https://leetcode.com/problems/split-bst,"Tree, Binary Search Tree, Recursion, Binary Tree"
MEDIUM,Exam Room,0.0,0.4382,https://leetcode.com/problems/exam-room,"Design, Heap (Priority Queue), Ordered Set"
MEDIUM,Valid Tic-Tac-Toe State,0.0,0.3504,https://leetcode.com/problems/valid-tic-tac-toe-state,"Array, Matrix"
MEDIUM,Wiggle Sort II,0.0,0.3841,https://leetcode.com/problems/wiggle-sort-ii,"Array, Divide and Conquer, Greedy, Sorting, Quickselect"
HARD,Stamping The Sequence,0.0,0.6235,https://leetcode.com/problems/stamping-the-sequence,"String, Stack, Greedy, Queue"
EASY,Excel Sheet Column Number,0.0,0.6849,https://leetcode.com/problems/excel-sheet-column-number,"Math, String"
HARD,Count Different Palindromic Subsequences,0.0,0.4839,https://leetcode.com/problems/count-different-palindromic-subsequences,"String, Dynamic Programming"
MEDIUM,Equal Tree Partition,0.0,0.4230,https://leetcode.com/problems/equal-tree-partition,"Tree, Depth-First Search, Binary Tree"
HARD,Arithmetic Slices II - Subsequence,0.0,0.5530,https://leetcode.com/problems/arithmetic-slices-ii-subsequence,"Array, Dynamic Programming"
MEDIUM,Range Sum Query - Mutable,0.0,0.4383,https://leetcode.com/problems/range-sum-query-mutable,"Array, Divide and Conquer, Design, Binary Indexed Tree, Segment Tree, Sqrt Decomposition"
MEDIUM,Different Ways to Add Parentheses,0.0,0.7369,https://leetcode.com/problems/different-ways-to-add-parentheses,"Math, String, Dynamic Programming, Recursion, Memoization, Bracket Sequences"
MEDIUM,Previous Permutation With One Swap,0.0,0.4933,https://leetcode.com/problems/previous-permutation-with-one-swap,"Array, Greedy"
MEDIUM,Next Closest Time,0.0,0.4704,https://leetcode.com/problems/next-closest-time,"Hash Table, String, Backtracking, Enumeration"
MEDIUM,Valid Square,0.0,0.4557,https://leetcode.com/problems/valid-square,"Math, Geometry"
MEDIUM,Count Univalue Subtrees,0.0,0.5761,https://leetcode.com/problems/count-univalue-subtrees,"Tree, Depth-First Search, Binary Tree, DP on Trees"
MEDIUM,Shifting Letters,0.0,0.4654,https://leetcode.com/problems/shifting-letters,"Array, String, Prefix Sum"
EASY,Shortest Distance to a Character,0.0,0.7303,https://leetcode.com/problems/shortest-distance-to-a-character,"Array, Two Pointers, String"
MEDIUM,Next Greater Node In Linked List,0.0,0.6487,https://leetcode.com/problems/next-greater-node-in-linked-list,"Array, Linked List, Stack, Monotonic Stack"
MEDIUM,Maximum Width Ramp,0.0,0.5595,https://leetcode.com/problems/maximum-width-ramp,"Array, Two Pointers, Stack, Monotonic Stack"
HARD,Super Egg Drop,0.0,0.3088,https://leetcode.com/problems/super-egg-drop,"Math, Binary Search, Dynamic Programming"
MEDIUM,Check If Word Is Valid After Substitutions,0.0,0.6146,https://leetcode.com/problems/check-if-word-is-valid-after-substitutions,"String, Stack"
MEDIUM,Campus Bikes,0.0,0.5910,https://leetcode.com/problems/campus-bikes,"Array, Sorting, Heap (Priority Queue)"
HARD,Number of Atoms,0.0,0.6525,https://leetcode.com/problems/number-of-atoms,"Hash Table, String, Stack, Sorting"
HARD,Concatenated Words,0.0,0.5000,https://leetcode.com/problems/concatenated-words,"Array, String, Dynamic Programming, Depth-First Search, Trie, Sorting"
MEDIUM,Design Snake Game,0.0,0.4011,https://leetcode.com/problems/design-snake-game,"Array, Hash Table, Design, Queue, Simulation"
MEDIUM,Path with Maximum Gold,0.0,0.6862,https://leetcode.com/problems/path-with-maximum-gold,"Array, Backtracking, Matrix"
MEDIUM,Single Number III,0.0,0.7011,https://leetcode.com/problems/single-number-iii,"Array, Bit Manipulation"
MEDIUM,Maximum Sum of Two Non-Overlapping Subarrays,0.0,0.6152,https://leetcode.com/problems/maximum-sum-of-two-non-overlapping-subarrays,"Array, Dynamic Programming, Sliding Window"
MEDIUM,Maximum Length of Pair Chain,0.0,0.6221,https://leetcode.com/problems/maximum-length-of-pair-chain,"Array, Dynamic Programming, Greedy, Sorting, Longest Increasing Subsequence"
MEDIUM,Wiggle Subsequence,0.0,0.4982,https://leetcode.com/problems/wiggle-subsequence,"Array, Dynamic Programming, Greedy"
MEDIUM,Best Time to Buy and Sell Stock with Cooldown,0.0,0.6280,https://leetcode.com/problems/best-time-to-buy-and-sell-stock-with-cooldown,"Array, Dynamic Programming"
EASY,Shuffle String,0.0,0.8555,https://leetcode.com/problems/shuffle-string,"Array, String"
HARD,Number of Squareful Arrays,0.0,0.5196,https://leetcode.com/problems/number-of-squareful-arrays,"Array, Hash Table, Math, Dynamic Programming, Backtracking, Bit Manipulation, Bitmask"
HARD,Restore The Array,0.0,0.4674,https://leetcode.com/problems/restore-the-array,"String, Dynamic Programming"
HARD,Sum of Prefix Scores of Strings,0.0,0.6089,https://leetcode.com/problems/sum-of-prefix-scores-of-strings,"Array, String, Trie, Counting"
MEDIUM,Active Users,0.0,0.3656,https://leetcode.com/problems/active-users,Database
MEDIUM,The Number of Beautiful Subsets,0.0,0.5104,https://leetcode.com/problems/the-number-of-beautiful-subsets,"Array, Hash Table, Math, Dynamic Programming, Backtracking, Sorting, Combinatorics"
MEDIUM,Maximum Average Subtree,0.0,0.6700,https://leetcode.com/problems/maximum-average-subtree,"Tree, Depth-First Search, Binary Tree"
HARD,Number of Distinct Islands II,0.0,0.5570,https://leetcode.com/problems/number-of-distinct-islands-ii,"Array, Hash Table, Depth-First Search, Breadth-First Search, Union-Find, Sorting, Matrix, Hash Function"
HARD,Number of Music Playlists,0.0,0.6012,https://leetcode.com/problems/number-of-music-playlists,"Math, Dynamic Programming, Combinatorics"
MEDIUM,Add One Row to Tree,0.0,0.6421,https://leetcode.com/problems/add-one-row-to-tree,"Tree, Depth-First Search, Breadth-First Search, Binary Tree"
MEDIUM,Determine if Two Strings Are Close,0.0,0.5444,https://leetcode.com/problems/determine-if-two-strings-are-close,"Hash Table, String, Sorting, Counting"
HARD,Count All Valid Pickup and Delivery Options,0.0,0.6496,https://leetcode.com/problems/count-all-valid-pickup-and-delivery-options,"Math, Dynamic Programming, Combinatorics"
HARD,Kth Ancestor of a Tree Node,0.0,0.3971,https://leetcode.com/problems/kth-ancestor-of-a-tree-node,"Binary Search, Dynamic Programming, Bit Manipulation, Tree, Depth-First Search, Breadth-First Search, Design, Binary Lifting"
MEDIUM,Print Immutable Linked List in Reverse,0.0,0.9404,https://leetcode.com/problems/print-immutable-linked-list-in-reverse,"Linked List, Two Pointers, Stack, Recursion"
HARD,Minimum Insertion Steps to Make a String Palindrome,0.0,0.7449,https://leetcode.com/problems/minimum-insertion-steps-to-make-a-string-palindrome,"String, Dynamic Programming"
MEDIUM,Number of Calls Between Two Persons,0.0,0.8067,https://leetcode.com/problems/number-of-calls-between-two-persons,Database
HARD,Find the Longest Valid Obstacle Course at Each Position,0.0,0.6253,https://leetcode.com/problems/find-the-longest-valid-obstacle-course-at-each-position,"Array, Binary Search, Binary Indexed Tree, Longest Increasing Subsequence"
HARD,Jump Game V,0.0,0.7583,https://leetcode.com/problems/jump-game-v,"Array, Dynamic Programming, Sorting"
HARD,Split Message Based on Limit,0.0,0.4212,https://leetcode.com/problems/split-message-based-on-limit,"String, Enumeration"
MEDIUM,Find Distance in a Binary Tree,0.0,0.7438,https://leetcode.com/problems/find-distance-in-a-binary-tree,"Hash Table, Tree, Depth-First Search, Breadth-First Search, Binary Tree, Binary Lifting, Lowest Common Ancestor"
