Difficulty,Title,Frequency,Acceptance Rate,Link,Topics
EASY,Two Sum,100.0,0.5793,https://leetcode.com/problems/two-sum,"Array, Hash Table"
MEDIUM,Add Two Numbers,81.4,0.4941,https://leetcode.com/problems/add-two-numbers,"Linked List, Math, Recursion"
MEDIUM,Longest Palindromic Substring,80.5,0.3873,https://leetcode.com/problems/longest-palindromic-substring,"Two Pointers, String, Dynamic Programming, Manacher"
MEDIUM,Longest Substring Without Repeating Characters,79.7,0.3988,https://leetcode.com/problems/longest-substring-without-repeating-characters,"Hash Table, String, Sliding Window"
HARD,Trapping Rain Water,78.7,0.6828,https://leetcode.com/problems/trapping-rain-water,"Array, Two Pointers, Dynamic Programming, Stack, Monotonic Stack"
MEDIUM,LRU Cache,77.9,0.4811,https://leetcode.com/problems/lru-cache,"Hash Table, Linked List, Design, Doubly-Linked List"
EASY,Best Time to Buy and Sell Stock,77.7,0.5744,https://leetcode.com/problems/best-time-to-buy-and-sell-stock,"Array, Dynamic Programming"
HARD,Median of Two Sorted Arrays,75.2,0.4768,https://leetcode.com/problems/median-of-two-sorted-arrays,"Array, Binary Search, Divide and Conquer"
MEDIUM,Number of Islands,75.0,0.6519,https://leetcode.com/problems/number-of-islands,"Array, Depth-First Search, Breadth-First Search, Union-Find, Matrix"
MEDIUM,Group Anagrams,75.0,0.7333,https://leetcode.com/problems/group-anagrams,"Array, Hash Table, String, Sorting"
MEDIUM,Search in Rotated Sorted Array,75.0,0.4569,https://leetcode.com/problems/search-in-rotated-sorted-array,"Array, Binary Search"
EASY,Valid Parentheses,75.0,0.4495,https://leetcode.com/problems/valid-parentheses,"String, Stack, Bracket Sequences"
MEDIUM,Maximum Subarray,75.0,0.5390,https://leetcode.com/problems/maximum-subarray,"Array, Divide and Conquer, Dynamic Programming"
MEDIUM,Merge Intervals,75.0,0.5288,https://leetcode.com/problems/merge-intervals,"Array, Sorting, Quicksort"
EASY,Merge Sorted Array,75.0,0.5578,https://leetcode.com/problems/merge-sorted-array,"Array, Two Pointers, Sorting"
EASY,Roman to Integer,75.0,0.6722,https://leetcode.com/problems/roman-to-integer,"Hash Table, Math, String"
EASY,Majority Element,75.0,0.6652,https://leetcode.com/problems/majority-element,"Array, Hash Table, Divide and Conquer, Sorting, Counting, Boyer–Moore Majority Vote Algorithm"
EASY,Remove Duplicates from Sorted Array,75.0,0.6384,https://leetcode.com/problems/remove-duplicates-from-sorted-array,"Array, Two Pointers"
MEDIUM,3Sum,75.0,0.3994,https://leetcode.com/problems/3sum,"Array, Two Pointers, Sorting"
MEDIUM,Subarray Sum Equals K,75.0,0.4823,https://leetcode.com/problems/subarray-sum-equals-k,"Array, Hash Table, Prefix Sum"
MEDIUM,Container With Most Water,75.0,0.6090,https://leetcode.com/problems/container-with-most-water,"Array, Two Pointers, Greedy"
EASY,Longest Common Prefix,75.0,0.4842,https://leetcode.com/problems/longest-common-prefix,"Array, String, Trie"
EASY,Palindrome Number,75.0,0.6099,https://leetcode.com/problems/palindrome-number,Math
MEDIUM,Next Permutation,66.9,0.4624,https://leetcode.com/problems/next-permutation,"Array, Two Pointers"
MEDIUM,Spiral Matrix,66.7,0.5796,https://leetcode.com/problems/spiral-matrix,"Array, Matrix, Simulation"
MEDIUM,Rotate Image,66.7,0.8075,https://leetcode.com/problems/rotate-image,"Array, Math, Matrix"
EASY,Climbing Stairs,66.5,0.5436,https://leetcode.com/problems/climbing-stairs,"Math, Dynamic Programming, Memoization"
EASY,Merge Two Sorted Lists,66.2,0.6892,https://leetcode.com/problems/merge-two-sorted-lists,"Linked List, Recursion"
EASY,Create Hello World Function,65.7,0.8193,https://leetcode.com/problems/create-hello-world-function,
EASY,Reverse Linked List,65.2,0.8109,https://leetcode.com/problems/reverse-linked-list,"Linked List, Recursion"
HARD,Merge k Sorted Lists,65.2,0.6061,https://leetcode.com/problems/merge-k-sorted-lists,"Linked List, Divide and Conquer, Heap (Priority Queue), Merge Sort, Tournament Sort"
EASY,Merge Strings Alternately,65.2,0.8215,https://leetcode.com/problems/merge-strings-alternately,"Two Pointers, String"
MEDIUM,Koko Eating Bananas,64.9,0.5059,https://leetcode.com/problems/koko-eating-bananas,"Array, Binary Search"
MEDIUM,Generate Parentheses,64.7,0.7922,https://leetcode.com/problems/generate-parentheses,"String, Dynamic Programming, Backtracking, Bracket Sequences"
MEDIUM,Product of Array Except Self,64.4,0.6930,https://leetcode.com/problems/product-of-array-except-self,"Array, Prefix Sum"
EASY,Move Zeroes,64.4,0.6442,https://leetcode.com/problems/move-zeroes,"Array, Two Pointers"
MEDIUM,Sort Colors,64.1,0.7025,https://leetcode.com/problems/sort-colors,"Array, Two Pointers, Sorting, Quicksort, Bubble Sort"
MEDIUM,Reverse Integer,63.0,0.3257,https://leetcode.com/problems/reverse-integer,Math
MEDIUM,Longest Consecutive Sequence,62.7,0.4725,https://leetcode.com/problems/longest-consecutive-sequence,"Array, Hash Table, Union-Find"
MEDIUM,Reverse Words in a String,62.5,0.5795,https://leetcode.com/problems/reverse-words-in-a-string,"Two Pointers, String"
MEDIUM,Letter Combinations of a Phone Number,62.5,0.6690,https://leetcode.com/problems/letter-combinations-of-a-phone-number,"Hash Table, String, Backtracking"
HARD,Serialize and Deserialize Binary Tree,62.5,0.6118,https://leetcode.com/problems/serialize-and-deserialize-binary-tree,"String, Tree, Depth-First Search, Breadth-First Search, Design, Binary Tree"
MEDIUM,Word Search,62.5,0.4819,https://leetcode.com/problems/word-search,"Array, String, Backtracking, Depth-First Search, Matrix"
MEDIUM,Meeting Rooms II,62.5,0.5282,https://leetcode.com/problems/meeting-rooms-ii,"Array, Two Pointers, Greedy, Sorting, Heap (Priority Queue), Prefix Sum"
HARD,Reverse Nodes in k-Group,62.5,0.6732,https://leetcode.com/problems/reverse-nodes-in-k-group,"Linked List, Recursion"
MEDIUM,Copy List with Random Pointer,62.5,0.6376,https://leetcode.com/problems/copy-list-with-random-pointer,"Hash Table, Linked List"
MEDIUM,Min Stack,62.5,0.5870,https://leetcode.com/problems/min-stack,"Stack, Design"
MEDIUM,Rotate Array,62.5,0.4558,https://leetcode.com/problems/rotate-array,"Array, Math, Two Pointers"
HARD,N-Queens,62.5,0.7653,https://leetcode.com/problems/n-queens,"Array, Backtracking, Algorithm X"
MEDIUM,Kth Largest Element in an Array,62.5,0.6935,https://leetcode.com/problems/kth-largest-element-in-an-array,"Array, Divide and Conquer, Sorting, Heap (Priority Queue), Quickselect"
MEDIUM,Set Matrix Zeroes,62.5,0.6366,https://leetcode.com/problems/set-matrix-zeroes,"Array, Hash Table, Matrix"
EASY,Valid Palindrome,62.5,0.5437,https://leetcode.com/problems/valid-palindrome,"Two Pointers, String"
EASY,Valid Anagram,62.5,0.6869,https://leetcode.com/problems/valid-anagram,"Hash Table, String, Sorting"
MEDIUM,Permutations,62.5,0.8237,https://leetcode.com/problems/permutations,"Array, Backtracking"
MEDIUM,"Pow(x, n)",62.5,0.3938,https://leetcode.com/problems/powx-n,"Math, Recursion"
MEDIUM,Single Element in a Sorted Array,62.5,0.5943,https://leetcode.com/problems/single-element-in-a-sorted-array,"Array, Binary Search"
MEDIUM,House Robber,62.5,0.5362,https://leetcode.com/problems/house-robber,"Array, Dynamic Programming"
EASY,Find the Index of the First Occurrence in a String,62.5,0.4738,https://leetcode.com/problems/find-the-index-of-the-first-occurrence-in-a-string,"Two Pointers, String, String Matching, Z Algorithm, Knuth–Morris–Pratt Algorithm, Boyer–Moore String-Search Algorithm"
EASY,Contains Duplicate,62.5,0.6473,https://leetcode.com/problems/contains-duplicate,"Array, Hash Table, Sorting"
MEDIUM,Find Peak Element,62.5,0.4722,https://leetcode.com/problems/find-peak-element,"Array, Binary Search"
EASY,Remove Element,62.5,0.6259,https://leetcode.com/problems/remove-element,"Array, Two Pointers"
MEDIUM,Jump Game,62.5,0.4157,https://leetcode.com/problems/jump-game,"Array, Dynamic Programming, Greedy"
EASY,Search Insert Position,62.5,0.5232,https://leetcode.com/problems/search-insert-position,"Array, Binary Search"
EASY,Recyclable and Low Fat Products,62.5,0.8866,https://leetcode.com/problems/recyclable-and-low-fat-products,Database
MEDIUM,Rotting Oranges,57.4,0.5949,https://leetcode.com/problems/rotting-oranges,"Array, Breadth-First Search, Matrix"
HARD,Minimum Edge Reversals So Every Node Is Reachable,56.6,0.6007,https://leetcode.com/problems/minimum-edge-reversals-so-every-node-is-reachable,"Dynamic Programming, Depth-First Search, Breadth-First Search, Graph Theory"
MEDIUM,Top K Frequent Elements,55.7,0.6742,https://leetcode.com/problems/top-k-frequent-elements,"Array, Hash Table, Divide and Conquer, Sorting, Heap (Priority Queue), Bucket Sort, Counting, Quickselect"
MEDIUM,Coin Change,55.2,0.4919,https://leetcode.com/problems/coin-change,"Array, Dynamic Programming, Breadth-First Search, Knapsack Problem, Complete Knapsack"
MEDIUM,Subsets,55.2,0.8285,https://leetcode.com/problems/subsets,"Array, Backtracking, Bit Manipulation"
HARD,Largest Rectangle in Histogram,55.2,0.5092,https://leetcode.com/problems/largest-rectangle-in-histogram,"Array, Stack, Monotonic Stack, Range Minimum/Maximum Query"
MEDIUM,Longest Increasing Subsequence,55.2,0.6001,https://leetcode.com/problems/longest-increasing-subsequence,"Array, Binary Search, Dynamic Programming, Longest Increasing Subsequence"
EASY,Happy Number,55.2,0.6032,https://leetcode.com/problems/happy-number,"Hash Table, Math, Two Pointers, Floyd's Cycle Finding Algorithm"
HARD,Sliding Window Maximum,54.8,0.4928,https://leetcode.com/problems/sliding-window-maximum,"Array, Queue, Sliding Window, Heap (Priority Queue), Monotonic Queue, Range Minimum/Maximum Query"
MEDIUM,Binary Tree Zigzag Level Order Traversal,53.8,0.6455,https://leetcode.com/problems/binary-tree-zigzag-level-order-traversal,"Tree, Breadth-First Search, Binary Tree"
MEDIUM,Lowest Common Ancestor of a Binary Tree,53.8,0.7017,https://leetcode.com/problems/lowest-common-ancestor-of-a-binary-tree,"Tree, Depth-First Search, Binary Tree, Binary Lifting, Lowest Common Ancestor"
HARD,Minimum Window Substring,53.8,0.4855,https://leetcode.com/problems/minimum-window-substring,"Hash Table, String, Sliding Window"
MEDIUM,Binary Tree Level Order Traversal,53.8,0.7353,https://leetcode.com/problems/binary-tree-level-order-traversal,"Tree, Breadth-First Search, Binary Tree"
MEDIUM,Jump Game II,53.8,0.4356,https://leetcode.com/problems/jump-game-ii,"Array, Dynamic Programming, Greedy"
HARD,Find Median from Data Stream,53.8,0.5504,https://leetcode.com/problems/find-median-from-data-stream,"Two Pointers, Design, Sorting, Heap (Priority Queue), Data Stream"
MEDIUM,Find First and Last Position of Element in Sorted Array,53.8,0.4970,https://leetcode.com/problems/find-first-and-last-position-of-element-in-sorted-array,"Array, Binary Search"
MEDIUM,Longest Repeating Character Replacement,53.8,0.6073,https://leetcode.com/problems/longest-repeating-character-replacement,"Hash Table, String, Sliding Window"
MEDIUM,String to Integer (atoi),53.3,0.2180,https://leetcode.com/problems/string-to-integer-atoi,String
MEDIUM,Minimum Path Sum,53.3,0.6894,https://leetcode.com/problems/minimum-path-sum,"Array, Dynamic Programming, Matrix"
MEDIUM,Daily Temperatures,53.3,0.6921,https://leetcode.com/problems/daily-temperatures,"Array, Stack, Monotonic Stack"
HARD,Integer to English Words,52.8,0.3525,https://leetcode.com/problems/integer-to-english-words,"Math, String, Recursion"
MEDIUM,Validate Binary Search Tree,52.8,0.3639,https://leetcode.com/problems/validate-binary-search-tree,"Tree, Depth-First Search, Binary Search Tree, Binary Tree"
MEDIUM,String Compression,52.8,0.6084,https://leetcode.com/problems/string-compression,"Two Pointers, String"
MEDIUM,Search a 2D Matrix,52.8,0.5435,https://leetcode.com/problems/search-a-2d-matrix,"Array, Binary Search, Matrix"
MEDIUM,Remove Nth Node From End of List,52.8,0.5272,https://leetcode.com/problems/remove-nth-node-from-end-of-list,"Linked List, Two Pointers"
MEDIUM,Integer to Roman,52.8,0.7172,https://leetcode.com/problems/integer-to-roman,"Hash Table, Math, String"
MEDIUM,Permutation in String,52.8,0.4980,https://leetcode.com/problems/permutation-in-string,"Hash Table, Two Pointers, String, Sliding Window"
EASY,Pascal's Triangle,52.8,0.7941,https://leetcode.com/problems/pascals-triangle,"Array, Dynamic Programming"
MEDIUM,4Sum,52.8,0.4176,https://leetcode.com/problems/4sum,"Array, Two Pointers, Sorting"
EASY,Linked List Cycle,52.8,0.5513,https://leetcode.com/problems/linked-list-cycle,"Hash Table, Linked List, Two Pointers, Floyd's Cycle Finding Algorithm"
MEDIUM,Course Schedule,52.3,0.5228,https://leetcode.com/problems/course-schedule,"Depth-First Search, Breadth-First Search, Graph Theory, Topological Sort, Directed Acyclic Graph"
EASY,Combine Two Tables,52.3,0.8004,https://leetcode.com/problems/combine-two-tables,Database
EASY,Fibonacci Number,51.7,0.7468,https://leetcode.com/problems/fibonacci-number,"Math, Dynamic Programming, Recursion, Memoization"
MEDIUM,Max Consecutive Ones III,51.7,0.6850,https://leetcode.com/problems/max-consecutive-ones-iii,"Array, Binary Search, Sliding Window, Prefix Sum"
MEDIUM,Word Break,51.1,0.4993,https://leetcode.com/problems/word-break,"Array, Hash Table, String, Dynamic Programming, Trie, Memoization, Brute-Force Search"
MEDIUM,Course Schedule II,50.6,0.5631,https://leetcode.com/problems/course-schedule-ii,"Depth-First Search, Breadth-First Search, Graph Theory, Topological Sort"
MEDIUM,Unique Paths,50.6,0.6730,https://leetcode.com/problems/unique-paths,"Math, Dynamic Programming, Combinatorics"
HARD,Basic Calculator,50.6,0.4723,https://leetcode.com/problems/basic-calculator,"Math, String, Stack, Recursion"
MEDIUM,Restore IP Addresses,50.6,0.5717,https://leetcode.com/problems/restore-ip-addresses,"String, Backtracking"
EASY,Add Two Integers,50.6,0.8808,https://leetcode.com/problems/add-two-integers,Math
EASY,Missing Number,50.0,0.7273,https://leetcode.com/problems/missing-number,"Array, Hash Table, Math, Binary Search, Bit Manipulation, Sorting"
EASY,Palindrome Linked List,50.0,0.5884,https://leetcode.com/problems/palindrome-linked-list,"Linked List, Two Pointers, Stack, Recursion"
EASY,Intersection of Two Linked Lists,50.0,0.6476,https://leetcode.com/problems/intersection-of-two-linked-lists,"Hash Table, Linked List, Two Pointers"
MEDIUM,Gas Station,50.0,0.4878,https://leetcode.com/problems/gas-station,"Array, Greedy"
HARD,Word Search II,50.0,0.3894,https://leetcode.com/problems/word-search-ii,"Array, String, Backtracking, Trie, Matrix"
MEDIUM,Find Minimum in Rotated Sorted Array,50.0,0.5537,https://leetcode.com/problems/find-minimum-in-rotated-sorted-array,"Array, Binary Search"
MEDIUM,Edit Distance,50.0,0.6134,https://leetcode.com/problems/edit-distance,"String, Dynamic Programming"
MEDIUM,Flatten Binary Tree to Linked List,50.0,0.7156,https://leetcode.com/problems/flatten-binary-tree-to-linked-list,"Linked List, Stack, Tree, Depth-First Search, Binary Tree"
EASY,First Unique Character in a String,50.0,0.6640,https://leetcode.com/problems/first-unique-character-in-a-string,"Hash Table, String, Queue, Counting"
HARD,Sudoku Solver,50.0,0.6555,https://leetcode.com/problems/sudoku-solver,"Array, Hash Table, Backtracking, Matrix, Algorithm X, Dancing Links"
EASY,Symmetric Tree,50.0,0.6206,https://leetcode.com/problems/symmetric-tree,"Tree, Depth-First Search, Breadth-First Search, Binary Tree"
EASY,Excel Sheet Column Title,50.0,0.4770,https://leetcode.com/problems/excel-sheet-column-title,"Math, String"
MEDIUM,Reorder List,50.0,0.6633,https://leetcode.com/problems/reorder-list,"Linked List, Two Pointers, Stack, Recursion"
MEDIUM,Largest Number,50.0,0.4385,https://leetcode.com/problems/largest-number,"Array, String, Greedy, Sorting"
MEDIUM,Decode Ways,50.0,0.3866,https://leetcode.com/problems/decode-ways,"String, Dynamic Programming"
MEDIUM,Delete Node in a Linked List,50.0,0.8445,https://leetcode.com/problems/delete-node-in-a-linked-list,Linked List
MEDIUM,Maximum Product Subarray,50.0,0.3711,https://leetcode.com/problems/maximum-product-subarray,"Array, Dynamic Programming"
EASY,Sqrt(x),50.0,0.4232,https://leetcode.com/problems/sqrtx,"Math, Binary Search, Newton's Method"
MEDIUM,Best Time to Buy and Sell Stock II,50.0,0.7168,https://leetcode.com/problems/best-time-to-buy-and-sell-stock-ii,"Array, Dynamic Programming, Greedy"
EASY,Maximum Depth of Binary Tree,50.0,0.7865,https://leetcode.com/problems/maximum-depth-of-binary-tree,"Tree, Depth-First Search, Breadth-First Search, Binary Tree"
MEDIUM,Lowest Common Ancestor of a Binary Search Tree,50.0,0.7142,https://leetcode.com/problems/lowest-common-ancestor-of-a-binary-search-tree,"Tree, Depth-First Search, Binary Search Tree, Binary Tree, Binary Lifting, Lowest Common Ancestor"
MEDIUM,Linked List Cycle II,50.0,0.5927,https://leetcode.com/problems/linked-list-cycle-ii,"Hash Table, Linked List, Two Pointers, Floyd's Cycle Finding Algorithm"
EASY,Intersection of Two Arrays,50.0,0.7839,https://leetcode.com/problems/intersection-of-two-arrays,"Array, Hash Table, Two Pointers, Binary Search, Sorting"
EASY,Middle of the Linked List,50.0,0.8243,https://leetcode.com/problems/middle-of-the-linked-list,"Linked List, Two Pointers"
HARD,First Missing Positive,50.0,0.4382,https://leetcode.com/problems/first-missing-positive,"Array, Hash Table"
MEDIUM,Decode String,50.0,0.6326,https://leetcode.com/problems/decode-string,"String, Stack, Recursion"
MEDIUM,Insert Delete GetRandom O(1),50.0,0.5554,https://leetcode.com/problems/insert-delete-getrandom-o1,"Array, Hash Table, Math, Design, Randomized"
HARD,Regular Expression Matching,50.0,0.3183,https://leetcode.com/problems/regular-expression-matching,"String, Dynamic Programming, Recursion"
MEDIUM,Find the Duplicate Number,50.0,0.6493,https://leetcode.com/problems/find-the-duplicate-number,"Array, Two Pointers, Binary Search, Bit Manipulation, Pigeonhole Principle, Floyd's Cycle Finding Algorithm"
HARD,LFU Cache,50.0,0.5033,https://leetcode.com/problems/lfu-cache,"Hash Table, Linked List, Design, Doubly-Linked List"
MEDIUM,Valid Sudoku,50.0,0.6515,https://leetcode.com/problems/valid-sudoku,"Array, Hash Table, Matrix"
MEDIUM,Design Tic-Tac-Toe,50.0,0.5876,https://leetcode.com/problems/design-tic-tac-toe,"Array, Hash Table, Design, Matrix, Simulation"
MEDIUM,Swap Nodes in Pairs,50.0,0.7031,https://leetcode.com/problems/swap-nodes-in-pairs,"Linked List, Recursion"
HARD,Binary Tree Maximum Path Sum,50.0,0.4281,https://leetcode.com/problems/binary-tree-maximum-path-sum,"Dynamic Programming, Tree, Depth-First Search, Binary Tree, DP on Trees"
EASY,Excel Sheet Column Number,50.0,0.6849,https://leetcode.com/problems/excel-sheet-column-number,"Math, String"
HARD,Word Ladder,50.0,0.4664,https://leetcode.com/problems/word-ladder,"Hash Table, String, Breadth-First Search, Bidirectional Search"
MEDIUM,Combination Sum,50.0,0.7719,https://leetcode.com/problems/combination-sum,"Array, Backtracking"
MEDIUM,Implement Trie (Prefix Tree),50.0,0.7008,https://leetcode.com/problems/implement-trie-prefix-tree,"Hash Table, String, Design, Trie"
EASY,Single Number,50.0,0.7835,https://leetcode.com/problems/single-number,"Array, Bit Manipulation"
MEDIUM,Count Primes,50.0,0.3594,https://leetcode.com/problems/count-primes,"Array, Math, Enumeration, Number Theory, Primality Test, Sieve Theory, Prime Number Sieve"
EASY,Binary Tree Inorder Traversal,50.0,0.8067,https://leetcode.com/problems/binary-tree-inorder-traversal,"Stack, Tree, Depth-First Search, Binary Tree"
MEDIUM,Minimum Size Subarray Sum,50.0,0.5300,https://leetcode.com/problems/minimum-size-subarray-sum,"Array, Binary Search, Sliding Window, Prefix Sum"
EASY,Binary Search,50.0,0.6140,https://leetcode.com/problems/binary-search,"Array, Binary Search"
EASY,Implement Queue using Stacks,50.0,0.7031,https://leetcode.com/problems/implement-queue-using-stacks,"Stack, Design, Queue"
MEDIUM,Divide Two Integers,50.0,0.2036,https://leetcode.com/problems/divide-two-integers,"Math, Bit Manipulation"
HARD,Longest Valid Parentheses,50.0,0.3983,https://leetcode.com/problems/longest-valid-parentheses,"String, Dynamic Programming, Stack, Bracket Sequences"
MEDIUM,Two Sum II - Input Array Is Sorted,50.0,0.6592,https://leetcode.com/problems/two-sum-ii-input-array-is-sorted,"Array, Two Pointers, Binary Search"
EASY,Contains Duplicate II,50.0,0.5198,https://leetcode.com/problems/contains-duplicate-ii,"Array, Hash Table, Sliding Window"
MEDIUM,Task Scheduler,50.0,0.6390,https://leetcode.com/problems/task-scheduler,"Array, Hash Table, Greedy, Sorting, Heap (Priority Queue), Counting"
MEDIUM,All Nodes Distance K in Binary Tree,50.0,0.6813,https://leetcode.com/problems/all-nodes-distance-k-in-binary-tree,"Hash Table, Tree, Depth-First Search, Breadth-First Search, Binary Tree"
MEDIUM,Next Greater Element II,50.0,0.6922,https://leetcode.com/problems/next-greater-element-ii,"Array, Stack, Monotonic Stack"
MEDIUM,Populating Next Right Pointers in Each Node,50.0,0.6783,https://leetcode.com/problems/populating-next-right-pointers-in-each-node,"Linked List, Tree, Depth-First Search, Breadth-First Search, Binary Tree"
HARD,Candy,50.0,0.4930,https://leetcode.com/problems/candy,"Array, Greedy"
HARD,Maximal Rectangle,50.0,0.5993,https://leetcode.com/problems/maximal-rectangle,"Array, Dynamic Programming, Stack, Matrix, Monotonic Stack"
MEDIUM,Longest Common Subsequence,50.0,0.5960,https://leetcode.com/problems/longest-common-subsequence,"String, Dynamic Programming, Longest Common Subsequence"
EASY,Next Greater Element I,50.0,0.7688,https://leetcode.com/problems/next-greater-element-i,"Array, Hash Table, Stack, Monotonic Stack"
MEDIUM,Online Stock Span,50.0,0.6984,https://leetcode.com/problems/online-stock-span,"Stack, Design, Monotonic Stack, Data Stream"
MEDIUM,Simplify Path,50.0,0.5152,https://leetcode.com/problems/simplify-path,"String, Stack"
EASY,Ransom Note,50.0,0.6648,https://leetcode.com/problems/ransom-note,"Hash Table, String, Counting"
MEDIUM,Zigzag Conversion,50.0,0.5520,https://leetcode.com/problems/zigzag-conversion,String
EASY,Isomorphic Strings,50.0,0.4915,https://leetcode.com/problems/isomorphic-strings,"Hash Table, String"
MEDIUM,Palindrome Partitioning,50.0,0.7470,https://leetcode.com/problems/palindrome-partitioning,"String, Dynamic Programming, Backtracking"
MEDIUM,House Robber II,50.0,0.4559,https://leetcode.com/problems/house-robber-ii,"Array, Dynamic Programming"
EASY,Add Binary,50.0,0.5870,https://leetcode.com/problems/add-binary,"Math, String, Bit Manipulation, Simulation"
EASY,Max Consecutive Ones,50.0,0.6619,https://leetcode.com/problems/max-consecutive-ones,Array
EASY,Add Digits,50.0,0.6931,https://leetcode.com/problems/add-digits,"Math, Simulation, Number Theory"
HARD,Split Array Largest Sum,50.0,0.6149,https://leetcode.com/problems/split-array-largest-sum,"Array, Binary Search, Dynamic Programming, Greedy, Prefix Sum"
HARD,Longest Path With Different Adjacent Characters,50.0,0.5403,https://leetcode.com/problems/longest-path-with-different-adjacent-characters,"Array, String, Tree, Depth-First Search, Graph Theory, Topological Sort"
EASY,Plus One,50.0,0.5066,https://leetcode.com/problems/plus-one,"Array, Math"
MEDIUM,Design Authentication Manager,50.0,0.5879,https://leetcode.com/problems/design-authentication-manager,"Hash Table, Linked List, Design, Doubly-Linked List"
MEDIUM,Reorder Routes to Make All Paths Lead to the City Zero,50.0,0.6618,https://leetcode.com/problems/reorder-routes-to-make-all-paths-lead-to-the-city-zero,"Depth-First Search, Breadth-First Search, Graph Theory"
EASY,Rising Temperature,50.0,0.5226,https://leetcode.com/problems/rising-temperature,Database
EASY,Final Prices With a Special Discount in a Shop,50.0,0.8436,https://leetcode.com/problems/final-prices-with-a-special-discount-in-a-shop,"Array, Stack, Monotonic Stack"
MEDIUM,Frequency of the Most Frequent Element,50.0,0.4524,https://leetcode.com/problems/frequency-of-the-most-frequent-element,"Array, Binary Search, Greedy, Sliding Window, Sorting, Prefix Sum"
HARD,Wildcard Matching,45.8,0.3291,https://leetcode.com/problems/wildcard-matching,"String, Dynamic Programming, Greedy, Recursion"
EASY,Reverse String,45.0,0.8137,https://leetcode.com/problems/reverse-string,"Two Pointers, String"
EASY,Same Tree,45.0,0.6804,https://leetcode.com/problems/same-tree,"Tree, Depth-First Search, Breadth-First Search, Binary Tree"
MEDIUM,Subsets II,44.2,0.6203,https://leetcode.com/problems/subsets-ii,"Array, Backtracking, Bit Manipulation"
EASY,Remove Duplicates from Sorted List,43.3,0.5758,https://leetcode.com/problems/remove-duplicates-from-sorted-list,Linked List
MEDIUM,Reverse Linked List II,43.3,0.5247,https://leetcode.com/problems/reverse-linked-list-ii,Linked List
MEDIUM,Asteroid Collision,43.3,0.4914,https://leetcode.com/problems/asteroid-collision,"Array, Stack, Simulation"
EASY,Concatenation of Array,43.3,0.8999,https://leetcode.com/problems/concatenation-of-array,"Array, Simulation"
EASY,Reverse Vowels of a String,43.3,0.6243,https://leetcode.com/problems/reverse-vowels-of-a-string,"Two Pointers, String"
MEDIUM,Minimum Operations to Reduce an Integer to 0,43.3,0.6341,https://leetcode.com/problems/minimum-operations-to-reduce-an-integer-to-0,"Dynamic Programming, Greedy, Bit Manipulation"
EASY,Diameter of Binary Tree,42.4,0.6629,https://leetcode.com/problems/diameter-of-binary-tree,"Tree, Depth-First Search, Binary Tree, DP on Trees"
MEDIUM,3Sum Closest,42.4,0.4748,https://leetcode.com/problems/3sum-closest,"Array, Two Pointers, Sorting"
MEDIUM,Construct Binary Tree from Preorder and Inorder Traversal,42.4,0.6961,https://leetcode.com/problems/construct-binary-tree-from-preorder-and-inorder-traversal,"Array, Hash Table, Divide and Conquer, Tree, Binary Tree"
MEDIUM,Number of Provinces,42.4,0.7111,https://leetcode.com/problems/number-of-provinces,"Depth-First Search, Breadth-First Search, Union-Find, Graph Theory"
EASY,Maximum Average Subarray I,42.4,0.4926,https://leetcode.com/problems/maximum-average-subarray-i,"Array, Sliding Window"
MEDIUM,Capacity To Ship Packages Within D Days,42.4,0.7472,https://leetcode.com/problems/capacity-to-ship-packages-within-d-days,"Array, Binary Search"
MEDIUM,Search a 2D Matrix II,41.5,0.5815,https://leetcode.com/problems/search-a-2d-matrix-ii,"Array, Binary Search, Divide and Conquer, Matrix"
MEDIUM,Partition Equal Subset Sum,41.5,0.5003,https://leetcode.com/problems/partition-equal-subset-sum,"Array, Dynamic Programming, Knapsack Problem, 0-1 Knapsack"
MEDIUM,Permutations II,41.5,0.6426,https://leetcode.com/problems/permutations-ii,"Array, Backtracking, Sorting"
MEDIUM,Kth Smallest Element in a BST,41.5,0.7736,https://leetcode.com/problems/kth-smallest-element-in-a-bst,"Tree, Depth-First Search, Binary Search Tree, Binary Tree"
MEDIUM,Battleships in a Board,41.5,0.7782,https://leetcode.com/problems/battleships-in-a-board,"Array, Depth-First Search, Matrix"
EASY,Flood Fill,41.5,0.6896,https://leetcode.com/problems/flood-fill,"Array, Depth-First Search, Breadth-First Search, Matrix"
MEDIUM,Odd Even Linked List,41.5,0.6280,https://leetcode.com/problems/odd-even-linked-list,Linked List
EASY,Balanced Binary Tree,41.5,0.5926,https://leetcode.com/problems/balanced-binary-tree,"Tree, Depth-First Search, Binary Tree"
HARD,Subarrays with K Different Integers,41.5,0.6909,https://leetcode.com/problems/subarrays-with-k-different-integers,"Array, Hash Table, Sliding Window, Counting"
HARD,Minimum Difficulty of a Job Schedule,41.5,0.5981,https://leetcode.com/problems/minimum-difficulty-of-a-job-schedule,"Array, Dynamic Programming"
EASY,Article Views I,41.5,0.7692,https://leetcode.com/problems/article-views-i,Database
EASY,Can Place Flowers,41.5,0.2931,https://leetcode.com/problems/can-place-flowers,"Array, Greedy"
MEDIUM,Multiply Strings,40.5,0.4477,https://leetcode.com/problems/multiply-strings,"Math, String, Simulation"
MEDIUM,Find All Anagrams in a String,40.5,0.5459,https://leetcode.com/problems/find-all-anagrams-in-a-string,"Hash Table, String, Sliding Window"
EASY,Path Sum,40.5,0.5577,https://leetcode.com/problems/path-sum,"Tree, Depth-First Search, Breadth-First Search, Binary Tree"
MEDIUM,Majority Element II,40.5,0.5683,https://leetcode.com/problems/majority-element-ii,"Array, Hash Table, Sorting, Counting, Boyer–Moore Majority Vote Algorithm"
MEDIUM,Binary Search Tree Iterator,40.5,0.7703,https://leetcode.com/problems/binary-search-tree-iterator,"Stack, Tree, Design, Binary Search Tree, Binary Tree, Iterator"
EASY,Fizz Buzz,40.5,0.7593,https://leetcode.com/problems/fizz-buzz,"Math, String, Simulation"
EASY,Kth Missing Positive Number,40.5,0.6396,https://leetcode.com/problems/kth-missing-positive-number,"Array, Binary Search"
HARD,Shortest Common Supersequence ,40.5,0.6232,https://leetcode.com/problems/shortest-common-supersequence,"String, Dynamic Programming, Longest Common Subsequence"
MEDIUM,Target Sum,40.5,0.5293,https://leetcode.com/problems/target-sum,"Array, Dynamic Programming, Backtracking, Knapsack Problem, 0-1 Knapsack"
EASY,Shuffle the Array,40.5,0.8866,https://leetcode.com/problems/shuffle-the-array,Array
EASY,Employees Earning More Than Their Managers,40.5,0.7388,https://leetcode.com/problems/employees-earning-more-than-their-managers,Database
MEDIUM,Single Number II,40.5,0.6792,https://leetcode.com/problems/single-number-ii,"Array, Bit Manipulation"
EASY,Set Mismatch,40.5,0.4326,https://leetcode.com/problems/set-mismatch,"Array, Hash Table, Bit Manipulation, Sorting"
MEDIUM,Recover Binary Search Tree,39.4,0.6112,https://leetcode.com/problems/recover-binary-search-tree,"Tree, Depth-First Search, Binary Search Tree, Binary Tree"
MEDIUM,Rotate List,39.4,0.4334,https://leetcode.com/problems/rotate-list,"Linked List, Two Pointers"
EASY,Valid Palindrome II,39.4,0.4480,https://leetcode.com/problems/valid-palindrome-ii,"Two Pointers, String, Greedy"
MEDIUM,Evaluate Reverse Polish Notation,39.4,0.5881,https://leetcode.com/problems/evaluate-reverse-polish-notation,"Array, Math, Stack"
MEDIUM,Populating Next Right Pointers in Each Node II,39.4,0.5827,https://leetcode.com/problems/populating-next-right-pointers-in-each-node-ii,"Linked List, Tree, Depth-First Search, Breadth-First Search, Binary Tree"
MEDIUM,Peak Index in a Mountain Array,39.4,0.6664,https://leetcode.com/problems/peak-index-in-a-mountain-array,"Array, Binary Search, Ternary Search"
MEDIUM,Sort Characters By Frequency,39.4,0.7584,https://leetcode.com/problems/sort-characters-by-frequency,"Hash Table, String, Sorting, Heap (Priority Queue), Bucket Sort, Counting"
EASY,Length of Last Word,39.4,0.5977,https://leetcode.com/problems/length-of-last-word,String
MEDIUM,Insert Interval,39.4,0.4607,https://leetcode.com/problems/insert-interval,Array
EASY,Is Subsequence,39.4,0.4945,https://leetcode.com/problems/is-subsequence,"Two Pointers, String, Dynamic Programming"
EASY,Average Time of Process per Machine,39.4,0.6704,https://leetcode.com/problems/average-time-of-process-per-machine,Database
MEDIUM,Remove Duplicates from Sorted Array II,39.4,0.6533,https://leetcode.com/problems/remove-duplicates-from-sorted-array-ii,"Array, Two Pointers"
EASY,Find Customer Referee,39.4,0.7360,https://leetcode.com/problems/find-customer-referee,Database
EASY,Greatest Common Divisor of Strings,39.4,0.5447,https://leetcode.com/problems/greatest-common-divisor-of-strings,"Math, String, Euclidean Algorithm, Greatest Common Divisor"
MEDIUM,H-Index,39.4,0.4192,https://leetcode.com/problems/h-index,"Array, Sorting, Counting Sort"
MEDIUM,Add Two Numbers II,38.2,0.6306,https://leetcode.com/problems/add-two-numbers-ii,"Linked List, Math, Stack"
HARD,Vertical Order Traversal of a Binary Tree,38.2,0.5477,https://leetcode.com/problems/vertical-order-traversal-of-a-binary-tree,"Hash Table, Tree, Depth-First Search, Breadth-First Search, Sorting, Binary Tree"
MEDIUM,Compare Version Numbers,38.2,0.4705,https://leetcode.com/problems/compare-version-numbers,"Two Pointers, String"
MEDIUM,Sort List,38.2,0.6546,https://leetcode.com/problems/sort-list,"Linked List, Two Pointers, Divide and Conquer, Sorting, Merge Sort"
MEDIUM,Perfect Squares,38.2,0.5692,https://leetcode.com/problems/perfect-squares,"Math, Dynamic Programming, Breadth-First Search, Knapsack Problem, Complete Knapsack"
EASY,Running Sum of 1d Array,38.2,0.8710,https://leetcode.com/problems/running-sum-of-1d-array,"Array, Prefix Sum"
EASY,Implement Stack using Queues,38.2,0.7052,https://leetcode.com/problems/implement-stack-using-queues,"Stack, Design, Queue"
HARD,Best Time to Buy and Sell Stock III,38.2,0.5481,https://leetcode.com/problems/best-time-to-buy-and-sell-stock-iii,"Array, Dynamic Programming"
MEDIUM,Palindromic Substrings,38.2,0.7327,https://leetcode.com/problems/palindromic-substrings,"Two Pointers, String, Dynamic Programming"
MEDIUM,Construct Binary Tree from Inorder and Postorder Traversal,38.2,0.6967,https://leetcode.com/problems/construct-binary-tree-from-inorder-and-postorder-traversal,"Array, Hash Table, Divide and Conquer, Tree, Binary Tree"
EASY,Average Selling Price,38.2,0.3795,https://leetcode.com/problems/average-selling-price,Database
EASY,Count Binary Substrings,38.2,0.7060,https://leetcode.com/problems/count-binary-substrings,"Two Pointers, String"
MEDIUM,Maximum Number of Events That Can Be Attended,38.2,0.3910,https://leetcode.com/problems/maximum-number-of-events-that-can-be-attended,"Array, Greedy, Sorting, Heap (Priority Queue)"
HARD,Minimum Cost to Equalize Array,38.2,0.1904,https://leetcode.com/problems/minimum-cost-to-equalize-array,"Array, Greedy, Enumeration"
EASY,Check if Array Is Sorted and Rotated,38.2,0.5775,https://leetcode.com/problems/check-if-array-is-sorted-and-rotated,Array
MEDIUM,Remove K Digits,37.5,0.3773,https://leetcode.com/problems/remove-k-digits,"String, Stack, Greedy, Monotonic Stack"
MEDIUM,4 Keys Keyboard,37.5,0.5647,https://leetcode.com/problems/4-keys-keyboard,"Math, Dynamic Programming"
EASY,Find N Unique Integers Sum up to Zero,37.5,0.7846,https://leetcode.com/problems/find-n-unique-integers-sum-up-to-zero,"Array, Math"
MEDIUM,Cinema Seat Allocation,37.5,0.5698,https://leetcode.com/problems/cinema-seat-allocation,"Array, Hash Table, Greedy, Bit Manipulation"
MEDIUM,Basic Calculator II,37.5,0.4721,https://leetcode.com/problems/basic-calculator-ii,"Math, String, Stack"
MEDIUM,Count Good Nodes in Binary Tree,37.5,0.7400,https://leetcode.com/problems/count-good-nodes-in-binary-tree,"Tree, Depth-First Search, Breadth-First Search, Binary Tree"
MEDIUM,Maximal Square,37.5,0.5093,https://leetcode.com/problems/maximal-square,"Array, Dynamic Programming, Matrix"
EASY,Design HashMap,37.5,0.6681,https://leetcode.com/problems/design-hashmap,"Array, Hash Table, Linked List, Design, Hash Function"
MEDIUM,Diagonal Traverse,37.5,0.6748,https://leetcode.com/problems/diagonal-traverse,"Array, Matrix, Simulation"
MEDIUM,Angle Between Hands of a Clock,37.5,0.6992,https://leetcode.com/problems/angle-between-hands-of-a-clock,Math
MEDIUM,Reverse Words in a String II,37.5,0.5687,https://leetcode.com/problems/reverse-words-in-a-string-ii,"Two Pointers, String"
HARD,The Skyline Problem,37.5,0.4601,https://leetcode.com/problems/the-skyline-problem,"Array, Divide and Conquer, Binary Indexed Tree, Segment Tree, Sweep Line, Sorting, Heap (Priority Queue), Ordered Set"
HARD,Design Search Autocomplete System,37.5,0.5009,https://leetcode.com/problems/design-search-autocomplete-system,"String, Depth-First Search, Design, Trie, Sorting, Heap (Priority Queue), Data Stream"
MEDIUM,Design Circular Queue,37.5,0.5551,https://leetcode.com/problems/design-circular-queue,"Array, Linked List, Design, Queue"
MEDIUM,Longest Palindromic Subsequence,37.5,0.6593,https://leetcode.com/problems/longest-palindromic-subsequence,"String, Dynamic Programming"
HARD,Shortest Palindrome,37.5,0.4319,https://leetcode.com/problems/shortest-palindrome,"String, Rolling Hash, String Matching, Hash Function, Manacher, Z Algorithm, Knuth–Morris–Pratt Algorithm"
MEDIUM,Triangle,37.5,0.5994,https://leetcode.com/problems/triangle,"Array, Dynamic Programming"
MEDIUM,2 Keys Keyboard,37.5,0.5951,https://leetcode.com/problems/2-keys-keyboard,"Math, Dynamic Programming"
MEDIUM,Binary Tree Right Side View,37.5,0.7128,https://leetcode.com/problems/binary-tree-right-side-view,"Tree, Depth-First Search, Breadth-First Search, Binary Tree"
EASY,Convert Sorted Array to Binary Search Tree,37.5,0.7615,https://leetcode.com/problems/convert-sorted-array-to-binary-search-tree,"Array, Divide and Conquer, Tree, Binary Search Tree, Binary Tree"
MEDIUM,Path Sum II,37.5,0.6299,https://leetcode.com/problems/path-sum-ii,"Backtracking, Tree, Depth-First Search, Binary Tree"
MEDIUM,Number of Times Binary String Is Prefix-Aligned,37.5,0.6622,https://leetcode.com/problems/number-of-times-binary-string-is-prefix-aligned,Array
EASY,Rotate String,37.5,0.6652,https://leetcode.com/problems/rotate-string,"String, String Matching"
MEDIUM,Print Words Vertically,37.5,0.6812,https://leetcode.com/problems/print-words-vertically,"Array, String, Simulation"
MEDIUM,Bulb Switcher II,37.5,0.5110,https://leetcode.com/problems/bulb-switcher-ii,"Math, Bit Manipulation, Depth-First Search, Breadth-First Search"
MEDIUM,The k-th Lexicographical String of All Happy Strings of Length n,37.5,0.8708,https://leetcode.com/problems/the-k-th-lexicographical-string-of-all-happy-strings-of-length-n,"String, Backtracking"
EASY,Water Bottles,37.5,0.7252,https://leetcode.com/problems/water-bottles,"Math, Simulation"
EASY,Find Lucky Integer in an Array,37.5,0.7565,https://leetcode.com/problems/find-lucky-integer-in-an-array,"Array, Hash Table, Counting"
MEDIUM,Find the Longest Substring Containing Vowels in Even Counts,37.5,0.7559,https://leetcode.com/problems/find-the-longest-substring-containing-vowels-in-even-counts,"Hash Table, String, Bit Manipulation, Prefix Sum"
MEDIUM,Valid Tic-Tac-Toe State,37.5,0.3504,https://leetcode.com/problems/valid-tic-tac-toe-state,"Array, Matrix"
MEDIUM,Longest Arithmetic Subsequence,37.5,0.5019,https://leetcode.com/problems/longest-arithmetic-subsequence,"Array, Hash Table, Binary Search, Dynamic Programming"
HARD,Burst Balloons,37.5,0.6444,https://leetcode.com/problems/burst-balloons,"Array, Dynamic Programming"
MEDIUM,Lowest Common Ancestor of a Binary Tree III,37.5,0.8303,https://leetcode.com/problems/lowest-common-ancestor-of-a-binary-tree-iii,"Hash Table, Two Pointers, Tree, Binary Tree, Binary Lifting, Lowest Common Ancestor"
EASY,Longest Nice Substring,37.5,0.6481,https://leetcode.com/problems/longest-nice-substring,"Hash Table, String, Divide and Conquer, Bit Manipulation, Sliding Window"
EASY,Remove Digit From Number to Maximize Result,37.5,0.4887,https://leetcode.com/problems/remove-digit-from-number-to-maximize-result,"String, Greedy, Enumeration"
MEDIUM,Remove Duplicates From an Unsorted Linked List,37.5,0.7573,https://leetcode.com/problems/remove-duplicates-from-an-unsorted-linked-list,"Hash Table, Linked List"
MEDIUM,Number of Substrings Containing All Three Characters,37.5,0.7444,https://leetcode.com/problems/number-of-substrings-containing-all-three-characters,"Hash Table, String, Sliding Window"
EASY,Divide Array Into Equal Pairs,37.5,0.7924,https://leetcode.com/problems/divide-array-into-equal-pairs,"Array, Hash Table, Bit Manipulation, Counting"
MEDIUM,Merge Nodes in Between Zeros,37.5,0.8972,https://leetcode.com/problems/merge-nodes-in-between-zeros,"Linked List, Simulation"
EASY,Sum of Digits of String After Convert,37.5,0.7484,https://leetcode.com/problems/sum-of-digits-of-string-after-convert,"String, Simulation"
EASY,Widest Vertical Area Between Two Points Containing No Points,37.5,0.8708,https://leetcode.com/problems/widest-vertical-area-between-two-points-containing-no-points,"Array, Sorting"
EASY,Find Center of Star Graph,37.5,0.8660,https://leetcode.com/problems/find-center-of-star-graph,Graph Theory
MEDIUM,Remove Comments,37.5,0.4052,https://leetcode.com/problems/remove-comments,"Array, String"
MEDIUM,Spiral Matrix II,37.5,0.7590,https://leetcode.com/problems/spiral-matrix-ii,"Array, Matrix, Simulation"
HARD,Text Justification,37.5,0.5226,https://leetcode.com/problems/text-justification,"Array, String, Simulation"
HARD,Basic Calculator III,37.5,0.5354,https://leetcode.com/problems/basic-calculator-iii,"Math, String, Stack, Recursion"
EASY,Number of 1 Bits,37.5,0.7761,https://leetcode.com/problems/number-of-1-bits,"Divide and Conquer, Bit Manipulation"
MEDIUM,Reorganize String,37.5,0.5761,https://leetcode.com/problems/reorganize-string,"Hash Table, String, Greedy, Sorting, Heap (Priority Queue), Counting"
HARD,Split Array With Same Average,37.5,0.2761,https://leetcode.com/problems/split-array-with-same-average,"Array, Hash Table, Math, Dynamic Programming, Bit Manipulation, Meet in the Middle, Bitmask"
MEDIUM,Interleaving String,37.5,0.4485,https://leetcode.com/problems/interleaving-string,"String, Dynamic Programming"
EASY,Two Sum IV - Input is a BST,37.5,0.6373,https://leetcode.com/problems/two-sum-iv-input-is-a-bst,"Hash Table, Two Pointers, Tree, Depth-First Search, Breadth-First Search, Binary Search Tree, Binary Tree"
MEDIUM,Second Highest Salary,37.5,0.4850,https://leetcode.com/problems/second-highest-salary,Database
MEDIUM,Sum of Subarray Minimums,37.5,0.3901,https://leetcode.com/problems/sum-of-subarray-minimums,"Array, Dynamic Programming, Stack, Monotonic Stack"
HARD,Stone Game IV,37.5,0.6520,https://leetcode.com/problems/stone-game-iv,"Math, Dynamic Programming, Minimax, Game Theory, Nim Game, Sprague–Grundy Theorem, Zero-Sum Game"
HARD,Minimum Number of Refueling Stops,37.5,0.4194,https://leetcode.com/problems/minimum-number-of-refueling-stops,"Array, Dynamic Programming, Greedy, Heap (Priority Queue)"
MEDIUM,Jump Game III,37.5,0.7046,https://leetcode.com/problems/jump-game-iii,"Array, Depth-First Search, Breadth-First Search"
MEDIUM,Possible Bipartition,37.5,0.5311,https://leetcode.com/problems/possible-bipartition,"Depth-First Search, Breadth-First Search, Union-Find, Graph Theory, Graph Coloring, Bipartite Graph"
MEDIUM,Find Bottom Left Tree Value,37.5,0.7264,https://leetcode.com/problems/find-bottom-left-tree-value,"Tree, Depth-First Search, Breadth-First Search, Binary Tree"
MEDIUM,Clumsy Factorial,37.5,0.6214,https://leetcode.com/problems/clumsy-factorial,"Math, Stack, Simulation"
MEDIUM,Find the Start and End Number of Continuous Ranges,37.5,0.8179,https://leetcode.com/problems/find-the-start-and-end-number-of-continuous-ranges,Database
MEDIUM,Find Missing Observations,37.5,0.5740,https://leetcode.com/problems/find-missing-observations,"Array, Math, Simulation"
HARD,Dungeon Game,37.5,0.4236,https://leetcode.com/problems/dungeon-game,"Array, Dynamic Programming, Matrix"
MEDIUM,Search in Rotated Sorted Array II,37.5,0.4062,https://leetcode.com/problems/search-in-rotated-sorted-array-ii,"Array, Binary Search"
HARD,Reverse Pairs,37.5,0.3525,https://leetcode.com/problems/reverse-pairs,"Array, Binary Search, Divide and Conquer, Binary Indexed Tree, Segment Tree, Merge Sort, Ordered Set, Treap"
MEDIUM,Remove Duplicate Letters,37.5,0.5453,https://leetcode.com/problems/remove-duplicate-letters,"String, Stack, Greedy, Monotonic Stack"
MEDIUM,Combination Sum II,37.5,0.6022,https://leetcode.com/problems/combination-sum-ii,"Array, Backtracking"
MEDIUM,Accounts Merge,37.5,0.6209,https://leetcode.com/problems/accounts-merge,"Array, Hash Table, String, Depth-First Search, Breadth-First Search, Union-Find, Sorting"
MEDIUM,Water and Jug Problem,37.5,0.4646,https://leetcode.com/problems/water-and-jug-problem,"Math, Depth-First Search, Breadth-First Search, Bézout's Lemma, Euclidean Algorithm, Greatest Common Divisor, Extended Euclidean Algorithm"
EASY,Print in Order,37.5,0.7346,https://leetcode.com/problems/print-in-order,Concurrency
MEDIUM,Find K Closest Elements,37.5,0.5013,https://leetcode.com/problems/find-k-closest-elements,"Array, Two Pointers, Binary Search, Sliding Window, Sorting, Heap (Priority Queue)"
MEDIUM,Minimum Number of Arrows to Burst Balloons,37.5,0.6194,https://leetcode.com/problems/minimum-number-of-arrows-to-burst-balloons,"Array, Greedy, Sorting"
MEDIUM,Next Greater Node In Linked List,37.5,0.6487,https://leetcode.com/problems/next-greater-node-in-linked-list,"Array, Linked List, Stack, Monotonic Stack"
MEDIUM,Minimum Fuel Cost to Report to the Capital,37.5,0.6540,https://leetcode.com/problems/minimum-fuel-cost-to-report-to-the-capital,"Tree, Depth-First Search, Breadth-First Search, Graph Theory"
MEDIUM,Largest Palindromic Number,37.5,0.3744,https://leetcode.com/problems/largest-palindromic-number,"Hash Table, String, Greedy, Counting"
EASY,Max Pair Sum in an Array,37.5,0.6140,https://leetcode.com/problems/max-pair-sum-in-an-array,"Array, Hash Table"
MEDIUM,Minimum Time to Make Rope Colorful,37.5,0.6517,https://leetcode.com/problems/minimum-time-to-make-rope-colorful,"Array, String, Dynamic Programming, Greedy"
HARD,Maximum Employees to Be Invited to a Meeting,37.5,0.6175,https://leetcode.com/problems/maximum-employees-to-be-invited-to-a-meeting,"Array, Dynamic Programming, Depth-First Search, Graph Theory, Topological Sort, Kosaraju's Algorithm, Tarjan's SCC Algorithm"
MEDIUM,Maximal Network Rank,37.5,0.6613,https://leetcode.com/problems/maximal-network-rank,Graph Theory
MEDIUM,Minimum Number of Days to Make m Bouquets,37.5,0.5723,https://leetcode.com/problems/minimum-number-of-days-to-make-m-bouquets,"Array, Binary Search"
HARD,Minimum Number of Removals to Make Mountain Array,37.5,0.5476,https://leetcode.com/problems/minimum-number-of-removals-to-make-mountain-array,"Array, Binary Search, Dynamic Programming, Greedy"
MEDIUM,Minimum Deletions to Make Character Frequencies Unique,37.5,0.6157,https://leetcode.com/problems/minimum-deletions-to-make-character-frequencies-unique,"Hash Table, String, Greedy, Sorting"
MEDIUM,Optimal Partition of String,37.5,0.7852,https://leetcode.com/problems/optimal-partition-of-string,"Hash Table, String, Greedy"
MEDIUM,Managers with at Least 5 Direct Reports,37.5,0.4964,https://leetcode.com/problems/managers-with-at-least-5-direct-reports,Database
HARD,Making A Large Island,37.5,0.5725,https://leetcode.com/problems/making-a-large-island,"Array, Depth-First Search, Breadth-First Search, Union-Find, Matrix"
MEDIUM,Maximum Product of Splitted Binary Tree,37.5,0.5578,https://leetcode.com/problems/maximum-product-of-splitted-binary-tree,"Tree, Depth-First Search, Binary Tree"
MEDIUM,Reduction Operations to Make the Array Elements Equal,37.5,0.7271,https://leetcode.com/problems/reduction-operations-to-make-the-array-elements-equal,"Array, Sorting"
MEDIUM,Minimum Flips to Make a OR b Equal to c,37.5,0.7213,https://leetcode.com/problems/minimum-flips-to-make-a-or-b-equal-to-c,Bit Manipulation
MEDIUM,Number of Unique Flavors After Sharing K Candies,37.5,0.6209,https://leetcode.com/problems/number-of-unique-flavors-after-sharing-k-candies,"Array, Hash Table, Sliding Window"
EASY,Minimum Common Value,37.5,0.6066,https://leetcode.com/problems/minimum-common-value,"Array, Hash Table, Two Pointers, Binary Search"
EASY,Count Odd Numbers in an Interval Range,37.5,0.5482,https://leetcode.com/problems/count-odd-numbers-in-an-interval-range,Math
MEDIUM,The Knight’s Tour,37.5,0.7239,https://leetcode.com/problems/the-knights-tour,"Array, Backtracking, Matrix"
MEDIUM,Minimum Deletions to Make String Balanced,37.5,0.6815,https://leetcode.com/problems/minimum-deletions-to-make-string-balanced,"String, Dynamic Programming, Stack"
HARD,Minimum Adjacent Swaps for K Consecutive Ones,37.5,0.4280,https://leetcode.com/problems/minimum-adjacent-swaps-for-k-consecutive-ones,"Array, Greedy, Sliding Window, Prefix Sum"
EASY,Shuffle String,37.5,0.8555,https://leetcode.com/problems/shuffle-string,"Array, String"
MEDIUM,Count Good Numbers,37.5,0.5814,https://leetcode.com/problems/count-good-numbers,"Math, Recursion"
MEDIUM,Surrounded Regions,37.5,0.4635,https://leetcode.com/problems/surrounded-regions,"Array, Depth-First Search, Breadth-First Search, Union-Find, Matrix"
EASY,Number of Students Unable to Eat Lunch,37.5,0.8004,https://leetcode.com/problems/number-of-students-unable-to-eat-lunch,"Array, Stack, Queue, Simulation"
MEDIUM,Digit Operations to Make Two Integers Equal,37.5,0.3127,https://leetcode.com/problems/digit-operations-to-make-two-integers-equal,"Math, Graph Theory, Heap (Priority Queue), Number Theory, Shortest Path"
HARD,Count Palindromic Subsequences,37.5,0.4207,https://leetcode.com/problems/count-palindromic-subsequences,"String, Dynamic Programming"
EASY,Valid Word,37.5,0.5086,https://leetcode.com/problems/valid-word,String
EASY,Product Sales Analysis I,37.5,0.8627,https://leetcode.com/problems/product-sales-analysis-i,Database
EASY,Customer Who Visited but Did Not Make Any Transactions,37.5,0.6870,https://leetcode.com/problems/customer-who-visited-but-did-not-make-any-transactions,Database
MEDIUM,Design Memory Allocator,37.5,0.5090,https://leetcode.com/problems/design-memory-allocator,"Array, Hash Table, Design, Simulation"
MEDIUM,Increasing Triplet Subsequence,37.5,0.3965,https://leetcode.com/problems/increasing-triplet-subsequence,"Array, Greedy, Longest Increasing Subsequence"
MEDIUM,Maximum Number of Potholes That Can Be Fixed,37.5,0.5364,https://leetcode.com/problems/maximum-number-of-potholes-that-can-be-fixed,"String, Greedy, Sorting"
EASY,Assign Cookies,37.5,0.5554,https://leetcode.com/problems/assign-cookies,"Array, Two Pointers, Greedy, Sorting, Quicksort"
EASY,Students and Examinations,37.5,0.6211,https://leetcode.com/problems/students-and-examinations,Database
HARD,Distinct Subsequences,37.5,0.5430,https://leetcode.com/problems/distinct-subsequences,"String, Dynamic Programming"
EASY,Big Countries,37.5,0.6890,https://leetcode.com/problems/big-countries,Database
HARD,Maximum Profit in Job Scheduling,37.5,0.5484,https://leetcode.com/problems/maximum-profit-in-job-scheduling,"Array, Binary Search, Dynamic Programming, Sorting"
EASY,Maximum Population Year,37.5,0.6473,https://leetcode.com/problems/maximum-population-year,"Array, Counting, Prefix Sum"
MEDIUM,Maximum Number of Operations With the Same Score II,37.5,0.3436,https://leetcode.com/problems/maximum-number-of-operations-with-the-same-score-ii,"Array, Dynamic Programming, Memoization"
EASY,Replace Employee ID With The Unique Identifier,37.5,0.8388,https://leetcode.com/problems/replace-employee-id-with-the-unique-identifier,Database
MEDIUM,Sort an Array,37.5,0.5560,https://leetcode.com/problems/sort-an-array,"Array, Divide and Conquer, Sorting, Heap (Priority Queue), Merge Sort, Bucket Sort, Radix Sort, Counting Sort"
HARD,Special Binary String,37.5,0.7939,https://leetcode.com/problems/special-binary-string,"String, Divide and Conquer, Sorting"
EASY,Create a DataFrame from List,37.5,0.8082,https://leetcode.com/problems/create-a-dataframe-from-list,
EASY,Employee Bonus,37.5,0.7818,https://leetcode.com/problems/employee-bonus,Database
MEDIUM,Maximum Points You Can Obtain from Cards,37.5,0.5844,https://leetcode.com/problems/maximum-points-you-can-obtain-from-cards,"Array, Sliding Window, Prefix Sum"
MEDIUM,Monthly Transactions I,37.5,0.5999,https://leetcode.com/problems/monthly-transactions-i,Database
MEDIUM,Non-overlapping Intervals,32.8,0.5777,https://leetcode.com/problems/non-overlapping-intervals,"Array, Dynamic Programming, Greedy, Sorting"
MEDIUM,Time Based Key-Value Store,32.8,0.5022,https://leetcode.com/problems/time-based-key-value-store,"Hash Table, String, Binary Search, Design"
EASY,Squares of a Sorted Array,32.8,0.7418,https://leetcode.com/problems/squares-of-a-sorted-array,"Array, Two Pointers, Sorting"
EASY,Remove Linked List Elements,32.8,0.5554,https://leetcode.com/problems/remove-linked-list-elements,"Linked List, Recursion"
MEDIUM,Contiguous Array,32.8,0.5243,https://leetcode.com/problems/contiguous-array,"Array, Hash Table, Prefix Sum"
EASY,Backspace String Compare,32.8,0.5027,https://leetcode.com/problems/backspace-string-compare,"Two Pointers, String, Stack, Simulation"
EASY,Find if Path Exists in Graph,32.8,0.5587,https://leetcode.com/problems/find-if-path-exists-in-graph,"Depth-First Search, Breadth-First Search, Union-Find, Graph Theory"
MEDIUM,Rank Scores,32.8,0.6892,https://leetcode.com/problems/rank-scores,Database
MEDIUM,Subarray Sums Divisible by K,32.8,0.5679,https://leetcode.com/problems/subarray-sums-divisible-by-k,"Array, Hash Table, Prefix Sum"
MEDIUM,Shortest Path in Binary Matrix,31.1,0.5221,https://leetcode.com/problems/shortest-path-in-binary-matrix,"Array, Breadth-First Search, Matrix"
HARD,Substring with Concatenation of All Words,31.1,0.3533,https://leetcode.com/problems/substring-with-concatenation-of-all-words,"Hash Table, String, Sliding Window"
EASY,Find All Numbers Disappeared in an Array,31.1,0.6468,https://leetcode.com/problems/find-all-numbers-disappeared-in-an-array,"Array, Hash Table"
EASY,Find Pivot Index,31.1,0.6394,https://leetcode.com/problems/find-pivot-index,"Array, Prefix Sum"
MEDIUM,Coin Change II,31.1,0.5914,https://leetcode.com/problems/coin-change-ii,"Array, Dynamic Programming, Knapsack Problem, Complete Knapsack"
EASY,Counting Bits,31.1,0.8077,https://leetcode.com/problems/counting-bits,"Dynamic Programming, Bit Manipulation"
MEDIUM,Longest Substring with At Least K Repeating Characters,31.1,0.4676,https://leetcode.com/problems/longest-substring-with-at-least-k-repeating-characters,"Hash Table, String, Divide and Conquer, Sliding Window"
EASY,Invert Binary Tree,31.1,0.8048,https://leetcode.com/problems/invert-binary-tree,"Tree, Depth-First Search, Breadth-First Search, Binary Tree"
MEDIUM,Design Linked List,31.1,0.3089,https://leetcode.com/problems/design-linked-list,"Linked List, Design"
EASY,Partition Array Into Three Parts With Equal Sum,31.1,0.4312,https://leetcode.com/problems/partition-array-into-three-parts-with-equal-sum,"Array, Greedy"
EASY,Power of Two,31.1,0.5056,https://leetcode.com/problems/power-of-two,"Math, Bit Manipulation, Recursion"
EASY,Valid Perfect Square,31.1,0.4512,https://leetcode.com/problems/valid-perfect-square,"Math, Binary Search"
MEDIUM,Smallest String With Swaps,31.1,0.6108,https://leetcode.com/problems/smallest-string-with-swaps,"Array, Hash Table, String, Depth-First Search, Breadth-First Search, Union-Find, Sorting"
HARD,IPO,31.1,0.5386,https://leetcode.com/problems/ipo,"Array, Greedy, Sorting, Heap (Priority Queue)"
HARD,Count the Number of Infection Sequences,31.1,0.3667,https://leetcode.com/problems/count-the-number-of-infection-sequences,"Array, Math, Combinatorics, Fermat's Little Theorem"
EASY,Smallest Missing Integer Greater Than Sequential Prefix Sum,31.1,0.5011,https://leetcode.com/problems/smallest-missing-integer-greater-than-sequential-prefix-sum,"Array, Hash Table, Sorting"
EASY,Minimum Absolute Difference,31.1,0.7517,https://leetcode.com/problems/minimum-absolute-difference,"Array, Sorting"
MEDIUM,Count Paths With the Given XOR Value,31.1,0.4069,https://leetcode.com/problems/count-paths-with-the-given-xor-value,"Array, Dynamic Programming, Bit Manipulation, Matrix"
MEDIUM,Partition Array According to Given Pivot,31.1,0.9075,https://leetcode.com/problems/partition-array-according-to-given-pivot,"Array, Two Pointers, Simulation"
MEDIUM,Fruit Into Baskets,31.1,0.5259,https://leetcode.com/problems/fruit-into-baskets,"Array, Hash Table, Sliding Window"
EASY,Arranging Coins,31.1,0.4865,https://leetcode.com/problems/arranging-coins,"Math, Binary Search"
HARD,Word Ladder II,29.3,0.2813,https://leetcode.com/problems/word-ladder-ii,"Hash Table, String, Backtracking, Breadth-First Search, Bidirectional Search"
HARD,Count of Smaller Numbers After Self,29.3,0.4410,https://leetcode.com/problems/count-of-smaller-numbers-after-self,"Array, Binary Search, Divide and Conquer, Binary Indexed Tree, Segment Tree, Merge Sort, Ordered Set, Treap"
MEDIUM,Find All Duplicates in an Array,29.3,0.7718,https://leetcode.com/problems/find-all-duplicates-in-an-array,"Array, Hash Table, Sorting"
MEDIUM,Design Add and Search Words Data Structure,29.3,0.4907,https://leetcode.com/problems/design-add-and-search-words-data-structure,"String, Depth-First Search, Design, Trie"
MEDIUM,Maximum Width of Binary Tree,29.3,0.4612,https://leetcode.com/problems/maximum-width-of-binary-tree,"Tree, Depth-First Search, Breadth-First Search, Binary Tree"
HARD,Sliding Window Median,29.3,0.3915,https://leetcode.com/problems/sliding-window-median,"Array, Hash Table, Sliding Window, Heap (Priority Queue), Treap"
MEDIUM,Insert into a Binary Search Tree,29.3,0.7365,https://leetcode.com/problems/insert-into-a-binary-search-tree,"Tree, Binary Search Tree, Binary Tree"
EASY,Meeting Rooms,29.3,0.5958,https://leetcode.com/problems/meeting-rooms,"Array, Sorting, Quicksort"
MEDIUM,Minimum Sum of Squared Difference,29.3,0.2708,https://leetcode.com/problems/minimum-sum-of-squared-difference,"Array, Binary Search, Greedy, Sorting, Heap (Priority Queue)"
MEDIUM,Minimum Falling Path Sum,29.3,0.6085,https://leetcode.com/problems/minimum-falling-path-sum,"Array, Dynamic Programming, Matrix"
EASY,Duplicate Emails,29.3,0.7446,https://leetcode.com/problems/duplicate-emails,Database
EASY,Find Missing and Repeated Values,29.3,0.8302,https://leetcode.com/problems/find-missing-and-repeated-values,"Array, Hash Table, Math, Matrix"
HARD,Maximum Subgraph Score in a Tree,29.3,0.6546,https://leetcode.com/problems/maximum-subgraph-score-in-a-tree,"Array, Dynamic Programming, Tree, Depth-First Search"
HARD,Bus Routes,29.3,0.4756,https://leetcode.com/problems/bus-routes,"Array, Hash Table, Breadth-First Search"
EASY,Customers Who Never Order,29.3,0.7248,https://leetcode.com/problems/customers-who-never-order,Database
HARD,Minimum Operations to Make Array Equal to Target,29.3,0.4189,https://leetcode.com/problems/minimum-operations-to-make-array-equal-to-target,"Array, Dynamic Programming, Stack, Greedy, Monotonic Stack"
MEDIUM,Binary Subarrays With Sum,29.3,0.6993,https://leetcode.com/problems/binary-subarrays-with-sum,"Array, Hash Table, Sliding Window, Prefix Sum"
MEDIUM,Find Eventual Safe States,29.3,0.7161,https://leetcode.com/problems/find-eventual-safe-states,"Depth-First Search, Breadth-First Search, Graph Theory, Topological Sort, Kosaraju's Algorithm, Tarjan's SCC Algorithm"
MEDIUM,Consecutive Numbers,29.3,0.4948,https://leetcode.com/problems/consecutive-numbers,Database
MEDIUM,Maximum Number of Alloys,29.3,0.4109,https://leetcode.com/problems/maximum-number-of-alloys,"Array, Binary Search"
MEDIUM,Friend Requests II: Who Has the Most Friends,29.3,0.6378,https://leetcode.com/problems/friend-requests-ii-who-has-the-most-friends,Database
EASY,Kids With the Greatest Number of Candies,29.3,0.8799,https://leetcode.com/problems/kids-with-the-greatest-number-of-candies,Array
MEDIUM,Valid Parenthesis String,29.3,0.4054,https://leetcode.com/problems/valid-parenthesis-string,"String, Dynamic Programming, Stack, Greedy, Bracket Sequences"
MEDIUM,Inorder Successor in BST,27.3,0.5129,https://leetcode.com/problems/inorder-successor-in-bst,"Tree, Depth-First Search, Binary Search Tree, Binary Tree"
MEDIUM,Max Area of Island,27.3,0.7427,https://leetcode.com/problems/max-area-of-island,"Array, Depth-First Search, Breadth-First Search, Union-Find, Matrix"
MEDIUM,Boundary of Binary Tree,27.3,0.4820,https://leetcode.com/problems/boundary-of-binary-tree,"Tree, Depth-First Search, Binary Tree"
EASY,Add Strings,27.3,0.5225,https://leetcode.com/problems/add-strings,"Math, String, Simulation"
EASY,First Bad Version,27.3,0.4770,https://leetcode.com/problems/first-bad-version,"Binary Search, Interactive"
MEDIUM,Game of Life,27.3,0.7308,https://leetcode.com/problems/game-of-life,"Array, Matrix, Simulation"
HARD,Word Break II,27.3,0.5627,https://leetcode.com/problems/word-break-ii,"Array, Hash Table, String, Dynamic Programming, Backtracking, Trie, Memoization"
MEDIUM,Remove Duplicates from Sorted List II,27.3,0.5260,https://leetcode.com/problems/remove-duplicates-from-sorted-list-ii,"Linked List, Two Pointers"
MEDIUM,Random Pick with Weight,27.3,0.4927,https://leetcode.com/problems/random-pick-with-weight,"Array, Math, Binary Search, Prefix Sum, Randomized"
EASY,Transpose Matrix,27.3,0.7730,https://leetcode.com/problems/transpose-matrix,"Array, Matrix, Simulation"
MEDIUM,Delete Tree Nodes,27.3,0.6160,https://leetcode.com/problems/delete-tree-nodes,"Array, Tree, Depth-First Search, Breadth-First Search, DP on Trees"
EASY,Delete N Nodes After M Nodes of a Linked List,27.3,0.7436,https://leetcode.com/problems/delete-n-nodes-after-m-nodes-of-a-linked-list,Linked List
EASY,Reformat The String,27.3,0.5219,https://leetcode.com/problems/reformat-the-string,String
EASY,Find All The Lonely Nodes,27.3,0.8409,https://leetcode.com/problems/find-all-the-lonely-nodes,"Tree, Depth-First Search, Breadth-First Search, Binary Tree"
EASY,Sign of the Product of an Array,27.3,0.6465,https://leetcode.com/problems/sign-of-the-product-of-an-array,"Array, Math"
EASY,Replace All ?'s to Avoid Consecutive Repeating Characters,27.3,0.4528,https://leetcode.com/problems/replace-all-s-to-avoid-consecutive-repeating-characters,String
MEDIUM,Heaters,27.3,0.4268,https://leetcode.com/problems/heaters,"Array, Two Pointers, Binary Search, Sorting"
EASY,Remove Outermost Parentheses,27.3,0.8749,https://leetcode.com/problems/remove-outermost-parentheses,"String, Stack, Bracket Sequences"
MEDIUM,Minimum Operations to Halve Array Sum,27.3,0.5054,https://leetcode.com/problems/minimum-operations-to-halve-array-sum,"Array, Greedy, Heap (Priority Queue)"
EASY,Three Divisors,27.3,0.6500,https://leetcode.com/problems/three-divisors,"Math, Enumeration, Number Theory, Prime Factorization, Sieve Theory"
EASY,Check if All A's Appears Before All B's,27.3,0.7341,https://leetcode.com/problems/check-if-all-as-appears-before-all-bs,String
HARD,Palindrome Removal,27.3,0.4603,https://leetcode.com/problems/palindrome-removal,"Array, Dynamic Programming"
MEDIUM,Partition List,27.3,0.6217,https://leetcode.com/problems/partition-list,"Linked List, Two Pointers"
MEDIUM,Largest BST Subtree,27.3,0.4593,https://leetcode.com/problems/largest-bst-subtree,"Dynamic Programming, Tree, Depth-First Search, Binary Search Tree, Binary Tree, DP on Trees"
HARD,Longest Increasing Path in a Matrix,27.3,0.5709,https://leetcode.com/problems/longest-increasing-path-in-a-matrix,"Array, Dynamic Programming, Depth-First Search, Breadth-First Search, Graph Theory, Topological Sort, Memoization, Matrix, Directed Acyclic Graph"
MEDIUM,Is Graph Bipartite?,27.3,0.5994,https://leetcode.com/problems/is-graph-bipartite,"Depth-First Search, Breadth-First Search, Union-Find, Graph Theory, Graph Coloring, Bipartite Graph"
EASY,Kth Largest Element in a Stream,27.3,0.6162,https://leetcode.com/problems/kth-largest-element-in-a-stream,"Tree, Design, Binary Search Tree, Heap (Priority Queue), Binary Tree, Data Stream"
MEDIUM,Cheapest Flights Within K Stops,27.3,0.4262,https://leetcode.com/problems/cheapest-flights-within-k-stops,"Dynamic Programming, Depth-First Search, Breadth-First Search, Graph Theory, Heap (Priority Queue), Shortest Path"
MEDIUM,Previous Permutation With One Swap,27.3,0.4933,https://leetcode.com/problems/previous-permutation-with-one-swap,"Array, Greedy"
HARD,Design Skiplist,27.3,0.5967,https://leetcode.com/problems/design-skiplist,"Linked List, Design"
MEDIUM,Amount of Time for Binary Tree to Be Infected,27.3,0.6605,https://leetcode.com/problems/amount-of-time-for-binary-tree-to-be-infected,"Hash Table, Tree, Depth-First Search, Breadth-First Search, Binary Tree"
HARD,Get the Second Most Recent Activity,27.3,0.6728,https://leetcode.com/problems/get-the-second-most-recent-activity,Database
MEDIUM,Statistics from a Large Sample,27.3,0.4362,https://leetcode.com/problems/statistics-from-a-large-sample,"Array, Math, Probability and Statistics"
HARD,Max Dot Product of Two Subsequences,27.3,0.6937,https://leetcode.com/problems/max-dot-product-of-two-subsequences,"Array, Dynamic Programming, Longest Common Subsequence"
MEDIUM,Maximum of Absolute Value Expression,27.3,0.4895,https://leetcode.com/problems/maximum-of-absolute-value-expression,"Array, Math"
MEDIUM,01 Matrix,27.3,0.5498,https://leetcode.com/problems/01-matrix,"Array, Dynamic Programming, Breadth-First Search, Matrix"
HARD,Equal Rational Numbers,27.3,0.4699,https://leetcode.com/problems/equal-rational-numbers,"Math, String"
HARD,Tag Validator,27.3,0.4172,https://leetcode.com/problems/tag-validator,"String, Stack"
MEDIUM,Longest Substring with At Most K Distinct Characters,27.3,0.5015,https://leetcode.com/problems/longest-substring-with-at-most-k-distinct-characters,"Hash Table, String, Sliding Window"
MEDIUM,Pacific Atlantic Water Flow,27.3,0.6153,https://leetcode.com/problems/pacific-atlantic-water-flow,"Array, Depth-First Search, Breadth-First Search, Matrix"
HARD,All O`one Data Structure,27.3,0.4457,https://leetcode.com/problems/all-oone-data-structure,"Hash Table, Linked List, Design, Doubly-Linked List"
EASY,Closest Binary Search Tree Value,27.3,0.4912,https://leetcode.com/problems/closest-binary-search-tree-value,"Binary Search, Tree, Depth-First Search, Binary Search Tree, Binary Tree"
MEDIUM,Repeated DNA Sequences,27.3,0.5410,https://leetcode.com/problems/repeated-dna-sequences,"Hash Table, String, Bit Manipulation, Sliding Window, Rolling Hash, Hash Function, Z Algorithm, Boyer–Moore String-Search Algorithm"
MEDIUM,Path Sum III,27.3,0.4667,https://leetcode.com/problems/path-sum-iii,"Tree, Depth-First Search, Binary Tree"
HARD,Smallest Range Covering Elements from K Lists,27.3,0.7039,https://leetcode.com/problems/smallest-range-covering-elements-from-k-lists,"Array, Hash Table, Greedy, Sliding Window, Sorting, Heap (Priority Queue)"
EASY,Range Sum Query - Immutable,27.3,0.7355,https://leetcode.com/problems/range-sum-query-immutable,"Array, Design, Prefix Sum"
MEDIUM,Count Substrings That Differ by One Character,27.3,0.7237,https://leetcode.com/problems/count-substrings-that-differ-by-one-character,"Hash Table, String, Dynamic Programming, Enumeration"
MEDIUM,Widest Pair of Indices With Equal Range Sum,27.3,0.5374,https://leetcode.com/problems/widest-pair-of-indices-with-equal-range-sum,"Array, Hash Table, Prefix Sum"
EASY,Largest Positive Integer That Exists With Its Negative,27.3,0.7449,https://leetcode.com/problems/largest-positive-integer-that-exists-with-its-negative,"Array, Hash Table, Two Pointers, Sorting"
MEDIUM,Maximum Price to Fill a Bag,27.3,0.6513,https://leetcode.com/problems/maximum-price-to-fill-a-bag,"Array, Greedy, Sorting"
HARD,Design Excel Sum Formula,27.3,0.3941,https://leetcode.com/problems/design-excel-sum-formula,"Array, Hash Table, String, Graph Theory, Design, Topological Sort, Matrix"
MEDIUM,Number of Ways to Split a String,27.3,0.3487,https://leetcode.com/problems/number-of-ways-to-split-a-string,"Math, String"
HARD,Maximize Number of Nice Divisors,27.3,0.3725,https://leetcode.com/problems/maximize-number-of-nice-divisors,"Math, Recursion, Number Theory"
MEDIUM,Maximum Binary Tree,27.3,0.8587,https://leetcode.com/problems/maximum-binary-tree,"Array, Divide and Conquer, Stack, Tree, Monotonic Stack, Binary Tree, Cartesian Tree"
EASY,Greatest English Letter in Upper and Lower Case,27.3,0.7295,https://leetcode.com/problems/greatest-english-letter-in-upper-and-lower-case,"Hash Table, String, Enumeration"
MEDIUM,Subsequence of Size K With the Largest Even Sum,27.3,0.3549,https://leetcode.com/problems/subsequence-of-size-k-with-the-largest-even-sum,"Array, Greedy, Sorting"
MEDIUM,Smallest Number With Given Digit Product,27.3,0.4354,https://leetcode.com/problems/smallest-number-with-given-digit-product,"Math, Greedy"
MEDIUM,Largest Divisible Subset,27.3,0.5012,https://leetcode.com/problems/largest-divisible-subset,"Array, Math, Dynamic Programming, Sorting"
MEDIUM,Car Fleet,27.3,0.5573,https://leetcode.com/problems/car-fleet,"Array, Stack, Sorting, Monotonic Stack"
MEDIUM,Maximum Value at a Given Index in a Bounded Array,27.3,0.3886,https://leetcode.com/problems/maximum-value-at-a-given-index-in-a-bounded-array,"Math, Binary Search, Greedy"
HARD,Maximum Score Of Spliced Array,27.3,0.5904,https://leetcode.com/problems/maximum-score-of-spliced-array,"Array, Dynamic Programming"
MEDIUM,Minimum Deletions to Make Array Beautiful,27.3,0.5048,https://leetcode.com/problems/minimum-deletions-to-make-array-beautiful,"Array, Stack, Greedy"
MEDIUM,Find Smallest Common Element in All Rows,27.3,0.7677,https://leetcode.com/problems/find-smallest-common-element-in-all-rows,"Array, Hash Table, Binary Search, Matrix, Counting"
MEDIUM,Average Height of Buildings in Each Segment,27.3,0.5813,https://leetcode.com/problems/average-height-of-buildings-in-each-segment,"Array, Sorting, Heap (Priority Queue), Prefix Sum"
MEDIUM,Minimum Amount of Time to Collect Garbage,27.3,0.8506,https://leetcode.com/problems/minimum-amount-of-time-to-collect-garbage,"Array, String, Prefix Sum"
MEDIUM,Minimum Cost to Separate Sentence Into Rows,27.3,0.5016,https://leetcode.com/problems/minimum-cost-to-separate-sentence-into-rows,"String, Dynamic Programming"
EASY,All the Matches of the League,27.3,0.8834,https://leetcode.com/problems/all-the-matches-of-the-league,Database
HARD,Minimum Number of Moves to Make Palindrome,27.3,0.5312,https://leetcode.com/problems/minimum-number-of-moves-to-make-palindrome,"Two Pointers, String, Greedy, Binary Indexed Tree"
HARD,Minimum Incompatibility,27.3,0.4195,https://leetcode.com/problems/minimum-incompatibility,"Array, Hash Table, Dynamic Programming, Bit Manipulation, Bitmask"
MEDIUM,Make the Prefix Sum Non-negative,27.3,0.5183,https://leetcode.com/problems/make-the-prefix-sum-non-negative,"Array, Greedy, Heap (Priority Queue)"
MEDIUM,Number of Distinct Binary Strings After Applying Operations,27.3,0.6332,https://leetcode.com/problems/number-of-distinct-binary-strings-after-applying-operations,"Math, String"
HARD,N-Queens II,27.3,0.7938,https://leetcode.com/problems/n-queens-ii,"Backtracking, Algorithm X"
EASY,The Number of Employees Which Report to Each Employee,27.3,0.5396,https://leetcode.com/problems/the-number-of-employees-which-report-to-each-employee,Database
EASY,Minimum Value to Get Positive Step by Step Sum,27.3,0.6493,https://leetcode.com/problems/minimum-value-to-get-positive-step-by-step-sum,"Array, Prefix Sum"
EASY,To Be Or Not To Be,27.3,0.6346,https://leetcode.com/problems/to-be-or-not-to-be,
HARD,Palindrome Partitioning II,27.3,0.3804,https://leetcode.com/problems/palindrome-partitioning-ii,"String, Dynamic Programming"
MEDIUM,Game Play Analysis IV,27.3,0.4255,https://leetcode.com/problems/game-play-analysis-iv,Database
HARD,Maximum Number of Intersections on the Chart,27.3,0.4528,https://leetcode.com/problems/maximum-number-of-intersections-on-the-chart,"Array, Hash Table, Math, Binary Indexed Tree, Geometry, Sweep Line, Sorting"
MEDIUM,Count Number of Nice Subarrays,27.3,0.7578,https://leetcode.com/problems/count-number-of-nice-subarrays,"Array, Hash Table, Math, Sliding Window, Prefix Sum"
MEDIUM,Count Submatrices With Equal Frequency of X and Y,27.3,0.6948,https://leetcode.com/problems/count-submatrices-with-equal-frequency-of-x-and-y,"Array, Matrix, Prefix Sum"
MEDIUM,Find the Smallest Divisor Given a Threshold,27.3,0.6682,https://leetcode.com/problems/find-the-smallest-divisor-given-a-threshold,"Array, Binary Search"
MEDIUM,Minimum Rectangles to Cover Points,27.3,0.6322,https://leetcode.com/problems/minimum-rectangles-to-cover-points,"Array, Greedy, Sorting"
HARD,Minimum Cost to Cut a Stick,27.3,0.6346,https://leetcode.com/problems/minimum-cost-to-cut-a-stick,"Array, Dynamic Programming, Sorting"
EASY,Counter,27.3,0.8244,https://leetcode.com/problems/counter,
EASY,Maximum Number of Operations With the Same Score I,27.3,0.5303,https://leetcode.com/problems/maximum-number-of-operations-with-the-same-score-i,"Array, Simulation"
MEDIUM,Stable Subarrays With Equal Boundary and Interior Sum,27.3,0.2654,https://leetcode.com/problems/stable-subarrays-with-equal-boundary-and-interior-sum,"Array, Hash Table, Prefix Sum"
EASY,Bitwise OR of Even Numbers in an Array,27.3,0.8486,https://leetcode.com/problems/bitwise-or-of-even-numbers-in-an-array,"Array, Bit Manipulation, Simulation"
MEDIUM,Bitwise ORs of Subarrays,27.3,0.5702,https://leetcode.com/problems/bitwise-ors-of-subarrays,"Array, Dynamic Programming, Bit Manipulation"
MEDIUM,Lowest Common Ancestor of a Binary Tree II,27.3,0.6977,https://leetcode.com/problems/lowest-common-ancestor-of-a-binary-tree-ii,"Tree, Depth-First Search, Binary Tree, Binary Lifting, Lowest Common Ancestor"
MEDIUM,Maximum Size of a Set After Removals,27.3,0.4625,https://leetcode.com/problems/maximum-size-of-a-set-after-removals,"Array, Hash Table, Greedy"
EASY,Find the Difference,27.3,0.6074,https://leetcode.com/problems/find-the-difference,"Hash Table, String, Bit Manipulation, Sorting"
HARD,Find the Median of the Uniqueness Array,27.3,0.3017,https://leetcode.com/problems/find-the-median-of-the-uniqueness-array,"Array, Hash Table, Binary Search, Sliding Window"
MEDIUM,Partition Labels,27.3,0.8206,https://leetcode.com/problems/partition-labels,"Hash Table, Two Pointers, String, Greedy"
MEDIUM,The Number of Full Rounds You Have Played,27.3,0.4354,https://leetcode.com/problems/the-number-of-full-rounds-you-have-played,"Math, String"
HARD,Count Good Subarrays,27.3,0.2595,https://leetcode.com/problems/count-good-subarrays,"Array, Stack, Bit Manipulation, Monotonic Stack"
HARD,Number of Visible People in a Queue,27.3,0.7366,https://leetcode.com/problems/number-of-visible-people-in-a-queue,"Array, Stack, Monotonic Stack"
MEDIUM,Minimum Sensors to Cover Grid,27.3,0.6755,https://leetcode.com/problems/minimum-sensors-to-cover-grid,Math
MEDIUM,Longest Subarray of 1's After Deleting One Element,27.3,0.7160,https://leetcode.com/problems/longest-subarray-of-1s-after-deleting-one-element,"Array, Dynamic Programming, Sliding Window"
HARD,Maximum Number of Non-overlapping Palindrome Substrings,27.3,0.6085,https://leetcode.com/problems/maximum-number-of-non-overlapping-palindrome-substrings,"Two Pointers, String, Dynamic Programming, Greedy"
MEDIUM,Nth Highest Salary,27.3,0.4029,https://leetcode.com/problems/nth-highest-salary,Database
EASY,Delete Duplicate Emails,27.3,0.6694,https://leetcode.com/problems/delete-duplicate-emails,Database
MEDIUM,Maximum Subtree of the Same Color,27.3,0.5943,https://leetcode.com/problems/maximum-subtree-of-the-same-color,"Array, Dynamic Programming, Tree, Depth-First Search"
EASY,Primary Department for Each Employee,27.3,0.7556,https://leetcode.com/problems/primary-department-for-each-employee,Database
MEDIUM,Find the Level of Tree with Minimum Sum,27.3,0.6951,https://leetcode.com/problems/find-the-level-of-tree-with-minimum-sum,"Tree, Depth-First Search, Breadth-First Search, Binary Tree"
MEDIUM,Confirmation Rate,27.3,0.6286,https://leetcode.com/problems/confirmation-rate,Database
MEDIUM,Find the Celebrity,25.0,0.4909,https://leetcode.com/problems/find-the-celebrity,"Two Pointers, Graph Theory, Interactive"
HARD,Alien Dictionary,25.0,0.3733,https://leetcode.com/problems/alien-dictionary,"Array, String, Depth-First Search, Breadth-First Search, Graph Theory, Topological Sort, Directed Acyclic Graph"
EASY,Subtree of Another Tree,25.0,0.5224,https://leetcode.com/problems/subtree-of-another-tree,"Tree, Depth-First Search, String Matching, Binary Tree, Hash Function"
MEDIUM,Binary Tree Vertical Order Traversal,25.0,0.5790,https://leetcode.com/problems/binary-tree-vertical-order-traversal,"Hash Table, Tree, Depth-First Search, Breadth-First Search, Sorting, Binary Tree"
MEDIUM,Validate IP Address,25.0,0.2854,https://leetcode.com/problems/validate-ip-address,String
MEDIUM,Design Hit Counter,25.0,0.6975,https://leetcode.com/problems/design-hit-counter,"Array, Binary Search, Design, Queue, Data Stream"
MEDIUM,Top K Frequent Words,25.0,0.6064,https://leetcode.com/problems/top-k-frequent-words,"Array, Hash Table, String, Trie, Sorting, Heap (Priority Queue), Bucket Sort, Counting"
HARD,Shortest Distance from All Buildings,25.0,0.4501,https://leetcode.com/problems/shortest-distance-from-all-buildings,"Array, Breadth-First Search, Matrix"
MEDIUM,Delete Node in a BST,25.0,0.5545,https://leetcode.com/problems/delete-node-in-a-bst,"Tree, Binary Search Tree, Binary Tree"
MEDIUM,K Closest Points to Origin,25.0,0.6942,https://leetcode.com/problems/k-closest-points-to-origin,"Array, Math, Divide and Conquer, Geometry, Sorting, Heap (Priority Queue), Quickselect, K-D Tree"
EASY,Logger Rate Limiter,25.0,0.7691,https://leetcode.com/problems/logger-rate-limiter,"Hash Table, Design, Data Stream"
MEDIUM,Clone Graph,25.0,0.6626,https://leetcode.com/problems/clone-graph,"Hash Table, Depth-First Search, Breadth-First Search, Graph Theory"
MEDIUM,Kth Smallest Element in a Sorted Matrix,25.0,0.6511,https://leetcode.com/problems/kth-smallest-element-in-a-sorted-matrix,"Array, Binary Search, Sorting, Heap (Priority Queue), Matrix"
MEDIUM,Sum Root to Leaf Numbers,25.0,0.7042,https://leetcode.com/problems/sum-root-to-leaf-numbers,"Tree, Depth-First Search, Binary Tree"
MEDIUM,Number of Distinct Islands,25.0,0.6301,https://leetcode.com/problems/number-of-distinct-islands,"Array, Hash Table, Depth-First Search, Breadth-First Search, Union-Find, Sorting, Matrix, Hash Function"
MEDIUM,Minimum Remove to Make Valid Parentheses,25.0,0.7163,https://leetcode.com/problems/minimum-remove-to-make-valid-parentheses,"String, Stack"
HARD,Frog Jump,25.0,0.4767,https://leetcode.com/problems/frog-jump,"Array, Dynamic Programming"
MEDIUM,Construct Binary Search Tree from Preorder Traversal,25.0,0.8465,https://leetcode.com/problems/construct-binary-search-tree-from-preorder-traversal,"Array, Stack, Tree, Binary Search Tree, Monotonic Stack, Binary Tree"
MEDIUM,Shortest Unsorted Continuous Subarray,25.0,0.3863,https://leetcode.com/problems/shortest-unsorted-continuous-subarray,"Array, Two Pointers, Stack, Greedy, Sorting, Monotonic Stack"
MEDIUM,Serialize and Deserialize BST,25.0,0.6006,https://leetcode.com/problems/serialize-and-deserialize-bst,"String, Tree, Depth-First Search, Breadth-First Search, Design, Binary Search Tree, Binary Tree"
MEDIUM,Combinations,25.0,0.7523,https://leetcode.com/problems/combinations,Backtracking
MEDIUM,Unique Paths II,25.0,0.4514,https://leetcode.com/problems/unique-paths-ii,"Array, Dynamic Programming, Matrix"
HARD,Maximum Frequency Stack,25.0,0.6712,https://leetcode.com/problems/maximum-frequency-stack,"Hash Table, Stack, Design, Ordered Set"
MEDIUM,Next Greater Element III,25.0,0.3565,https://leetcode.com/problems/next-greater-element-iii,"Math, Two Pointers, String"
MEDIUM,Minimum Knight Moves,25.0,0.4211,https://leetcode.com/problems/minimum-knight-moves,"Breadth-First Search, Heuristic Search, Bidirectional Search, A* Search"
MEDIUM,Snakes and Ladders,25.0,0.4828,https://leetcode.com/problems/snakes-and-ladders,"Array, Breadth-First Search, Matrix"
EASY,Find Winner on a Tic Tac Toe Game,25.0,0.5471,https://leetcode.com/problems/find-winner-on-a-tic-tac-toe-game,"Array, Hash Table, Matrix, Simulation"
HARD,Design In-Memory File System,25.0,0.4835,https://leetcode.com/problems/design-in-memory-file-system,"Hash Table, String, Design, Trie, Sorting"
MEDIUM,Count Servers that Communicate,25.0,0.7360,https://leetcode.com/problems/count-servers-that-communicate,"Array, Depth-First Search, Breadth-First Search, Union-Find, Matrix, Counting"
HARD,Number of Digit One,25.0,0.3993,https://leetcode.com/problems/number-of-digit-one,"Math, Dynamic Programming, Recursion"
EASY,Number of Good Pairs,25.0,0.8994,https://leetcode.com/problems/number-of-good-pairs,"Array, Hash Table, Math, Counting"
MEDIUM,Remove All Occurrences of a Substring,25.0,0.7870,https://leetcode.com/problems/remove-all-occurrences-of-a-substring,"String, Stack, Simulation"
EASY,Pascal's Triangle II,25.0,0.6808,https://leetcode.com/problems/pascals-triangle-ii,"Array, Dynamic Programming"
EASY,Reverse Bits,25.0,0.6944,https://leetcode.com/problems/reverse-bits,"Divide and Conquer, Bit Manipulation"
MEDIUM,Remove All Adjacent Duplicates in String II,25.0,0.6194,https://leetcode.com/problems/remove-all-adjacent-duplicates-in-string-ii,"String, Stack"
EASY,Nim Game,25.0,0.6056,https://leetcode.com/problems/nim-game,"Math, Brainteaser, Minimax, Game Theory, Nim Game, Impartial Game"
MEDIUM,Ugly Number II,25.0,0.4983,https://leetcode.com/problems/ugly-number-ii,"Hash Table, Math, Dynamic Programming, Heap (Priority Queue)"
MEDIUM,Snapshot Array,25.0,0.3682,https://leetcode.com/problems/snapshot-array,"Array, Hash Table, Binary Search, Design, Persistent Data Structure"
MEDIUM,Redundant Connection,25.0,0.6826,https://leetcode.com/problems/redundant-connection,"Depth-First Search, Breadth-First Search, Union-Find, Graph Theory"
HARD,Serialize and Deserialize N-ary Tree,25.0,0.6900,https://leetcode.com/problems/serialize-and-deserialize-n-ary-tree,"String, Tree, Depth-First Search, Breadth-First Search"
EASY,Rectangle Overlap,25.0,0.5340,https://leetcode.com/problems/rectangle-overlap,"Math, Geometry"
MEDIUM,Count and Say,25.0,0.6392,https://leetcode.com/problems/count-and-say,String
EASY,Binary Tree Preorder Traversal,25.0,0.7674,https://leetcode.com/problems/binary-tree-preorder-traversal,"Stack, Tree, Depth-First Search, Binary Tree"
HARD,Critical Connections in a Network,25.0,0.6062,https://leetcode.com/problems/critical-connections-in-a-network,"Depth-First Search, Graph Theory, Biconnected Component, Bridge (Graph)"
MEDIUM,Path With Minimum Effort,25.0,0.6408,https://leetcode.com/problems/path-with-minimum-effort,"Array, Binary Search, Depth-First Search, Breadth-First Search, Union-Find, Heap (Priority Queue), Matrix, Dijkstra's Algorithm"
MEDIUM,Rectangle Area,25.0,0.5043,https://leetcode.com/problems/rectangle-area,"Math, Geometry"
HARD,Max Points on a Line,25.0,0.3151,https://leetcode.com/problems/max-points-on-a-line,"Array, Hash Table, Math, Geometry, Euclidean Algorithm, Greatest Common Divisor"
HARD,Find the Closest Palindrome,25.0,0.3213,https://leetcode.com/problems/find-the-closest-palindrome,"Math, String"
HARD,24 Game,25.0,0.5967,https://leetcode.com/problems/24-game,"Array, Math, Backtracking"
EASY,Summary Ranges,25.0,0.5478,https://leetcode.com/problems/summary-ranges,Array
HARD,Trapping Rain Water II,25.0,0.6425,https://leetcode.com/problems/trapping-rain-water-ii,"Array, Breadth-First Search, Heap (Priority Queue), Matrix"
MEDIUM,Range Sum Query 2D - Immutable,25.0,0.5908,https://leetcode.com/problems/range-sum-query-2d-immutable,"Array, Design, Matrix, Prefix Sum"
MEDIUM,Partition to K Equal Sum Subsets,25.0,0.3890,https://leetcode.com/problems/partition-to-k-equal-sum-subsets,"Array, Dynamic Programming, Backtracking, Bit Manipulation, Memoization, Bitmask"
MEDIUM,Factorial Trailing Zeroes,25.0,0.4747,https://leetcode.com/problems/factorial-trailing-zeroes,Math
MEDIUM,Valid Triangle Number,25.0,0.5726,https://leetcode.com/problems/valid-triangle-number,"Array, Two Pointers, Binary Search, Greedy, Sorting"
HARD,Russian Doll Envelopes,25.0,0.3825,https://leetcode.com/problems/russian-doll-envelopes,"Array, Binary Search, Dynamic Programming, Sorting, Longest Increasing Subsequence"
MEDIUM,Continuous Subarray Sum,25.0,0.3169,https://leetcode.com/problems/continuous-subarray-sum,"Array, Hash Table, Math, Prefix Sum, Pigeonhole Principle"
EASY,Word Pattern,25.0,0.4471,https://leetcode.com/problems/word-pattern,"Hash Table, String"
EASY,Island Perimeter,25.0,0.7442,https://leetcode.com/problems/island-perimeter,"Array, Depth-First Search, Breadth-First Search, Matrix"
MEDIUM,Evaluate Division,25.0,0.6462,https://leetcode.com/problems/evaluate-division,"Array, String, Depth-First Search, Breadth-First Search, Union-Find, Graph Theory, Shortest Path, Bellman–Ford Algorithm, Floyd–Warshall Algorithm"
MEDIUM,Count Complete Tree Nodes,25.0,0.7240,https://leetcode.com/problems/count-complete-tree-nodes,"Binary Search, Bit Manipulation, Tree, Binary Tree"
MEDIUM,Encode and Decode Strings,25.0,0.5201,https://leetcode.com/problems/encode-and-decode-strings,"Array, String, Design"
MEDIUM,Find K Pairs with Smallest Sums,25.0,0.4243,https://leetcode.com/problems/find-k-pairs-with-smallest-sums,"Array, Heap (Priority Queue)"
MEDIUM,Max Chunks To Make Sorted,25.0,0.6431,https://leetcode.com/problems/max-chunks-to-make-sorted,"Array, Stack, Greedy, Sorting, Monotonic Stack"
HARD,Contains Duplicate III,25.0,0.2526,https://leetcode.com/problems/contains-duplicate-iii,"Array, Sliding Window, Sorting, Bucket Sort, Ordered Set"
HARD,Permutation Sequence,25.0,0.5441,https://leetcode.com/problems/permutation-sequence,"Math, Recursion"
EASY,Intersection of Two Arrays II,25.0,0.6038,https://leetcode.com/problems/intersection-of-two-arrays-ii,"Array, Hash Table, Two Pointers, Binary Search, Sorting"
EASY,Minimum Depth of Binary Tree,25.0,0.5385,https://leetcode.com/problems/minimum-depth-of-binary-tree,"Tree, Depth-First Search, Breadth-First Search, Binary Tree"
MEDIUM,Maximum Swap,25.0,0.5211,https://leetcode.com/problems/maximum-swap,"Math, Greedy"
MEDIUM,Shortest Bridge,25.0,0.5981,https://leetcode.com/problems/shortest-bridge,"Array, Depth-First Search, Breadth-First Search, Matrix"
MEDIUM,Network Delay Time,25.0,0.6166,https://leetcode.com/problems/network-delay-time,"Depth-First Search, Breadth-First Search, Graph Theory, Heap (Priority Queue), Shortest Path, Dijkstra's Algorithm"
HARD,Partition Array Into Two Arrays to Minimize Sum Difference,25.0,0.2465,https://leetcode.com/problems/partition-array-into-two-arrays-to-minimize-sum-difference,"Array, Two Pointers, Binary Search, Dynamic Programming, Bit Manipulation, Meet in the Middle, Sorting, Ordered Set, Bitmask"
MEDIUM,Interval List Intersections,25.0,0.7321,https://leetcode.com/problems/interval-list-intersections,"Array, Two Pointers, Sweep Line"
HARD,String Compression II,25.0,0.5220,https://leetcode.com/problems/string-compression-ii,"String, Dynamic Programming"
MEDIUM,Delete the Middle Node of a Linked List,25.0,0.6089,https://leetcode.com/problems/delete-the-middle-node-of-a-linked-list,"Linked List, Two Pointers"
HARD,Department Top Three Salaries,25.0,0.6191,https://leetcode.com/problems/department-top-three-salaries,Database
MEDIUM,Reordered Power of 2,25.0,0.6587,https://leetcode.com/problems/reordered-power-of-2,"Hash Table, Math, Sorting, Counting, Enumeration"
MEDIUM,Longest Happy String,25.0,0.6557,https://leetcode.com/problems/longest-happy-string,"String, Greedy, Heap (Priority Queue)"
MEDIUM,Subarray Product Less Than K,25.0,0.5490,https://leetcode.com/problems/subarray-product-less-than-k,"Array, Binary Search, Sliding Window, Prefix Sum"
EASY,Min Cost Climbing Stairs,25.0,0.6877,https://leetcode.com/problems/min-cost-climbing-stairs,"Array, Dynamic Programming"
HARD,Binary Tree Cameras,25.0,0.4818,https://leetcode.com/problems/binary-tree-cameras,"Dynamic Programming, Tree, Depth-First Search, Binary Tree, DP on Trees"
EASY,Guess Number Higher or Lower,25.0,0.5838,https://leetcode.com/problems/guess-number-higher-or-lower,"Binary Search, Interactive"
MEDIUM,Double a Number Represented as a Linked List,25.0,0.6136,https://leetcode.com/problems/double-a-number-represented-as-a-linked-list,"Linked List, Math, Stack"
EASY,Calculate Money in Leetcode Bank,25.0,0.8257,https://leetcode.com/problems/calculate-money-in-leetcode-bank,Math
MEDIUM,Find Unique Binary String,25.0,0.8124,https://leetcode.com/problems/find-unique-binary-string,"Array, Hash Table, String, Backtracking"
MEDIUM,Find Right Interval,25.0,0.5663,https://leetcode.com/problems/find-right-interval,"Array, Binary Search, Sorting"
MEDIUM,Separate Black and White Balls,25.0,0.6384,https://leetcode.com/problems/separate-black-and-white-balls,"Two Pointers, String, Greedy"
EASY,Sum of All Subset XOR Totals,25.0,0.9015,https://leetcode.com/problems/sum-of-all-subset-xor-totals,"Array, Math, Backtracking, Bit Manipulation, Combinatorics, Enumeration"
MEDIUM,Wiggle Sort II,25.0,0.3841,https://leetcode.com/problems/wiggle-sort-ii,"Array, Divide and Conquer, Greedy, Sorting, Quickselect"
EASY,Richest Customer Wealth,25.0,0.8886,https://leetcode.com/problems/richest-customer-wealth,"Array, Matrix"
MEDIUM,Maximum Gap,25.0,0.5319,https://leetcode.com/problems/maximum-gap,"Array, Sorting, Bucket Sort, Radix Sort, Pigeonhole Principle"
MEDIUM,Longest Nice Subarray,25.0,0.6483,https://leetcode.com/problems/longest-nice-subarray,"Array, Bit Manipulation, Sliding Window"
MEDIUM,Minimum Time Difference,25.0,0.6272,https://leetcode.com/problems/minimum-time-difference,"Array, Math, String, Sorting"
HARD,Best Time to Buy and Sell Stock IV,25.0,0.5140,https://leetcode.com/problems/best-time-to-buy-and-sell-stock-iv,"Array, Dynamic Programming"
MEDIUM,Repeated String Match,25.0,0.3988,https://leetcode.com/problems/repeated-string-match,"String, String Matching, Z Algorithm, Knuth–Morris–Pratt Algorithm, Boyer–Moore String-Search Algorithm"
MEDIUM,Last Person to Fit in the Bus,25.0,0.7007,https://leetcode.com/problems/last-person-to-fit-in-the-bus,Database
MEDIUM,Best Time to Buy and Sell Stock with Transaction Fee,25.0,0.7263,https://leetcode.com/problems/best-time-to-buy-and-sell-stock-with-transaction-fee,"Array, Dynamic Programming, Greedy"
EASY,Percentage of Users Attended a Contest,25.0,0.6132,https://leetcode.com/problems/percentage-of-users-attended-a-contest,Database
MEDIUM,Keys and Rooms,25.0,0.7628,https://leetcode.com/problems/keys-and-rooms,"Depth-First Search, Breadth-First Search, Graph Theory"
HARD,K-th Smallest in Lexicographical Order,25.0,0.4661,https://leetcode.com/problems/k-th-smallest-in-lexicographical-order,Trie
MEDIUM,House Robber III,25.0,0.5639,https://leetcode.com/problems/house-robber-iii,"Dynamic Programming, Tree, Depth-First Search, Binary Tree, DP on Trees"
MEDIUM,Find the City With the Smallest Number of Neighbors at a Threshold Distance,25.0,0.7390,https://leetcode.com/problems/find-the-city-with-the-smallest-number-of-neighbors-at-a-threshold-distance,"Dynamic Programming, Graph Theory, Shortest Path, Dijkstra's Algorithm, Bellman–Ford Algorithm, Floyd–Warshall Algorithm"
MEDIUM,Grid Game,25.0,0.6086,https://leetcode.com/problems/grid-game,"Array, Matrix, Prefix Sum"
EASY,Maximum Ascending Subarray Sum,25.0,0.6628,https://leetcode.com/problems/maximum-ascending-subarray-sum,Array
EASY,Minimum Pair Removal to Sort Array I,25.0,0.6507,https://leetcode.com/problems/minimum-pair-removal-to-sort-array-i,"Array, Hash Table, Linked List, Heap (Priority Queue), Simulation, Doubly-Linked List, Ordered Set"
MEDIUM,Maximum Number of Vowels in a Substring of Given Length,25.0,0.6300,https://leetcode.com/problems/maximum-number-of-vowels-in-a-substring-of-given-length,"String, Sliding Window"
MEDIUM,Minimum Operations to Make Binary Array Elements Equal to One I,25.0,0.8027,https://leetcode.com/problems/minimum-operations-to-make-binary-array-elements-equal-to-one-i,"Array, Bit Manipulation, Queue, Sliding Window, Prefix Sum"
EASY,Base 7,25.0,0.5541,https://leetcode.com/problems/base-7,"Math, String"
EASY,Customer Placing the Largest Number of Orders,25.0,0.6481,https://leetcode.com/problems/customer-placing-the-largest-number-of-orders,Database
MEDIUM,Maximum Manhattan Distance After K Changes,25.0,0.5399,https://leetcode.com/problems/maximum-manhattan-distance-after-k-changes,"Hash Table, Math, String, Counting"
MEDIUM,Minimum Time to Collect All Apples in a Tree,25.0,0.6390,https://leetcode.com/problems/minimum-time-to-collect-all-apples-in-a-tree,"Hash Table, Tree, Depth-First Search, Breadth-First Search, DP on Trees"
EASY,Search in a Binary Search Tree,25.0,0.8318,https://leetcode.com/problems/search-in-a-binary-search-tree,"Tree, Binary Search Tree, Binary Tree"
MEDIUM,Maximum Width Ramp,25.0,0.5595,https://leetcode.com/problems/maximum-width-ramp,"Array, Two Pointers, Stack, Monotonic Stack"
MEDIUM,Department Highest Salary,25.0,0.5963,https://leetcode.com/problems/department-highest-salary,Database
EASY,Count Negative Numbers in a Sorted Matrix,25.0,0.7977,https://leetcode.com/problems/count-negative-numbers-in-a-sorted-matrix,"Array, Binary Search, Matrix"
EASY,Find the Highest Altitude,25.0,0.8464,https://leetcode.com/problems/find-the-highest-altitude,"Array, Prefix Sum"
MEDIUM,Maximum OR,25.0,0.4401,https://leetcode.com/problems/maximum-or,"Array, Greedy, Bit Manipulation, Prefix Sum"
MEDIUM,Find a Peak Element II,25.0,0.5568,https://leetcode.com/problems/find-a-peak-element-ii,"Array, Binary Search, Matrix"
MEDIUM,Search Suggestions System,25.0,0.6524,https://leetcode.com/problems/search-suggestions-system,"Array, String, Binary Search, Trie, Sorting, Heap (Priority Queue)"
MEDIUM,Design Twitter,25.0,0.4560,https://leetcode.com/problems/design-twitter,"Hash Table, Linked List, Design, Heap (Priority Queue)"
MEDIUM,Sum of Two Integers,25.0,0.5578,https://leetcode.com/problems/sum-of-two-integers,"Math, Bit Manipulation"
MEDIUM,Exchange Seats,25.0,0.7494,https://leetcode.com/problems/exchange-seats,Database
EASY,Game Play Analysis I,25.0,0.7674,https://leetcode.com/problems/game-play-analysis-i,Database
MEDIUM,Immediate Food Delivery II,25.0,0.5710,https://leetcode.com/problems/immediate-food-delivery-ii,Database
MEDIUM,Count Square Submatrices with All Ones,25.0,0.8086,https://leetcode.com/problems/count-square-submatrices-with-all-ones,"Array, Dynamic Programming, Matrix"
EASY,Can Make Arithmetic Progression From Sequence,25.0,0.6868,https://leetcode.com/problems/can-make-arithmetic-progression-from-sequence,"Array, Sorting"
EASY,Concatenate Non-Zero Digits and Multiply by Sum I,25.0,0.6588,https://leetcode.com/problems/concatenate-non-zero-digits-and-multiply-by-sum-i,Math
EASY,Last Stone Weight,25.0,0.6680,https://leetcode.com/problems/last-stone-weight,"Array, Heap (Priority Queue)"
MEDIUM,String Compression III,25.0,0.6704,https://leetcode.com/problems/string-compression-iii,String
MEDIUM,Minimum Number of Steps to Make Two Strings Anagram,25.0,0.8260,https://leetcode.com/problems/minimum-number-of-steps-to-make-two-strings-anagram,"Hash Table, String, Counting"
EASY,Find the Maximum Achievable Number,25.0,0.9174,https://leetcode.com/problems/find-the-maximum-achievable-number,Math
MEDIUM,Longest Continuous Subarray With Absolute Diff Less Than or Equal to Limit,25.0,0.5809,https://leetcode.com/problems/longest-continuous-subarray-with-absolute-diff-less-than-or-equal-to-limit,"Array, Queue, Sliding Window, Heap (Priority Queue), Ordered Set, Monotonic Queue"
HARD,Remove Invalid Parentheses,25.0,0.5018,https://leetcode.com/problems/remove-invalid-parentheses,"String, Backtracking, Breadth-First Search"
HARD,Unique Paths III,25.0,0.8299,https://leetcode.com/problems/unique-paths-iii,"Array, Backtracking, Bit Manipulation, Matrix, Hamiltonian Path"
EASY,Jewels and Stones,25.0,0.8968,https://leetcode.com/problems/jewels-and-stones,"Hash Table, String"
HARD,Design a Text Editor,25.0,0.5195,https://leetcode.com/problems/design-a-text-editor,"Linked List, String, Stack, Design, Simulation, Doubly-Linked List"
MEDIUM,Number of Enclaves,25.0,0.7228,https://leetcode.com/problems/number-of-enclaves,"Array, Depth-First Search, Breadth-First Search, Union-Find, Matrix"
MEDIUM,Product Price at a Given Date,25.0,0.5867,https://leetcode.com/problems/product-price-at-a-given-date,Database
HARD,Count Subarrays With Fixed Bounds,25.0,0.6917,https://leetcode.com/problems/count-subarrays-with-fixed-bounds,"Array, Queue, Sliding Window, Monotonic Queue"
HARD,Kth Smallest Product of Two Sorted Arrays,25.0,0.4871,https://leetcode.com/problems/kth-smallest-product-of-two-sorted-arrays,"Array, Binary Search"
MEDIUM,Count Days Without Meetings,25.0,0.4830,https://leetcode.com/problems/count-days-without-meetings,"Array, Sorting"
MEDIUM,Memoize,25.0,0.6535,https://leetcode.com/problems/memoize,
HARD,Find Minimum in Rotated Sorted Array II,25.0,0.4704,https://leetcode.com/problems/find-minimum-in-rotated-sorted-array-ii,"Array, Binary Search"
HARD,Shortest Subarray with Sum at Least K,25.0,0.3317,https://leetcode.com/problems/shortest-subarray-with-sum-at-least-k,"Array, Binary Search, Queue, Sliding Window, Heap (Priority Queue), Prefix Sum, Monotonic Queue"
EASY,Invalid Tweets,25.0,0.8528,https://leetcode.com/problems/invalid-tweets,Database
EASY,Robot Return to Origin,25.0,0.7821,https://leetcode.com/problems/robot-return-to-origin,"String, Simulation"
EASY,Maximum Difference Between Even and Odd Frequency I,25.0,0.6062,https://leetcode.com/problems/maximum-difference-between-even-and-odd-frequency-i,"Hash Table, String, Counting"
HARD,Minimum Initial Energy to Finish Tasks,25.0,0.7661,https://leetcode.com/problems/minimum-initial-energy-to-finish-tasks,"Array, Greedy, Sorting"
MEDIUM,Maximum Average Pass Ratio,25.0,0.7409,https://leetcode.com/problems/maximum-average-pass-ratio,"Array, Greedy, Heap (Priority Queue)"
EASY,How Many Numbers Are Smaller Than the Current Number,25.0,0.8747,https://leetcode.com/problems/how-many-numbers-are-smaller-than-the-current-number,"Array, Hash Table, Sorting, Counting Sort"
EASY,Height Checker,25.0,0.8207,https://leetcode.com/problems/height-checker,"Array, Sorting, Counting Sort, Bubble Sort"
MEDIUM,Find the Winner of the Circular Game,25.0,0.8235,https://leetcode.com/problems/find-the-winner-of-the-circular-game,"Array, Math, Recursion, Queue, Simulation"
EASY,Fruits Into Baskets II,25.0,0.7022,https://leetcode.com/problems/fruits-into-baskets-ii,"Array, Binary Search, Segment Tree, Simulation, Ordered Set"
MEDIUM,Shifting Letters,25.0,0.4654,https://leetcode.com/problems/shifting-letters,"Array, String, Prefix Sum"
MEDIUM,Delete and Earn,25.0,0.5758,https://leetcode.com/problems/delete-and-earn,"Array, Hash Table, Dynamic Programming"
EASY,Longest Strictly Increasing or Strictly Decreasing Subarray,25.0,0.6480,https://leetcode.com/problems/longest-strictly-increasing-or-strictly-decreasing-subarray,Array
MEDIUM,Lexicographical Numbers,25.0,0.7639,https://leetcode.com/problems/lexicographical-numbers,"Depth-First Search, Trie"
MEDIUM,Maximum Candies Allocated to K Children,25.0,0.4989,https://leetcode.com/problems/maximum-candies-allocated-to-k-children,"Array, Binary Search"
MEDIUM,Count Subarrays With Majority Element I,25.0,0.7522,https://leetcode.com/problems/count-subarrays-with-majority-element-i,"Array, Hash Table, Divide and Conquer, Segment Tree, Merge Sort, Counting, Prefix Sum"
MEDIUM,Open the Lock,25.0,0.6158,https://leetcode.com/problems/open-the-lock,"Array, Hash Table, String, Breadth-First Search, Bidirectional Search"
EASY,Queries Quality and Percentage,25.0,0.5507,https://leetcode.com/problems/queries-quality-and-percentage,Database
HARD,Consecutive Numbers Sum,25.0,0.4293,https://leetcode.com/problems/consecutive-numbers-sum,"Math, Enumeration"
EASY,Sum of Left Leaves,25.0,0.6316,https://leetcode.com/problems/sum-of-left-leaves,"Tree, Depth-First Search, Breadth-First Search, Binary Tree"
MEDIUM,Construct String With Repeat Limit,25.0,0.7075,https://leetcode.com/problems/construct-string-with-repeat-limit,"Hash Table, String, Greedy, Heap (Priority Queue), Counting"
MEDIUM,Split Linked List in Parts,25.0,0.7075,https://leetcode.com/problems/split-linked-list-in-parts,Linked List
MEDIUM,Super Pow,25.0,0.3758,https://leetcode.com/problems/super-pow,"Math, Divide and Conquer, Euler's Totient Function, Euler's Theorem"
HARD,Minimum Number of Increments on Subarrays to Form a Target Array,25.0,0.7830,https://leetcode.com/problems/minimum-number-of-increments-on-subarrays-to-form-a-target-array,"Array, Dynamic Programming, Stack, Greedy, Monotonic Stack"
MEDIUM,Investments in 2016,25.0,0.5196,https://leetcode.com/problems/investments-in-2016,Database
MEDIUM,House Robber IV,25.0,0.6450,https://leetcode.com/problems/house-robber-iv,"Array, Binary Search, Dynamic Programming, Greedy"
EASY,Not Boring Movies,25.0,0.7523,https://leetcode.com/problems/not-boring-movies,Database
MEDIUM,Balance a Binary Search Tree,25.0,0.8628,https://leetcode.com/problems/balance-a-binary-search-tree,"Divide and Conquer, Greedy, Tree, Depth-First Search, Binary Search Tree, Binary Tree"
EASY,Unique Number of Occurrences,25.0,0.7890,https://leetcode.com/problems/unique-number-of-occurrences,"Array, Hash Table"
MEDIUM,Rotating the Box,25.0,0.8248,https://leetcode.com/problems/rotating-the-box,"Array, Two Pointers, Matrix"
HARD,Meeting Rooms III,25.0,0.5135,https://leetcode.com/problems/meeting-rooms-iii,"Array, Hash Table, Sorting, Heap (Priority Queue), Simulation"
EASY,Longest Palindrome,25.0,0.5627,https://leetcode.com/problems/longest-palindrome,"Hash Table, String, Greedy"
EASY,Sort Integers by The Number of 1 Bits,25.0,0.8245,https://leetcode.com/problems/sort-integers-by-the-number-of-1-bits,"Array, Bit Manipulation, Sorting, Counting"
EASY,Maximum Unique Subarray Sum After Deletion,25.0,0.4049,https://leetcode.com/problems/maximum-unique-subarray-sum-after-deletion,"Array, Hash Table, Greedy"
MEDIUM,Minimum Moves to Make Array Complementary,25.0,0.6485,https://leetcode.com/problems/minimum-moves-to-make-array-complementary,"Array, Hash Table, Prefix Sum"
MEDIUM,Sum of Beauty of All Substrings,25.0,0.7491,https://leetcode.com/problems/sum-of-beauty-of-all-substrings,"Hash Table, String, Counting"
HARD,Maximum Difference Between Even and Odd Frequency II,25.0,0.4837,https://leetcode.com/problems/maximum-difference-between-even-and-odd-frequency-ii,"String, Sliding Window, Enumeration, Prefix Sum"
EASY,Power of Three,25.0,0.5168,https://leetcode.com/problems/power-of-three,"Math, Recursion"
EASY,Perfect Number,25.0,0.5030,https://leetcode.com/problems/perfect-number,Math
EASY,Remove All Adjacent Duplicates In String,25.0,0.7413,https://leetcode.com/problems/remove-all-adjacent-duplicates-in-string,"String, Stack"
MEDIUM,K-th Symbol in Grammar,25.0,0.4876,https://leetcode.com/problems/k-th-symbol-in-grammar,"Math, Bit Manipulation, Recursion"
EASY,Maximum Product of Three Numbers,25.0,0.4828,https://leetcode.com/problems/maximum-product-of-three-numbers,"Array, Math, Sorting"
MEDIUM,Longest String Chain,25.0,0.6352,https://leetcode.com/problems/longest-string-chain,"Array, Hash Table, Two Pointers, String, Dynamic Programming, Sorting"
MEDIUM,Rearrange Array Elements by Sign,25.0,0.8483,https://leetcode.com/problems/rearrange-array-elements-by-sign,"Array, Two Pointers, Simulation"
EASY,Ugly Number,25.0,0.4424,https://leetcode.com/problems/ugly-number,Math
MEDIUM,Find the Lexicographically Largest String From the Box I,25.0,0.4072,https://leetcode.com/problems/find-the-lexicographically-largest-string-from-the-box-i,"Two Pointers, String, Enumeration"
HARD,Rearranging Fruits,25.0,0.5725,https://leetcode.com/problems/rearranging-fruits,"Array, Hash Table, Greedy, Sort"
MEDIUM,Single-Threaded CPU,25.0,0.4823,https://leetcode.com/problems/single-threaded-cpu,"Array, Sorting, Heap (Priority Queue)"
MEDIUM,Word Subsets,25.0,0.5602,https://leetcode.com/problems/word-subsets,"Array, Hash Table, String"
MEDIUM,Sum of Subarray Ranges,25.0,0.6199,https://leetcode.com/problems/sum-of-subarray-ranges,"Array, Stack, Monotonic Stack"
EASY,Classes With at Least 5 Students,25.0,0.6504,https://leetcode.com/problems/classes-with-at-least-5-students,Database
MEDIUM,Different Ways to Add Parentheses,25.0,0.7369,https://leetcode.com/problems/different-ways-to-add-parentheses,"Math, String, Dynamic Programming, Recursion, Memoization, Bracket Sequences"
MEDIUM,Two Best Non-Overlapping Events,25.0,0.6388,https://leetcode.com/problems/two-best-non-overlapping-events,"Array, Binary Search, Dynamic Programming, Sorting, Heap (Priority Queue)"
MEDIUM,Maximum Matrix Sum,25.0,0.6750,https://leetcode.com/problems/maximum-matrix-sum,"Array, Greedy, Matrix"
MEDIUM,New 21 Game,25.0,0.5195,https://leetcode.com/problems/new-21-game,"Math, Dynamic Programming, Sliding Window, Probability and Statistics"
EASY,Convert Integer to the Sum of Two No-Zero Integers,25.0,0.5912,https://leetcode.com/problems/convert-integer-to-the-sum-of-two-no-zero-integers,Math
MEDIUM,Find the Winner of an Array Game,25.0,0.5687,https://leetcode.com/problems/find-the-winner-of-an-array-game,"Array, Simulation"
EASY,User Activity for the Past 30 Days I,25.0,0.5171,https://leetcode.com/problems/user-activity-for-the-past-30-days-i,Database
MEDIUM,Vowel Spellchecker,25.0,0.6146,https://leetcode.com/problems/vowel-spellchecker,"Array, Hash Table, String"
MEDIUM,Minimum Number of Operations to Make X and Y Equal,25.0,0.4846,https://leetcode.com/problems/minimum-number-of-operations-to-make-x-and-y-equal,"Dynamic Programming, Breadth-First Search, Memoization"
MEDIUM,Maximum Number That Sum of the Prices Is Less Than or Equal to K,25.0,0.3851,https://leetcode.com/problems/maximum-number-that-sum-of-the-prices-is-less-than-or-equal-to-k,"Math, Binary Search, Dynamic Programming, Bit Manipulation"
MEDIUM,Maximum Sum Circular Subarray,22.5,0.5156,https://leetcode.com/problems/maximum-sum-circular-subarray,"Array, Divide and Conquer, Dynamic Programming, Queue, Monotonic Queue"
MEDIUM,Bulb Switcher,19.5,0.5656,https://leetcode.com/problems/bulb-switcher,"Math, Brainteaser"
MEDIUM,Boats to Save People,19.5,0.6254,https://leetcode.com/problems/boats-to-save-people,"Array, Two Pointers, Greedy, Sorting, Timsort"
MEDIUM,Unique Binary Search Trees,19.5,0.6427,https://leetcode.com/problems/unique-binary-search-trees,"Math, Dynamic Programming, Tree, Binary Search Tree, Binary Tree"
MEDIUM,Combination Sum III,19.5,0.7379,https://leetcode.com/problems/combination-sum-iii,"Array, Backtracking"
EASY,Reverse String II,19.5,0.5464,https://leetcode.com/problems/reverse-string-ii,"Two Pointers, String"
MEDIUM,Unique Length-3 Palindromic Subsequences,19.5,0.7376,https://leetcode.com/problems/unique-length-3-palindromic-subsequences,"Hash Table, String, Bit Manipulation, Prefix Sum"
MEDIUM,Removing Stars From a String,19.5,0.7993,https://leetcode.com/problems/removing-stars-from-a-string,"String, Stack, Simulation"
EASY,Number of Recent Calls,19.5,0.7909,https://leetcode.com/problems/number-of-recent-calls,"Design, Queue, Data Stream"
EASY,Matrix Diagonal Sum,19.5,0.8466,https://leetcode.com/problems/matrix-diagonal-sum,"Array, Matrix"
MEDIUM,Beautiful Arrangement,19.5,0.6497,https://leetcode.com/problems/beautiful-arrangement,"Array, Dynamic Programming, Backtracking, Bit Manipulation, Bitmask"
EASY,Count Elements With Maximum Frequency,19.5,0.7970,https://leetcode.com/problems/count-elements-with-maximum-frequency,"Array, Hash Table, Counting"
EASY,Defanging an IP Address,19.5,0.9017,https://leetcode.com/problems/defanging-an-ip-address,String
MEDIUM,Most Stones Removed with Same Row or Column,19.5,0.6350,https://leetcode.com/problems/most-stones-removed-with-same-row-or-column,"Hash Table, Depth-First Search, Union-Find, Graph Theory, Bipartite Graph"
MEDIUM,Predict the Winner,19.5,0.5999,https://leetcode.com/problems/predict-the-winner,"Array, Math, Dynamic Programming, Recursion, Minimax, Game Theory, Zero-Sum Game"
HARD,Longest Happy Prefix,19.5,0.5398,https://leetcode.com/problems/longest-happy-prefix,"String, Rolling Hash, String Matching, Hash Function, Z Algorithm, Knuth–Morris–Pratt Algorithm"
HARD,Find in Mountain Array,19.5,0.4205,https://leetcode.com/problems/find-in-mountain-array,"Array, Binary Search, Interactive, Ternary Search"
HARD,Parsing A Boolean Expression,19.5,0.6981,https://leetcode.com/problems/parsing-a-boolean-expression,"String, Stack, Recursion"
MEDIUM,Unique Binary Search Trees II,16.1,0.6342,https://leetcode.com/problems/unique-binary-search-trees-ii,"Dynamic Programming, Backtracking, Tree, Binary Search Tree, Binary Tree"
MEDIUM,Exclusive Time of Functions,16.1,0.6626,https://leetcode.com/problems/exclusive-time-of-functions,"Array, Stack"
MEDIUM,Minesweeper,16.1,0.6897,https://leetcode.com/problems/minesweeper,"Array, Depth-First Search, Breadth-First Search, Matrix"
MEDIUM,Minimum Moves to Equal Array Elements II,16.1,0.6246,https://leetcode.com/problems/minimum-moves-to-equal-array-elements-ii,"Array, Math, Sorting"
MEDIUM,Car Pooling,16.1,0.5654,https://leetcode.com/problems/car-pooling,"Array, Sorting, Heap (Priority Queue), Simulation, Prefix Sum"
MEDIUM,Validate Stack Sequences,16.1,0.7084,https://leetcode.com/problems/validate-stack-sequences,"Array, Stack, Simulation"
EASY,Number of Steps to Reduce a Number to Zero,16.1,0.8596,https://leetcode.com/problems/number-of-steps-to-reduce-a-number-to-zero,"Math, Bit Manipulation"
EASY,Image Smoother,16.1,0.6988,https://leetcode.com/problems/image-smoother,"Array, Matrix"
HARD,Super Egg Drop,16.1,0.3088,https://leetcode.com/problems/super-egg-drop,"Math, Binary Search, Dynamic Programming"
HARD,Robot Room Cleaner,16.1,0.7804,https://leetcode.com/problems/robot-room-cleaner,"Backtracking, Interactive"
MEDIUM,Min Cost to Connect All Points,16.1,0.7181,https://leetcode.com/problems/min-cost-to-connect-all-points,"Array, Union-Find, Graph Theory, Minimum Spanning Tree, Prim's Algorithm, Kruskal's Algorithm, Borůvka's Algorithm"
MEDIUM,Number of Operations to Make Network Connected,16.1,0.6732,https://leetcode.com/problems/number-of-operations-to-make-network-connected,"Depth-First Search, Breadth-First Search, Union-Find, Graph Theory"
MEDIUM,Find Duplicate Subtrees,16.1,0.6089,https://leetcode.com/problems/find-duplicate-subtrees,"Hash Table, Tree, Depth-First Search, Binary Tree"
MEDIUM,Check Completeness of a Binary Tree,16.1,0.5956,https://leetcode.com/problems/check-completeness-of-a-binary-tree,"Tree, Breadth-First Search, Binary Tree"
MEDIUM,Web Crawler,16.1,0.6878,https://leetcode.com/problems/web-crawler,"String, Depth-First Search, Breadth-First Search, Interactive"
MEDIUM,Flatten a Multilevel Doubly Linked List,16.1,0.6348,https://leetcode.com/problems/flatten-a-multilevel-doubly-linked-list,"Linked List, Depth-First Search, Doubly-Linked List"
HARD,Valid Number,16.1,0.2368,https://leetcode.com/problems/valid-number,String
MEDIUM,Design a Stack With Increment Operation,16.1,0.7994,https://leetcode.com/problems/design-a-stack-with-increment-operation,"Array, Stack, Design"
EASY,Repeated Substring Pattern,16.1,0.4884,https://leetcode.com/problems/repeated-substring-pattern,"String, String Matching, Z Algorithm, Knuth–Morris–Pratt Algorithm"
MEDIUM,Build an Array With Stack Operations,16.1,0.8083,https://leetcode.com/problems/build-an-array-with-stack-operations,"Array, Stack, Simulation"
MEDIUM,Single Number III,16.1,0.7011,https://leetcode.com/problems/single-number-iii,"Array, Bit Manipulation"
HARD,Recover a Tree From Preorder Traversal,16.1,0.8323,https://leetcode.com/problems/recover-a-tree-from-preorder-traversal,"String, Tree, Depth-First Search, Binary Tree"
MEDIUM,Maximum Level Sum of a Binary Tree,16.1,0.7003,https://leetcode.com/problems/maximum-level-sum-of-a-binary-tree,"Tree, Depth-First Search, Breadth-First Search, Binary Tree"
MEDIUM,Check If Array Pairs Are Divisible by k,16.1,0.4621,https://leetcode.com/problems/check-if-array-pairs-are-divisible-by-k,"Array, Hash Table, Counting"
MEDIUM,Max Sum of a Pair With Equal Sum of Digits,16.1,0.6592,https://leetcode.com/problems/max-sum-of-a-pair-with-equal-sum-of-digits,"Array, Hash Table, Sorting, Heap (Priority Queue)"
MEDIUM,Bitwise AND of Numbers Range,16.1,0.4924,https://leetcode.com/problems/bitwise-and-of-numbers-range,Bit Manipulation
EASY,Project Employees I,16.1,0.6742,https://leetcode.com/problems/project-employees-i,Database
MEDIUM,Jump Game VI,16.1,0.4662,https://leetcode.com/problems/jump-game-vi,"Array, Dynamic Programming, Queue, Heap (Priority Queue), Monotonic Queue"
MEDIUM,Best Time to Buy and Sell Stock with Cooldown,16.1,0.6280,https://leetcode.com/problems/best-time-to-buy-and-sell-stock-with-cooldown,"Array, Dynamic Programming"
MEDIUM,Minimum Moves to Equal Array Elements,16.1,0.5916,https://leetcode.com/problems/minimum-moves-to-equal-array-elements,"Array, Math"
MEDIUM,Greatest Sum Divisible by Three,16.1,0.5700,https://leetcode.com/problems/greatest-sum-divisible-by-three,"Array, Dynamic Programming, Greedy, Sorting"
MEDIUM,Minimize Maximum of Array,16.1,0.4660,https://leetcode.com/problems/minimize-maximum-of-array,"Array, Binary Search, Dynamic Programming, Greedy, Prefix Sum"
MEDIUM,Alternating Groups II,16.1,0.5999,https://leetcode.com/problems/alternating-groups-ii,"Array, Sliding Window"
MEDIUM,Reach a Number,16.1,0.4571,https://leetcode.com/problems/reach-a-number,"Math, Binary Search"
MEDIUM,Remove Nodes From Linked List,16.1,0.7525,https://leetcode.com/problems/remove-nodes-from-linked-list,"Linked List, Stack, Recursion, Monotonic Stack"
MEDIUM,Construct the Minimum Bitwise Array II,16.1,0.6635,https://leetcode.com/problems/construct-the-minimum-bitwise-array-ii,"Array, Bit Manipulation"
EASY,Maximum Number of Balloons,16.1,0.6434,https://leetcode.com/problems/maximum-number-of-balloons,"Hash Table, String, Counting"
EASY,Largest Odd Number in String,16.1,0.6817,https://leetcode.com/problems/largest-odd-number-in-string,"Math, String, Greedy"
MEDIUM,Super Ugly Number,16.1,0.4664,https://leetcode.com/problems/super-ugly-number,"Array, Math, Dynamic Programming"
MEDIUM,Binary Tree Pruning,16.1,0.7258,https://leetcode.com/problems/binary-tree-pruning,"Tree, Depth-First Search, Binary Tree"
MEDIUM,Minimum Sideway Jumps,16.1,0.5201,https://leetcode.com/problems/minimum-sideway-jumps,"Array, Dynamic Programming, Greedy"
EASY,Count Equal and Divisible Pairs in an Array,16.1,0.8377,https://leetcode.com/problems/count-equal-and-divisible-pairs-in-an-array,Array
HARD,Swim in Rising Water,16.1,0.6828,https://leetcode.com/problems/swim-in-rising-water,"Array, Binary Search, Depth-First Search, Breadth-First Search, Union-Find, Minimax, Heap (Priority Queue), Matrix, Dijkstra's Algorithm"
EASY,Fix Names in a Table,16.1,0.6074,https://leetcode.com/problems/fix-names-in-a-table,Database
HARD,Maximum Sum of 3 Non-Overlapping Subarrays,16.1,0.6005,https://leetcode.com/problems/maximum-sum-of-3-non-overlapping-subarrays,"Array, Dynamic Programming, Sliding Window, Prefix Sum"
HARD,Count Subarrays With Score Less Than K,16.1,0.6223,https://leetcode.com/problems/count-subarrays-with-score-less-than-k,"Array, Binary Search, Sliding Window, Prefix Sum"
EASY,Valid Phone Numbers,16.1,0.3107,https://leetcode.com/problems/valid-phone-numbers,Shell
HARD,Cherry Pickup,16.1,0.4055,https://leetcode.com/problems/cherry-pickup,"Array, Dynamic Programming, Matrix"
MEDIUM,Number of Ways to Split Array,16.1,0.5575,https://leetcode.com/problems/number-of-ways-to-split-array,"Array, Prefix Sum"
MEDIUM,Determine if Two Strings Are Close,16.1,0.5444,https://leetcode.com/problems/determine-if-two-strings-are-close,"Hash Table, String, Sorting, Counting"
MEDIUM,Movie Rating,16.1,0.4458,https://leetcode.com/problems/movie-rating,Database
EASY,Build Array from Permutation,16.1,0.9111,https://leetcode.com/problems/build-array-from-permutation,"Array, Simulation"
EASY,Special Array I,16.1,0.8143,https://leetcode.com/problems/special-array-i,Array
MEDIUM,Minimum Time to Repair Cars,16.1,0.5922,https://leetcode.com/problems/minimum-time-to-repair-cars,"Array, Binary Search"
MEDIUM,Number of Sub-arrays With Odd Sum,16.1,0.5558,https://leetcode.com/problems/number-of-sub-arrays-with-odd-sum,"Array, Math, Dynamic Programming, Prefix Sum"
MEDIUM,Minimize the Maximum Difference of Pairs,16.1,0.5105,https://leetcode.com/problems/minimize-the-maximum-difference-of-pairs,"Array, Binary Search, Dynamic Programming, Greedy, Sorting"
HARD,Find Minimum Time to Finish All Jobs,16.1,0.4633,https://leetcode.com/problems/find-minimum-time-to-finish-all-jobs,"Array, Dynamic Programming, Backtracking, Bit Manipulation, Bitmask"
EASY,Count Hills and Valleys in an Array,16.1,0.6912,https://leetcode.com/problems/count-hills-and-valleys-in-an-array,Array
MEDIUM,Find Kth Bit in Nth Binary String,16.1,0.7372,https://leetcode.com/problems/find-kth-bit-in-nth-binary-string,"String, Recursion, Simulation"
MEDIUM,Largest Submatrix With Rearrangements,16.1,0.8016,https://leetcode.com/problems/largest-submatrix-with-rearrangements,"Array, Greedy, Sorting, Matrix"
EASY,Minimum Number Game,16.1,0.8555,https://leetcode.com/problems/minimum-number-game,"Array, Sorting, Heap (Priority Queue), Simulation"
MEDIUM,Detonate the Maximum Bombs,16.1,0.5046,https://leetcode.com/problems/detonate-the-maximum-bombs,"Array, Math, Depth-First Search, Breadth-First Search, Graph Theory, Geometry"
EASY,  Count Symmetric Integers,16.1,0.8318,https://leetcode.com/problems/count-symmetric-integers,"Math, Enumeration"
EASY,Maximum 69 Number,16.1,0.8462,https://leetcode.com/problems/maximum-69-number,"Math, Greedy"
HARD,Find the Original Typed String II,16.1,0.4519,https://leetcode.com/problems/find-the-original-typed-string-ii,"String, Dynamic Programming, Prefix Sum"
MEDIUM,Shortest Distance After Road Addition Queries I,16.1,0.6164,https://leetcode.com/problems/shortest-distance-after-road-addition-queries-i,"Array, Breadth-First Search, Graph Theory"
EASY,Actors and Directors Who Cooperated At Least Three Times,16.1,0.7151,https://leetcode.com/problems/actors-and-directors-who-cooperated-at-least-three-times,Database
MEDIUM,Product of the Last K Numbers,16.1,0.6306,https://leetcode.com/problems/product-of-the-last-k-numbers,"Array, Math, Design, Data Stream, Prefix Sum"
MEDIUM,Count the Number of Good Subarrays,16.1,0.6575,https://leetcode.com/problems/count-the-number-of-good-subarrays,"Array, Hash Table, Sliding Window"
EASY,Convert Binary Number in a Linked List to Integer,16.1,0.8245,https://leetcode.com/problems/convert-binary-number-in-a-linked-list-to-integer,"Linked List, Math"
MEDIUM,Four Divisors,16.1,0.5653,https://leetcode.com/problems/four-divisors,"Array, Math, Prime Factorization, Sieve Theory"
EASY,Final Array State After K Multiplication Operations I,16.1,0.8667,https://leetcode.com/problems/final-array-state-after-k-multiplication-operations-i,"Array, Math, Heap (Priority Queue), Simulation"
EASY,Triangle Judgement,16.1,0.7531,https://leetcode.com/problems/triangle-judgement,Database
MEDIUM,Alice and Bob Playing Flower Game,16.1,0.5997,https://leetcode.com/problems/alice-and-bob-playing-flower-game,Math
MEDIUM,Minimum Genetic Mutation,16.1,0.5721,https://leetcode.com/problems/minimum-genetic-mutation,"Hash Table, String, Breadth-First Search, Bidirectional Search"
EASY,Element Appearing More Than 25% In Sorted Array,16.1,0.6150,https://leetcode.com/problems/element-appearing-more-than-25-in-sorted-array,Array
HARD,Minimum Cost to Merge Stones,16.1,0.4709,https://leetcode.com/problems/minimum-cost-to-merge-stones,"Array, Dynamic Programming, Prefix Sum"
MEDIUM,Hand of Straights,16.1,0.5843,https://leetcode.com/problems/hand-of-straights,"Array, Hash Table, Greedy, Sorting"
HARD,Set Intersection Size At Least Two,16.1,0.5817,https://leetcode.com/problems/set-intersection-size-at-least-two,"Array, Greedy, Sorting"
MEDIUM,Count Ways To Build Good Strings,16.1,0.5881,https://leetcode.com/problems/count-ways-to-build-good-strings,Dynamic Programming
MEDIUM,Find the Minimum and Maximum Number of Nodes Between Critical Points,16.1,0.7299,https://leetcode.com/problems/find-the-minimum-and-maximum-number-of-nodes-between-critical-points,Linked List
EASY,Duplicate Zeros,16.1,0.5407,https://leetcode.com/problems/duplicate-zeros,"Array, Two Pointers"
HARD,Car Fleet II,16.1,0.5847,https://leetcode.com/problems/car-fleet-ii,"Array, Math, Stack, Heap (Priority Queue), Monotonic Stack"
HARD,Minimum Time to Visit a Cell In a Grid,16.1,0.5610,https://leetcode.com/problems/minimum-time-to-visit-a-cell-in-a-grid,"Array, Breadth-First Search, Graph Theory, Heap (Priority Queue), Matrix, Shortest Path"
MEDIUM,The Number of the Smallest Unoccupied Chair,16.1,0.6033,https://leetcode.com/problems/the-number-of-the-smallest-unoccupied-chair,"Array, Hash Table, Heap (Priority Queue)"
EASY,Determine Whether Matrix Can Be Obtained By Rotation,16.1,0.6857,https://leetcode.com/problems/determine-whether-matrix-can-be-obtained-by-rotation,"Array, Matrix"
EASY,Select Data,16.1,0.7834,https://leetcode.com/problems/select-data,
MEDIUM,Maximum Non Negative Product in a Matrix,16.1,0.5178,https://leetcode.com/problems/maximum-non-negative-product-in-a-matrix,"Array, Dynamic Programming, Matrix"
EASY,Maximum Count of Positive Integer and Negative Integer,16.1,0.7420,https://leetcode.com/problems/maximum-count-of-positive-integer-and-negative-integer,"Array, Binary Search, Counting"
MEDIUM,Find the Largest Area of Square Inside Two Rectangles,16.1,0.6679,https://leetcode.com/problems/find-the-largest-area-of-square-inside-two-rectangles,"Array, Math, Geometry"
MEDIUM,Find the Maximum Length of Valid Subsequence II,16.1,0.5687,https://leetcode.com/problems/find-the-maximum-length-of-valid-subsequence-ii,"Array, Dynamic Programming"
HARD,Maximum Sum BST in Binary Tree,16.1,0.4903,https://leetcode.com/problems/maximum-sum-bst-in-binary-tree,"Dynamic Programming, Tree, Depth-First Search, Binary Search Tree, Binary Tree, DP on Trees"
EASY,Sorting the Sentence,16.1,0.8423,https://leetcode.com/problems/sorting-the-sentence,"String, Sorting, Bubble Sort"
MEDIUM,Count the Number of Complete Components,16.1,0.8084,https://leetcode.com/problems/count-the-number-of-complete-components,"Depth-First Search, Breadth-First Search, Union-Find, Graph Theory"
EASY,Defuse the Bomb,16.1,0.7952,https://leetcode.com/problems/defuse-the-bomb,"Array, Sliding Window"
HARD,Last Substring in Lexicographical Order,16.1,0.3525,https://leetcode.com/problems/last-substring-in-lexicographical-order,"Two Pointers, String, Lyndon Factorization"
EASY,Smallest Number With All Set Bits,16.1,0.8014,https://leetcode.com/problems/smallest-number-with-all-set-bits,"Math, Bit Manipulation"
EASY,Self Dividing Numbers,16.1,0.8127,https://leetcode.com/problems/self-dividing-numbers,Math
EASY,Keyboard Row,16.1,0.7442,https://leetcode.com/problems/keyboard-row,"Array, Hash Table, String"
EASY,Shortest Distance to a Character,16.1,0.7303,https://leetcode.com/problems/shortest-distance-to-a-character,"Array, Two Pointers, String"
MEDIUM,Convert BST to Greater Tree,16.1,0.7199,https://leetcode.com/problems/convert-bst-to-greater-tree,"Tree, Depth-First Search, Binary Search Tree, Binary Tree"
MEDIUM,Word Pattern II,16.1,0.4917,https://leetcode.com/problems/word-pattern-ii,"Hash Table, String, Backtracking"
MEDIUM,Number of Closed Islands,16.1,0.6733,https://leetcode.com/problems/number-of-closed-islands,"Array, Depth-First Search, Breadth-First Search, Union-Find, Matrix"
MEDIUM,Maximize Happiness of Selected Children,16.1,0.5864,https://leetcode.com/problems/maximize-happiness-of-selected-children,"Array, Greedy, Sorting"
MEDIUM,Maximum Subsequence Score,16.1,0.5504,https://leetcode.com/problems/maximum-subsequence-score,"Array, Greedy, Sorting, Heap (Priority Queue)"
MEDIUM,Stone Game,16.1,0.7709,https://leetcode.com/problems/stone-game,"Array, Math, Dynamic Programming, Minimax, Game Theory, Zero-Sum Game"
EASY,Reverse Words in a String III,12.5,0.8418,https://leetcode.com/problems/reverse-words-in-a-string-iii,"Two Pointers, String"
MEDIUM,Encode and Decode TinyURL,12.5,0.8641,https://leetcode.com/problems/encode-and-decode-tinyurl,"Hash Table, String, Design, Hash Function"
MEDIUM,Distribute Coins in Binary Tree,12.5,0.7739,https://leetcode.com/problems/distribute-coins-in-binary-tree,"Tree, Depth-First Search, Binary Tree, DP on Trees"
MEDIUM,Walls and Gates,12.5,0.6419,https://leetcode.com/problems/walls-and-gates,"Array, Breadth-First Search, Matrix"
MEDIUM,Convert Sorted List to Binary Search Tree,12.5,0.6746,https://leetcode.com/problems/convert-sorted-list-to-binary-search-tree,"Linked List, Divide and Conquer, Tree, Binary Search Tree, Binary Tree"
MEDIUM,Letter Tile Possibilities,12.5,0.8353,https://leetcode.com/problems/letter-tile-possibilities,"Hash Table, String, Backtracking, Counting"
MEDIUM,The Maze,12.5,0.6054,https://leetcode.com/problems/the-maze,"Array, Depth-First Search, Breadth-First Search, Matrix"
MEDIUM,Longest Substring with At Most Two Distinct Characters,12.5,0.5719,https://leetcode.com/problems/longest-substring-with-at-most-two-distinct-characters,"Hash Table, String, Sliding Window"
EASY,Cousins in Binary Tree,12.5,0.5985,https://leetcode.com/problems/cousins-in-binary-tree,"Tree, Depth-First Search, Breadth-First Search, Binary Tree"
EASY,Binary Tree Paths,12.5,0.6941,https://leetcode.com/problems/binary-tree-paths,"String, Backtracking, Tree, Depth-First Search, Binary Tree"
EASY,Shortest Word Distance,12.5,0.6641,https://leetcode.com/problems/shortest-word-distance,"Array, String"
MEDIUM,Letter Case Permutation,12.5,0.7612,https://leetcode.com/problems/letter-case-permutation,"String, Backtracking, Bit Manipulation"
MEDIUM,Minimum Add to Make Parentheses Valid,12.5,0.7423,https://leetcode.com/problems/minimum-add-to-make-parentheses-valid,"String, Stack, Greedy, Bracket Sequences"
MEDIUM,N-ary Tree Level Order Traversal,12.5,0.7168,https://leetcode.com/problems/n-ary-tree-level-order-traversal,"Tree, Breadth-First Search"
MEDIUM,Graph Valid Tree,12.5,0.5016,https://leetcode.com/problems/graph-valid-tree,"Depth-First Search, Breadth-First Search, Union-Find, Graph Theory"
HARD,Smallest Good Base,12.5,0.4759,https://leetcode.com/problems/smallest-good-base,"Math, Binary Search"
EASY,Sort Array By Parity II,12.5,0.7137,https://leetcode.com/problems/sort-array-by-parity-ii,"Array, Two Pointers, Sorting"
EASY,Average of Levels in Binary Tree,12.5,0.7522,https://leetcode.com/problems/average-of-levels-in-binary-tree,"Tree, Depth-First Search, Breadth-First Search, Binary Tree"
HARD,Palindrome Pairs,12.5,0.3765,https://leetcode.com/problems/palindrome-pairs,"Array, Hash Table, String, Trie, Hash Function"
MEDIUM,Kill Process,12.5,0.7077,https://leetcode.com/problems/kill-process,"Array, Hash Table, Tree, Depth-First Search, Breadth-First Search"
MEDIUM,Dot Product of Two Sparse Vectors,12.5,0.8987,https://leetcode.com/problems/dot-product-of-two-sparse-vectors,"Array, Hash Table, Two Pointers, Design, Linear Algebra"
MEDIUM,Ways to Make a Fair Array,12.5,0.6764,https://leetcode.com/problems/ways-to-make-a-fair-array,"Array, Prefix Sum"
MEDIUM,Design Snake Game,12.5,0.4011,https://leetcode.com/problems/design-snake-game,"Array, Hash Table, Design, Queue, Simulation"
MEDIUM,Combination Sum IV,12.5,0.5533,https://leetcode.com/problems/combination-sum-iv,"Array, Dynamic Programming"
MEDIUM,Maximum Length of a Concatenated String with Unique Characters,12.5,0.5494,https://leetcode.com/problems/maximum-length-of-a-concatenated-string-with-unique-characters,"Array, String, Backtracking, Bit Manipulation"
HARD,Employee Free Time,12.5,0.7302,https://leetcode.com/problems/employee-free-time,"Array, Sweep Line, Sorting, Heap (Priority Queue)"
MEDIUM,Convert Binary Search Tree to Sorted Doubly Linked List,12.5,0.6564,https://leetcode.com/problems/convert-binary-search-tree-to-sorted-doubly-linked-list,"Linked List, Stack, Tree, Depth-First Search, Binary Search Tree, Binary Tree, Doubly-Linked List"
MEDIUM,Design Bounded Blocking Queue,12.5,0.7399,https://leetcode.com/problems/design-bounded-blocking-queue,Concurrency
HARD,Max Chunks To Make Sorted II,12.5,0.5513,https://leetcode.com/problems/max-chunks-to-make-sorted-ii,"Array, Stack, Greedy, Sorting, Monotonic Stack"
MEDIUM,Binary Tree Level Order Traversal II,12.5,0.6915,https://leetcode.com/problems/binary-tree-level-order-traversal-ii,"Tree, Breadth-First Search, Binary Tree"
EASY,Sort Array By Parity,12.5,0.7669,https://leetcode.com/problems/sort-array-by-parity,"Array, Two Pointers, Sorting"
EASY,Moving Average from Data Stream,12.5,0.8024,https://leetcode.com/problems/moving-average-from-data-stream,"Array, Design, Queue, Data Stream"
MEDIUM,Gray Code,12.5,0.6619,https://leetcode.com/problems/gray-code,"Math, Backtracking, Bit Manipulation"
MEDIUM,Implement Rand10() Using Rand7(),12.5,0.4675,https://leetcode.com/problems/implement-rand10-using-rand7,"Math, Rejection Sampling, Randomized, Probability and Statistics"
MEDIUM,Print Binary Tree,12.5,0.6702,https://leetcode.com/problems/print-binary-tree,"Tree, Depth-First Search, Breadth-First Search, Binary Tree"
EASY,Reverse Only Letters,12.5,0.6918,https://leetcode.com/problems/reverse-only-letters,"Two Pointers, String"
EASY,Palindrome Permutation,12.5,0.6872,https://leetcode.com/problems/palindrome-permutation,"Hash Table, String, Bit Manipulation"
MEDIUM,My Calendar I,12.5,0.5841,https://leetcode.com/problems/my-calendar-i,"Array, Binary Search, Design, Segment Tree, Ordered Set"
EASY,Convert a Number to Hexadecimal,12.5,0.5501,https://leetcode.com/problems/convert-a-number-to-hexadecimal,"Math, String, Bit Manipulation"
HARD,Reconstruct Itinerary,12.5,0.4505,https://leetcode.com/problems/reconstruct-itinerary,"Array, String, Depth-First Search, Graph Theory, Sorting, Heap (Priority Queue), Eulerian Circuit, Eulerian Path, Semi-Eulerian Graph"
EASY,Day of the Week,12.5,0.5982,https://leetcode.com/problems/day-of-the-week,Math
MEDIUM,Fraction to Recurring Decimal,12.5,0.3146,https://leetcode.com/problems/fraction-to-recurring-decimal,"Hash Table, Math, String"
MEDIUM,Insertion Sort List,12.5,0.6036,https://leetcode.com/problems/insertion-sort-list,"Linked List, Sorting"
HARD,Count Unique Characters of All Substrings of a Given String,12.5,0.5404,https://leetcode.com/problems/count-unique-characters-of-all-substrings-of-a-given-string,"Hash Table, String, Dynamic Programming"
MEDIUM,Flatten Nested List Iterator,12.5,0.6590,https://leetcode.com/problems/flatten-nested-list-iterator,"Stack, Tree, Depth-First Search, Design, Queue, Iterator"
HARD,Sliding Puzzle,12.5,0.7463,https://leetcode.com/problems/sliding-puzzle,"Array, Dynamic Programming, Backtracking, Breadth-First Search, Memoization, Matrix, Heuristic Search, Bidirectional Search, A* Search"
HARD,Guess the Word,12.5,0.3657,https://leetcode.com/problems/guess-the-word,"Array, Math, String, Minimax, Interactive, Game Theory"
MEDIUM,Find Duplicate File in System,12.5,0.6755,https://leetcode.com/problems/find-duplicate-file-in-system,"Array, Hash Table, String"
MEDIUM,Maximum Size Subarray Sum Equals k,12.5,0.5098,https://leetcode.com/problems/maximum-size-subarray-sum-equals-k,"Array, Hash Table, Prefix Sum"
MEDIUM,Minimum Area Rectangle,12.5,0.5557,https://leetcode.com/problems/minimum-area-rectangle,"Array, Hash Table, Math, Geometry, Sorting"
MEDIUM,Find Largest Value in Each Tree Row,12.5,0.6640,https://leetcode.com/problems/find-largest-value-in-each-tree-row,"Tree, Depth-First Search, Breadth-First Search, Binary Tree"
HARD,Insert Delete GetRandom O(1) - Duplicates allowed,12.5,0.3705,https://leetcode.com/problems/insert-delete-getrandom-o1-duplicates-allowed,"Array, Hash Table, Math, Design, Randomized"
EASY,Third Maximum Number,12.5,0.4045,https://leetcode.com/problems/third-maximum-number,"Array, Sorting"
EASY,Most Common Word,12.5,0.4541,https://leetcode.com/problems/most-common-word,"Array, Hash Table, String, Counting"
MEDIUM,Paint House,12.5,0.6457,https://leetcode.com/problems/paint-house,"Array, Dynamic Programming"
EASY,Flipping an Image,12.5,0.8404,https://leetcode.com/problems/flipping-an-image,"Array, Two Pointers, Bit Manipulation, Matrix, Simulation"
MEDIUM,Reveal Cards In Increasing Order,12.5,0.8382,https://leetcode.com/problems/reveal-cards-in-increasing-order,"Array, Queue, Sorting, Simulation"
MEDIUM,Meeting Scheduler,12.5,0.5520,https://leetcode.com/problems/meeting-scheduler,"Array, Two Pointers, Sorting"
MEDIUM,Longest Mountain in Array,12.5,0.4255,https://leetcode.com/problems/longest-mountain-in-array,"Array, Two Pointers, Dynamic Programming, Enumeration"
EASY,Range Sum of BST,12.5,0.8764,https://leetcode.com/problems/range-sum-of-bst,"Tree, Depth-First Search, Binary Search Tree, Binary Tree"
MEDIUM,Rotated Digits,12.5,0.6415,https://leetcode.com/problems/rotated-digits,"Math, Dynamic Programming"
HARD,Longest Cycle in a Graph,12.5,0.5122,https://leetcode.com/problems/longest-cycle-in-a-graph,"Depth-First Search, Breadth-First Search, Graph Theory, Topological Sort, Kosaraju's Algorithm, Tarjan's SCC Algorithm"
MEDIUM,Number of Steps to Reduce a Number in Binary Representation to One,12.5,0.6374,https://leetcode.com/problems/number-of-steps-to-reduce-a-number-in-binary-representation-to-one,"String, Bit Manipulation, Simulation"
MEDIUM,Egg Drop With 2 Eggs and N Floors,12.5,0.7481,https://leetcode.com/problems/egg-drop-with-2-eggs-and-n-floors,"Math, Dynamic Programming"
MEDIUM,Maximum Length of Repeated Subarray,12.5,0.5159,https://leetcode.com/problems/maximum-length-of-repeated-subarray,"Array, Binary Search, Dynamic Programming, Sliding Window, Rolling Hash, Hash Function"
HARD,Number of Atoms,12.5,0.6525,https://leetcode.com/problems/number-of-atoms,"Hash Table, String, Stack, Sorting"
EASY,Root Equals Sum of Children,12.5,0.8520,https://leetcode.com/problems/root-equals-sum-of-children,"Tree, Binary Tree"
MEDIUM,As Far from Land as Possible,12.5,0.5254,https://leetcode.com/problems/as-far-from-land-as-possible,"Array, Dynamic Programming, Breadth-First Search, Matrix"
MEDIUM,Number of Ways to Arrive at Destination,12.5,0.3777,https://leetcode.com/problems/number-of-ways-to-arrive-at-destination,"Dynamic Programming, Graph Theory, Topological Sort, Shortest Path, Dijkstra's Algorithm"
MEDIUM,First Unique Number,12.5,0.5796,https://leetcode.com/problems/first-unique-number,"Array, Hash Table, Design, Queue, Data Stream"
MEDIUM,Largest Time for Given Digits,12.5,0.3618,https://leetcode.com/problems/largest-time-for-given-digits,"Array, String, Backtracking, Enumeration"
MEDIUM,Verify Preorder Sequence in Binary Search Tree,12.5,0.5186,https://leetcode.com/problems/verify-preorder-sequence-in-binary-search-tree,"Array, Stack, Tree, Binary Search Tree, Recursion, Monotonic Stack, Binary Tree"
MEDIUM,Tree Diameter,12.5,0.6127,https://leetcode.com/problems/tree-diameter,"Tree, Depth-First Search, Breadth-First Search, Graph Theory, Topological Sort, DP on Trees"
MEDIUM,Integer Break,12.5,0.6277,https://leetcode.com/problems/integer-break,"Math, Dynamic Programming"
MEDIUM,Shuffle an Array,12.5,0.6004,https://leetcode.com/problems/shuffle-an-array,"Array, Math, Design, Randomized"
MEDIUM,K-diff Pairs in an Array,12.5,0.4639,https://leetcode.com/problems/k-diff-pairs-in-an-array,"Array, Hash Table, Two Pointers, Binary Search, Sorting"
EASY,Leaf-Similar Trees,12.5,0.7036,https://leetcode.com/problems/leaf-similar-trees,"Tree, Depth-First Search, Binary Tree"
MEDIUM,Split a String Into the Max Number of Unique Substrings,12.5,0.6880,https://leetcode.com/problems/split-a-string-into-the-max-number-of-unique-substrings,"Hash Table, String, Backtracking"
MEDIUM,Find The Original Array of Prefix Xor,12.5,0.8848,https://leetcode.com/problems/find-the-original-array-of-prefix-xor,"Array, Bit Manipulation"
EASY,Construct the Minimum Bitwise Array I,12.5,0.8498,https://leetcode.com/problems/construct-the-minimum-bitwise-array-i,"Array, Bit Manipulation"
EASY,Sleep,12.5,0.8726,https://leetcode.com/problems/sleep,
EASY,Special Array With X Elements Greater Than or Equal X,12.5,0.6707,https://leetcode.com/problems/special-array-with-x-elements-greater-than-or-equal-x,"Array, Binary Search, Sorting"
EASY,Minimum Cost to Move Chips to The Same Position,12.5,0.7328,https://leetcode.com/problems/minimum-cost-to-move-chips-to-the-same-position,"Array, Math, Greedy"
MEDIUM,Count Vowel Strings in Ranges,12.5,0.6790,https://leetcode.com/problems/count-vowel-strings-in-ranges,"Array, String, Prefix Sum"
MEDIUM,Seat Reservation Manager,12.5,0.6748,https://leetcode.com/problems/seat-reservation-manager,"Design, Heap (Priority Queue)"
MEDIUM,Sum of Square Numbers,12.5,0.3705,https://leetcode.com/problems/sum-of-square-numbers,"Math, Two Pointers, Binary Search"
MEDIUM,Find the Prefix Common Array of Two Arrays,12.5,0.8828,https://leetcode.com/problems/find-the-prefix-common-array-of-two-arrays,"Array, Hash Table, Bit Manipulation"
EASY,Count of Matches in Tournament,12.5,0.8658,https://leetcode.com/problems/count-of-matches-in-tournament,"Math, Simulation"
MEDIUM,Longest Substring Of All Vowels in Order,12.5,0.5246,https://leetcode.com/problems/longest-substring-of-all-vowels-in-order,"String, Sliding Window"
MEDIUM,Grumpy Bookstore Owner,12.5,0.6420,https://leetcode.com/problems/grumpy-bookstore-owner,"Array, Sliding Window"
MEDIUM,Number of Zero-Filled Subarrays,12.5,0.7003,https://leetcode.com/problems/number-of-zero-filled-subarrays,"Array, Math"
HARD,Tallest Billboard,12.5,0.5190,https://leetcode.com/problems/tallest-billboard,"Array, Dynamic Programming, Meet in the Middle, Knapsack Problem, 0-1 Knapsack"
MEDIUM,Spiral Matrix IV,12.5,0.8236,https://leetcode.com/problems/spiral-matrix-iv,"Array, Linked List, Matrix, Simulation"
MEDIUM,Minimum Cost Homecoming of a Robot in a Grid,12.5,0.5190,https://leetcode.com/problems/minimum-cost-homecoming-of-a-robot-in-a-grid,"Array, Greedy"
MEDIUM,Check if Object Instance of Class,12.5,0.3042,https://leetcode.com/problems/check-if-object-instance-of-class,
EASY,Sum Multiples,12.5,0.8614,https://leetcode.com/problems/sum-multiples,Math
MEDIUM,Maximum Twin Sum of a Linked List,12.5,0.8325,https://leetcode.com/problems/maximum-twin-sum-of-a-linked-list,"Linked List, Two Pointers, Stack"
MEDIUM,Count Numbers with Unique Digits,12.5,0.5629,https://leetcode.com/problems/count-numbers-with-unique-digits,"Math, Dynamic Programming, Backtracking"
MEDIUM,Champagne Tower,12.5,0.6392,https://leetcode.com/problems/champagne-tower,Dynamic Programming
MEDIUM,Move Pieces to Obtain a String,12.5,0.5659,https://leetcode.com/problems/move-pieces-to-obtain-a-string,"Two Pointers, String"
MEDIUM,Maximum Amount of Money Robot Can Earn,12.5,0.4788,https://leetcode.com/problems/maximum-amount-of-money-robot-can-earn,"Array, Dynamic Programming, Matrix"
MEDIUM,Valid Subarrays With Matching Sum Digits I,12.5,0.4632,https://leetcode.com/problems/valid-subarrays-with-matching-sum-digits-i,"Array, Hash Table, Sliding Window, Enumeration, Prefix Sum"
HARD,Strong Password Checker,12.5,0.1650,https://leetcode.com/problems/strong-password-checker,"String, Greedy, Heap (Priority Queue)"
EASY,Rank Transform of an Array,12.5,0.7399,https://leetcode.com/problems/rank-transform-of-an-array,"Array, Hash Table, Sorting"
MEDIUM,Smallest Number in Infinite Set,12.5,0.7067,https://leetcode.com/problems/smallest-number-in-infinite-set,"Hash Table, Design, Heap (Priority Queue), Ordered Set"
HARD,Strange Printer,12.5,0.6102,https://leetcode.com/problems/strange-printer,"String, Dynamic Programming"
EASY,String Matching in an Array,12.5,0.6986,https://leetcode.com/problems/string-matching-in-an-array,"Array, String, String Matching"
HARD,Minimum Distance to Type a Word Using Two Fingers,12.5,0.7233,https://leetcode.com/problems/minimum-distance-to-type-a-word-using-two-fingers,"String, Dynamic Programming"
MEDIUM,Mirror Reflection,12.5,0.6255,https://leetcode.com/problems/mirror-reflection,"Math, Geometry, Number Theory, Least Common Multiple, Greatest Common Divisor"
HARD,Merge BSTs to Create Single BST,12.5,0.4006,https://leetcode.com/problems/merge-bsts-to-create-single-bst,"Array, Hash Table, Tree, Depth-First Search, Binary Search Tree, Binary Tree"
HARD,Minimum Score After Removals on a Tree,12.5,0.7594,https://leetcode.com/problems/minimum-score-after-removals-on-a-tree,"Array, Bit Manipulation, Tree, Depth-First Search"
MEDIUM,Remove Sub-Folders from the Filesystem,12.5,0.7860,https://leetcode.com/problems/remove-sub-folders-from-the-filesystem,"Array, String, Depth-First Search, Trie"
HARD,Maximum Building Height,12.5,0.6691,https://leetcode.com/problems/maximum-building-height,"Array, Math, Sorting"
MEDIUM,Solving Questions With Brainpower,12.5,0.6019,https://leetcode.com/problems/solving-questions-with-brainpower,"Array, Dynamic Programming"
HARD,Number of Ways to Divide a Long Corridor,12.5,0.5450,https://leetcode.com/problems/number-of-ways-to-divide-a-long-corridor,"Math, String, Dynamic Programming"
MEDIUM,Maximum Frequency After Subarray Operation,12.5,0.3146,https://leetcode.com/problems/maximum-frequency-after-subarray-operation,"Array, Hash Table, Dynamic Programming, Greedy, Enumeration, Prefix Sum"
EASY,Fill Missing Data,12.5,0.7269,https://leetcode.com/problems/fill-missing-data,
MEDIUM,Find Beautiful Indices in the Given Array I,12.5,0.4138,https://leetcode.com/problems/find-beautiful-indices-in-the-given-array-i,"Two Pointers, String, Binary Search, Rolling Hash, String Matching, Hash Function, Z Algorithm, Knuth–Morris–Pratt Algorithm, Boyer–Moore String-Search Algorithm"
EASY,Matrix Similarity After Cyclic Shifts,12.5,0.7412,https://leetcode.com/problems/matrix-similarity-after-cyclic-shifts,"Array, Math, Matrix, Simulation"
MEDIUM,Count the Number of Special Characters II,12.5,0.6033,https://leetcode.com/problems/count-the-number-of-special-characters-ii,"Hash Table, String"
MEDIUM,Most Frequent Subtree Sum,12.5,0.6978,https://leetcode.com/problems/most-frequent-subtree-sum,"Hash Table, Tree, Depth-First Search, Binary Tree, DP on Trees"
HARD,Trionic Array II,12.5,0.4714,https://leetcode.com/problems/trionic-array-ii,"Array, Dynamic Programming"
MEDIUM,Minimum Additions to Make Valid String,12.5,0.5151,https://leetcode.com/problems/minimum-additions-to-make-valid-string,"String, Dynamic Programming, Stack, Greedy"
MEDIUM,Maximum Value of an Ordered Triplet II,12.5,0.5623,https://leetcode.com/problems/maximum-value-of-an-ordered-triplet-ii,"Array, Prefix Sum"
MEDIUM,Minimized Maximum of Products Distributed to Any Store,12.5,0.6325,https://leetcode.com/problems/minimized-maximum-of-products-distributed-to-any-store,"Array, Binary Search, Greedy"
EASY,Finding 3-Digit Even Numbers,12.5,0.7882,https://leetcode.com/problems/finding-3-digit-even-numbers,"Array, Hash Table, Recursion, Sorting, Enumeration"
MEDIUM,Maximum Total Damage With Spell Casting,12.5,0.4501,https://leetcode.com/problems/maximum-total-damage-with-spell-casting,"Array, Hash Table, Two Pointers, Binary Search, Dynamic Programming, Sorting, Counting"
HARD,Number of Increasing Paths in a Grid,12.5,0.5721,https://leetcode.com/problems/number-of-increasing-paths-in-a-grid,"Array, Dynamic Programming, Depth-First Search, Breadth-First Search, Graph Theory, Topological Sort, Memoization, Matrix"
MEDIUM,Smallest Integer Divisible by K,12.5,0.5414,https://leetcode.com/problems/smallest-integer-divisible-by-k,"Hash Table, Math, Pigeonhole Principle"
HARD,Couples Holding Hands,12.5,0.5980,https://leetcode.com/problems/couples-holding-hands,"Greedy, Depth-First Search, Breadth-First Search, Union-Find, Graph Theory"
EASY,Separate the Digits in an Array,12.5,0.8575,https://leetcode.com/problems/separate-the-digits-in-an-array,"Array, Simulation"
EASY,Sort the People,12.5,0.8481,https://leetcode.com/problems/sort-the-people,"Array, Hash Table, String, Sorting"
MEDIUM,Equal Sum Grid Partition I,12.5,0.5286,https://leetcode.com/problems/equal-sum-grid-partition-i,"Array, Matrix, Enumeration, Prefix Sum"
MEDIUM,Minimize Maximum Component Cost,12.5,0.4343,https://leetcode.com/problems/minimize-maximum-component-cost,"Binary Search, Union-Find, Graph Theory, Sorting"
EASY,Minimum Operations to Make Array Sum Divisible by K,12.5,0.9194,https://leetcode.com/problems/minimum-operations-to-make-array-sum-divisible-by-k,"Array, Math"
MEDIUM,Rearrange Words in a Sentence,12.5,0.6745,https://leetcode.com/problems/rearrange-words-in-a-sentence,"String, Sorting"
EASY,Decompress Run-Length Encoded List,12.5,0.8631,https://leetcode.com/problems/decompress-run-length-encoded-list,Array
EASY,Find the K-th Character in String Game I,12.5,0.8163,https://leetcode.com/problems/find-the-k-th-character-in-string-game-i,"Math, Bit Manipulation, Recursion, Simulation"
EASY,Minimum Number of Operations to Make Elements in Array Distinct,12.5,0.7106,https://leetcode.com/problems/minimum-number-of-operations-to-make-elements-in-array-distinct,"Array, Hash Table"
MEDIUM,Maximum Absolute Sum of Any Subarray,12.5,0.7061,https://leetcode.com/problems/maximum-absolute-sum-of-any-subarray,"Array, Dynamic Programming"
EASY,Lemonade Change,12.5,0.5949,https://leetcode.com/problems/lemonade-change,"Array, Greedy"
HARD,Find K-th Smallest Pair Distance,12.5,0.4685,https://leetcode.com/problems/find-k-th-smallest-pair-distance,"Array, Two Pointers, Binary Search, Sorting"
MEDIUM,Maximum Distance Between a Pair of Values,12.5,0.6123,https://leetcode.com/problems/maximum-distance-between-a-pair-of-values,"Array, Two Pointers, Binary Search"
MEDIUM,Divide Players Into Teams of Equal Skill,12.5,0.6891,https://leetcode.com/problems/divide-players-into-teams-of-equal-skill,"Array, Hash Table, Two Pointers, Sorting"
HARD,Find Minimum Diameter After Merging Two Trees,12.5,0.5679,https://leetcode.com/problems/find-minimum-diameter-after-merging-two-trees,"Tree, Depth-First Search, Breadth-First Search, Graph Theory"
EASY,Binary Prefix Divisible By 5,12.5,0.5378,https://leetcode.com/problems/binary-prefix-divisible-by-5,"Array, Bit Manipulation"
EASY,Minimum Difference Between Highest and Lowest of K Scores,12.5,0.6645,https://leetcode.com/problems/minimum-difference-between-highest-and-lowest-of-k-scores,"Array, Sliding Window, Sorting"
HARD,Parallel Courses III,12.5,0.6681,https://leetcode.com/problems/parallel-courses-iii,"Array, Dynamic Programming, Graph Theory, Topological Sort, Directed Acyclic Graph"
MEDIUM,Number of Smooth Descent Periods of a Stock,12.5,0.6764,https://leetcode.com/problems/number-of-smooth-descent-periods-of-a-stock,"Array, Math, Two Pointers, Dynamic Programming, Sliding Window"
MEDIUM,Invalid Transactions,12.5,0.3259,https://leetcode.com/problems/invalid-transactions,"Array, Hash Table, String, Sorting"
MEDIUM,Twisted Mirror Path Count,12.5,0.4768,https://leetcode.com/problems/twisted-mirror-path-count,"Array, Dynamic Programming, Matrix"
MEDIUM,Flip Equivalent Binary Trees,12.5,0.6949,https://leetcode.com/problems/flip-equivalent-binary-trees,"Tree, Depth-First Search, Binary Tree"
MEDIUM,Subdomain Visit Count,12.5,0.7724,https://leetcode.com/problems/subdomain-visit-count,"Array, Hash Table, String, Counting"
MEDIUM,Magnetic Force Between Two Balls,12.5,0.7270,https://leetcode.com/problems/magnetic-force-between-two-balls,"Array, Binary Search, Sorting"
MEDIUM,Number of Spaces Cleaning Robot Cleaned,12.5,0.6442,https://leetcode.com/problems/number-of-spaces-cleaning-robot-cleaned,"Array, Matrix, Simulation"
MEDIUM,Push Dominoes,12.5,0.6308,https://leetcode.com/problems/push-dominoes,"Two Pointers, String, Dynamic Programming"
MEDIUM,Count of Substrings Containing Every Vowel and K Consonants II,12.5,0.4068,https://leetcode.com/problems/count-of-substrings-containing-every-vowel-and-k-consonants-ii,"Hash Table, String, Sliding Window"
MEDIUM,Find the Maximum Number of Elements in Subset,12.5,0.4228,https://leetcode.com/problems/find-the-maximum-number-of-elements-in-subset,"Array, Hash Table, Enumeration"
HARD,Checking Existence of Edge Length Limited Paths,12.5,0.6371,https://leetcode.com/problems/checking-existence-of-edge-length-limited-paths,"Array, Two Pointers, Union-Find, Graph Theory, Sorting"
MEDIUM,Custom Sort String,12.5,0.7232,https://leetcode.com/problems/custom-sort-string,"Hash Table, String, Sorting"
EASY,Number of Employees Who Met the Target,12.5,0.8781,https://leetcode.com/problems/number-of-employees-who-met-the-target,Array
MEDIUM,Minimum Array Sum,12.5,0.3183,https://leetcode.com/problems/minimum-array-sum,"Array, Dynamic Programming"
HARD,K Inverse Pairs Array,12.5,0.4903,https://leetcode.com/problems/k-inverse-pairs-array,Dynamic Programming
MEDIUM,Minimum Cost Path with Edge Reversals,12.5,0.6153,https://leetcode.com/problems/minimum-cost-path-with-edge-reversals,"Graph Theory, Heap (Priority Queue), Shortest Path"
HARD,Distance to a Cycle in Undirected Graph,12.5,0.7355,https://leetcode.com/problems/distance-to-a-cycle-in-undirected-graph,"Depth-First Search, Breadth-First Search, Graph Theory, Topological Sort"
HARD,Get the Maximum Score,12.5,0.4156,https://leetcode.com/problems/get-the-maximum-score,"Array, Two Pointers, Dynamic Programming, Greedy"
EASY,Minimum Cuts to Divide a Circle,12.5,0.5687,https://leetcode.com/problems/minimum-cuts-to-divide-a-circle,"Math, Geometry"
MEDIUM,Smallest Subarrays With Maximum Bitwise OR,12.5,0.6192,https://leetcode.com/problems/smallest-subarrays-with-maximum-bitwise-or,"Array, Binary Search, Bit Manipulation, Sliding Window"
MEDIUM,Cache With Time Limit,12.5,0.7634,https://leetcode.com/problems/cache-with-time-limit,
MEDIUM,Adding Spaces to a String,12.5,0.7187,https://leetcode.com/problems/adding-spaces-to-a-string,"Array, Two Pointers, String, Simulation"
MEDIUM,Zero Array Transformation III,12.5,0.5441,https://leetcode.com/problems/zero-array-transformation-iii,"Array, Two Pointers, Greedy, Sorting, Heap (Priority Queue), Prefix Sum"
MEDIUM,Buildings With an Ocean View,12.5,0.8091,https://leetcode.com/problems/buildings-with-an-ocean-view,"Array, Stack, Monotonic Stack"
MEDIUM,Total Cost to Hire K Workers,12.5,0.4393,https://leetcode.com/problems/total-cost-to-hire-k-workers,"Array, Two Pointers, Heap (Priority Queue), Simulation"
HARD,Numbers At Most N Given Digit Set,12.5,0.4613,https://leetcode.com/problems/numbers-at-most-n-given-digit-set,"Array, Math, String, Binary Search, Dynamic Programming"
HARD,Maximum Fruits Harvested After at Most K Steps,12.5,0.6103,https://leetcode.com/problems/maximum-fruits-harvested-after-at-most-k-steps,"Array, Binary Search, Sliding Window, Prefix Sum"
HARD,Minimize Malware Spread,12.5,0.4349,https://leetcode.com/problems/minimize-malware-spread,"Array, Hash Table, Depth-First Search, Breadth-First Search, Union-Find, Graph Theory"
MEDIUM,Rabbits in Forest,12.5,0.5802,https://leetcode.com/problems/rabbits-in-forest,"Array, Hash Table, Math, Greedy"
EASY,Final Value of Variable After Performing Operations,12.5,0.9061,https://leetcode.com/problems/final-value-of-variable-after-performing-operations,"Array, String, Simulation"
HARD,Count Non-Decreasing Subarrays After K Operations,12.5,0.2508,https://leetcode.com/problems/count-non-decreasing-subarrays-after-k-operations,"Array, Stack, Segment Tree, Queue, Sliding Window, Monotonic Stack, Monotonic Queue"
MEDIUM,Find the Count of Numbers Which Are Not Special,12.5,0.2835,https://leetcode.com/problems/find-the-count-of-numbers-which-are-not-special,"Array, Math, Number Theory"
MEDIUM,Maximum Sum With at Most K Elements,12.5,0.6060,https://leetcode.com/problems/maximum-sum-with-at-most-k-elements,"Array, Greedy, Sorting, Heap (Priority Queue), Matrix"
MEDIUM,Minimum Limit of Balls in a Bag,12.5,0.6587,https://leetcode.com/problems/minimum-limit-of-balls-in-a-bag,"Array, Binary Search"
MEDIUM,Process String with Special Operations I,12.5,0.7124,https://leetcode.com/problems/process-string-with-special-operations-i,"String, Simulation"
MEDIUM,Construct K Palindrome Strings,12.5,0.6850,https://leetcode.com/problems/construct-k-palindrome-strings,"Hash Table, String, Greedy, Counting"
EASY,Check if Array is Good,12.5,0.5720,https://leetcode.com/problems/check-if-array-is-good,"Array, Hash Table, Sorting"
MEDIUM,Transform Array to All Equal Elements,12.5,0.3340,https://leetcode.com/problems/transform-array-to-all-equal-elements,"Array, Greedy"
MEDIUM,Minimum Distance Between Three Equal Elements II,12.5,0.7425,https://leetcode.com/problems/minimum-distance-between-three-equal-elements-ii,"Array, Hash Table"
MEDIUM,Next Greater Numerically Balanced Number,12.5,0.6308,https://leetcode.com/problems/next-greater-numerically-balanced-number,"Hash Table, Math, Backtracking, Counting, Enumeration"
HARD,Sum of Distances in Tree,12.5,0.6583,https://leetcode.com/problems/sum-of-distances-in-tree,"Dynamic Programming, Tree, Depth-First Search, Graph Theory, DP on Trees"
EASY,Display the First Three Rows,12.5,0.9298,https://leetcode.com/problems/display-the-first-three-rows,
HARD,Remove Boxes,12.5,0.4983,https://leetcode.com/problems/remove-boxes,"Array, Dynamic Programming, Memoization"
EASY,Sort Array by Increasing Frequency,12.5,0.8108,https://leetcode.com/problems/sort-array-by-increasing-frequency,"Array, Hash Table, Sorting"
EASY,Minimum Operations to Make Array Values Equal to K,12.5,0.7292,https://leetcode.com/problems/minimum-operations-to-make-array-values-equal-to-k,"Array, Hash Table"
MEDIUM,Spiral Matrix III,12.5,0.8461,https://leetcode.com/problems/spiral-matrix-iii,"Array, Matrix, Simulation"
EASY,Count Pairs Whose Sum is Less than Target,12.5,0.8769,https://leetcode.com/problems/count-pairs-whose-sum-is-less-than-target,"Array, Two Pointers, Binary Search, Sorting"
EASY,Restore Finishing Order,12.5,0.9084,https://leetcode.com/problems/restore-finishing-order,"Array, Hash Table"
MEDIUM,Path with Maximum Gold,12.5,0.6862,https://leetcode.com/problems/path-with-maximum-gold,"Array, Backtracking, Matrix"
MEDIUM,Get Equal Substrings Within Budget,12.5,0.6023,https://leetcode.com/problems/get-equal-substrings-within-budget,"String, Binary Search, Sliding Window, Prefix Sum"
EASY,Make Array Elements Equal to Zero,12.5,0.6814,https://leetcode.com/problems/make-array-elements-equal-to-zero,"Array, Simulation, Prefix Sum"
MEDIUM,Smallest Missing Non-negative Integer After Operations,12.5,0.5568,https://leetcode.com/problems/smallest-missing-non-negative-integer-after-operations,"Array, Hash Table, Math, Greedy"
EASY,Swap Sex of Employees,12.5,0.8500,https://leetcode.com/problems/swap-sex-of-employees,Database
MEDIUM,Frog Jump II,12.5,0.6251,https://leetcode.com/problems/frog-jump-ii,"Array, Binary Search, Greedy"
EASY,Find Words That Can Be Formed by Characters,12.5,0.7177,https://leetcode.com/problems/find-words-that-can-be-formed-by-characters,"Array, Hash Table, String, Counting"
MEDIUM,Maximum Nesting Depth of Two Valid Parentheses Strings,12.5,0.7229,https://leetcode.com/problems/maximum-nesting-depth-of-two-valid-parentheses-strings,"String, Stack, Bracket Sequences"
EASY,Check If Digits Are Equal in String After Operations I,12.5,0.8228,https://leetcode.com/problems/check-if-digits-are-equal-in-string-after-operations-i,"Math, String, Simulation, Combinatorics, Number Theory"
EASY,Number of Segments in a String,12.5,0.3783,https://leetcode.com/problems/number-of-segments-in-a-string,String
MEDIUM,Word Frequency,12.5,0.3017,https://leetcode.com/problems/word-frequency,Shell
MEDIUM,Restaurant Growth,12.5,0.5996,https://leetcode.com/problems/restaurant-growth,Database
EASY,Reformat Department Table,12.5,0.7650,https://leetcode.com/problems/reformat-department-table,Database
EASY,Minimum Element After Replacement With Digit Sum,12.5,0.8930,https://leetcode.com/problems/minimum-element-after-replacement-with-digit-sum,"Array, Math"
MEDIUM,Generate Binary Strings Without Adjacent Zeros,12.5,0.8873,https://leetcode.com/problems/generate-binary-strings-without-adjacent-zeros,"String, Backtracking, Bit Manipulation"
MEDIUM,Path with Maximum Probability,12.5,0.6580,https://leetcode.com/problems/path-with-maximum-probability,"Array, Graph Theory, Heap (Priority Queue), Shortest Path, Dijkstra's Algorithm"
MEDIUM,Range Frequency Queries,12.5,0.4432,https://leetcode.com/problems/range-frequency-queries,"Array, Hash Table, Binary Search, Design, Segment Tree"
EASY,GCD of Odd and Even Sums,12.5,0.8958,https://leetcode.com/problems/gcd-of-odd-and-even-sums,"Math, Number Theory"
HARD,Minimum Cost to Make Array Equal,12.5,0.4695,https://leetcode.com/problems/minimum-cost-to-make-array-equal,"Array, Binary Search, Greedy, Sorting, Prefix Sum"
EASY,Find Words Containing Character,12.5,0.9022,https://leetcode.com/problems/find-words-containing-character,"Array, String"
EASY,Largest Substring Between Two Equal Characters,12.5,0.6836,https://leetcode.com/problems/largest-substring-between-two-equal-characters,"Hash Table, String"
MEDIUM,Minimum Penalty for a Shop,12.5,0.7125,https://leetcode.com/problems/minimum-penalty-for-a-shop,"String, Prefix Sum"
EASY,Find Smallest Letter Greater Than Target,12.5,0.5971,https://leetcode.com/problems/find-smallest-letter-greater-than-target,"Array, Binary Search"
HARD,Minimum Pair Removal to Sort Array II,12.5,0.3877,https://leetcode.com/problems/minimum-pair-removal-to-sort-array-ii,"Array, Hash Table, Linked List, Heap (Priority Queue), Simulation, Doubly-Linked List, Ordered Set"
EASY,Shortest Distance to Target String in a Circular Array,12.5,0.6504,https://leetcode.com/problems/shortest-distance-to-target-string-in-a-circular-array,"Array, String"
MEDIUM,Longest ZigZag Path in a Binary Tree,12.5,0.6739,https://leetcode.com/problems/longest-zigzag-path-in-a-binary-tree,"Dynamic Programming, Tree, Depth-First Search, Binary Tree, DP on Trees"
EASY,Maximum Number of Words Found in Sentences,12.5,0.8676,https://leetcode.com/problems/maximum-number-of-words-found-in-sentences,"Array, String"
EASY,Check If a Word Occurs As a Prefix of Any Word in a Sentence,12.5,0.6883,https://leetcode.com/problems/check-if-a-word-occurs-as-a-prefix-of-any-word-in-a-sentence,"Two Pointers, String, String Matching"
MEDIUM,Count Total Number of Colored Cells,12.5,0.6620,https://leetcode.com/problems/count-total-number-of-colored-cells,Math
MEDIUM,Friends Of Appropriate Ages,12.5,0.5001,https://leetcode.com/problems/friends-of-appropriate-ages,"Array, Two Pointers, Binary Search, Sorting"
HARD,Check If It Is a Good Array,12.5,0.6594,https://leetcode.com/problems/check-if-it-is-a-good-array,"Array, Math, Number Theory, Bézout's Lemma, Euclidean Algorithm, Greatest Common Divisor, Extended Euclidean Algorithm"
EASY,Reverse Prefix of Word,12.5,0.8653,https://leetcode.com/problems/reverse-prefix-of-word,"Two Pointers, String, Stack"
MEDIUM,Minimum Score of a Path Between Two Cities,12.5,0.6626,https://leetcode.com/problems/minimum-score-of-a-path-between-two-cities,"Depth-First Search, Breadth-First Search, Union-Find, Graph Theory"
MEDIUM,Vowels of All Substrings,12.5,0.5576,https://leetcode.com/problems/vowels-of-all-substrings,"Math, String, Dynamic Programming, Combinatorics"
HARD,Find Building Where Alice and Bob Can Meet,12.5,0.5237,https://leetcode.com/problems/find-building-where-alice-and-bob-can-meet,"Array, Binary Search, Stack, Binary Indexed Tree, Segment Tree, Heap (Priority Queue), Monotonic Stack"
MEDIUM,Minimum Score Triangulation of Polygon,12.5,0.6770,https://leetcode.com/problems/minimum-score-triangulation-of-polygon,"Array, Dynamic Programming, Triangulation, Polygons"
MEDIUM,Maximum Number of Occurrences of a Substring,12.5,0.5498,https://leetcode.com/problems/maximum-number-of-occurrences-of-a-substring,"Hash Table, String, Sliding Window"
EASY,Longest Harmonious Subsequence,12.5,0.6516,https://leetcode.com/problems/longest-harmonious-subsequence,"Array, Hash Table, Sliding Window, Sorting, Counting"
MEDIUM,Count the Number of Substrings With Dominant Ones,12.5,0.4177,https://leetcode.com/problems/count-the-number-of-substrings-with-dominant-ones,"String, Enumeration"
MEDIUM,Delete Leaves With a Given Value,12.5,0.7721,https://leetcode.com/problems/delete-leaves-with-a-given-value,"Tree, Depth-First Search, Binary Tree"
MEDIUM,Circle and Rectangle Overlapping,12.5,0.6736,https://leetcode.com/problems/circle-and-rectangle-overlapping,"Math, Geometry"
HARD,Minimum Cost to Reach Destination in Time,12.5,0.4257,https://leetcode.com/problems/minimum-cost-to-reach-destination-in-time,"Array, Dynamic Programming, Graph Theory, Dijkstra's Algorithm"
EASY,Minimum Bit Flips to Convert Number,12.5,0.8799,https://leetcode.com/problems/minimum-bit-flips-to-convert-number,Bit Manipulation
MEDIUM,Validate Binary Tree Nodes,12.5,0.4424,https://leetcode.com/problems/validate-binary-tree-nodes,"Tree, Depth-First Search, Breadth-First Search, Union-Find, Graph Theory, Binary Tree"
MEDIUM,Minimum Absolute Distance Between Mirror Pairs,12.5,0.5899,https://leetcode.com/problems/minimum-absolute-distance-between-mirror-pairs,"Array, Hash Table, Math"
MEDIUM,Find Longest Special Substring That Occurs Thrice I,12.5,0.6162,https://leetcode.com/problems/find-longest-special-substring-that-occurs-thrice-i,"Hash Table, String, Binary Search, Sliding Window, Counting"
EASY,Array Prototype Last,12.5,0.7468,https://leetcode.com/problems/array-prototype-last,
MEDIUM,Broken Calculator,12.5,0.5651,https://leetcode.com/problems/broken-calculator,"Math, Greedy"
MEDIUM,Count Mentions Per User,12.5,0.5059,https://leetcode.com/problems/count-mentions-per-user,"Array, Math, Sorting, Simulation"
MEDIUM,Swapping Nodes in a Linked List,12.5,0.6983,https://leetcode.com/problems/swapping-nodes-in-a-linked-list,"Linked List, Two Pointers"
MEDIUM,The kth Factor of n,12.5,0.7081,https://leetcode.com/problems/the-kth-factor-of-n,"Math, Number Theory, Prime Factorization"
MEDIUM,Fruits Into Baskets III,12.5,0.3940,https://leetcode.com/problems/fruits-into-baskets-iii,"Array, Binary Search, Segment Tree, Ordered Set"
MEDIUM,Count Partitions With Max-Min Difference at Most K,12.5,0.5786,https://leetcode.com/problems/count-partitions-with-max-min-difference-at-most-k,"Array, Dynamic Programming, Queue, Sliding Window, Prefix Sum, Monotonic Queue"
EASY,Baseball Game,12.5,0.8117,https://leetcode.com/problems/baseball-game,"Array, Stack, Simulation"
EASY,Strong Password Checker II,12.5,0.5578,https://leetcode.com/problems/strong-password-checker-ii,String
HARD,Escape a Large Maze,12.5,0.3723,https://leetcode.com/problems/escape-a-large-maze,"Array, Hash Table, Depth-First Search, Breadth-First Search, Bidirectional Search"
MEDIUM,Longest Balanced Substring II,12.5,0.4166,https://leetcode.com/problems/longest-balanced-substring-ii,"Hash Table, String, Prefix Sum"
EASY,Count Vowel Substrings of a String,12.5,0.7365,https://leetcode.com/problems/count-vowel-substrings-of-a-string,"Hash Table, String"
EASY,Find the Difference of Two Arrays,12.5,0.8167,https://leetcode.com/problems/find-the-difference-of-two-arrays,"Array, Hash Table"
EASY,Decrypt String from Alphabet to Integer Mapping,12.5,0.8071,https://leetcode.com/problems/decrypt-string-from-alphabet-to-integer-mapping,String
EASY,Counting Words With a Given Prefix,12.5,0.8440,https://leetcode.com/problems/counting-words-with-a-given-prefix,"Array, String, String Matching"
EASY,Merge Two 2D Arrays by Summing Values,12.5,0.8163,https://leetcode.com/problems/merge-two-2d-arrays-by-summing-values,"Array, Hash Table, Two Pointers"
EASY,Count Residue Prefixes,12.5,0.6555,https://leetcode.com/problems/count-residue-prefixes,"Hash Table, String"
EASY,Merge Two Binary Trees,12.5,0.7919,https://leetcode.com/problems/merge-two-binary-trees,"Tree, Depth-First Search, Breadth-First Search, Binary Tree"
EASY,Maximum Nesting Depth of the Parentheses,12.5,0.8511,https://leetcode.com/problems/maximum-nesting-depth-of-the-parentheses,"String, Stack, Bracket Sequences"
EASY,Number of Strings That Appear as Substrings in Word,12.5,0.8622,https://leetcode.com/problems/number-of-strings-that-appear-as-substrings-in-word,"Array, String"
HARD,Reducing Dishes,12.5,0.7686,https://leetcode.com/problems/reducing-dishes,"Array, Dynamic Programming, Greedy, Sorting"
MEDIUM,Minimum Number of Swaps to Make the String Balanced,12.5,0.7806,https://leetcode.com/problems/minimum-number-of-swaps-to-make-the-string-balanced,"Two Pointers, String, Stack, Greedy, Bracket Sequences"
MEDIUM,Construct the Longest New String,12.5,0.5538,https://leetcode.com/problems/construct-the-longest-new-string,"Math, Dynamic Programming, Greedy, Brainteaser"
HARD,Block Placement Queries,12.5,0.4099,https://leetcode.com/problems/block-placement-queries,"Array, Binary Search, Binary Indexed Tree, Segment Tree, Ordered Set"
HARD,Delete Duplicate Folders in System,12.5,0.7718,https://leetcode.com/problems/delete-duplicate-folders-in-system,"Array, Hash Table, String, Depth-First Search, Trie, Sorting, Hash Function"
MEDIUM,Minimum Swaps to Make Strings Equal,12.5,0.6568,https://leetcode.com/problems/minimum-swaps-to-make-strings-equal,"Math, String, Greedy"
EASY,Array Reduce Transformation,12.5,0.8545,https://leetcode.com/problems/array-reduce-transformation,
EASY,Maximum Difference Between Increasing Elements,12.5,0.6668,https://leetcode.com/problems/maximum-difference-between-increasing-elements,Array
MEDIUM,Minimum Number of Operations to Move All Balls to Each Box,12.5,0.9015,https://leetcode.com/problems/minimum-number-of-operations-to-move-all-balls-to-each-box,"Array, String, Prefix Sum"
MEDIUM,Make Sum Divisible by P,12.5,0.4260,https://leetcode.com/problems/make-sum-divisible-by-p,"Array, Hash Table, Prefix Sum"
EASY,Goat Latin,12.5,0.7023,https://leetcode.com/problems/goat-latin,String
MEDIUM,Find Triangular Sum of an Array,12.5,0.8199,https://leetcode.com/problems/find-triangular-sum-of-an-array,"Array, Math, Simulation, Combinatorics, Number Theory"
MEDIUM,Minimum Domino Rotations For Equal Row,12.5,0.5651,https://leetcode.com/problems/minimum-domino-rotations-for-equal-row,"Array, Greedy"
MEDIUM,Find the Minimum Amount of Time to Brew Potions,12.5,0.6235,https://leetcode.com/problems/find-the-minimum-amount-of-time-to-brew-potions,"Array, Simulation, Prefix Sum"
MEDIUM,Implement Router,12.5,0.3887,https://leetcode.com/problems/implement-router,"Array, Hash Table, Binary Search, Design, Queue, Ordered Set"
EASY,Largest Number At Least Twice of Others,12.5,0.5324,https://leetcode.com/problems/largest-number-at-least-twice-of-others,"Array, Sorting"
MEDIUM,Minimum Cost For Tickets,12.5,0.6749,https://leetcode.com/problems/minimum-cost-for-tickets,"Array, Dynamic Programming"
MEDIUM,Minimum Height Trees,12.5,0.4285,https://leetcode.com/problems/minimum-height-trees,"Depth-First Search, Breadth-First Search, Graph Theory, Topological Sort"
HARD,Minimum Cost Walk in Weighted Graph,12.5,0.6800,https://leetcode.com/problems/minimum-cost-walk-in-weighted-graph,"Array, Bit Manipulation, Union-Find, Graph Theory"
MEDIUM,Continuous Subarrays,12.5,0.5800,https://leetcode.com/problems/continuous-subarrays,"Array, Queue, Sliding Window, Heap (Priority Queue), Ordered Set, Monotonic Queue"
HARD,Count Routes to Climb a Rectangular Grid,12.5,0.2562,https://leetcode.com/problems/count-routes-to-climb-a-rectangular-grid,"Array, Dynamic Programming, Matrix, Prefix Sum"
MEDIUM,Domino and Tromino Tiling,12.5,0.5121,https://leetcode.com/problems/domino-and-tromino-tiling,Dynamic Programming
MEDIUM,Count Unreachable Pairs of Nodes in an Undirected Graph,12.5,0.5029,https://leetcode.com/problems/count-unreachable-pairs-of-nodes-in-an-undirected-graph,"Depth-First Search, Breadth-First Search, Union-Find, Graph Theory"
EASY,Count Subarrays of Length Three With a Condition,12.5,0.6132,https://leetcode.com/problems/count-subarrays-of-length-three-with-a-condition,Array
MEDIUM,Tuple with Same Product,12.5,0.7006,https://leetcode.com/problems/tuple-with-same-product,"Array, Hash Table, Counting"
EASY,Binary Watch,12.5,0.6625,https://leetcode.com/problems/binary-watch,"Backtracking, Bit Manipulation"
MEDIUM,Minimize XOR,12.5,0.6226,https://leetcode.com/problems/minimize-xor,"Greedy, Bit Manipulation"
MEDIUM,Maximum Erasure Value,12.5,0.6449,https://leetcode.com/problems/maximum-erasure-value,"Array, Hash Table, Sliding Window"
EASY,The Two Sneaky Numbers of Digitville,12.5,0.8963,https://leetcode.com/problems/the-two-sneaky-numbers-of-digitville,"Array, Hash Table, Math"
EASY,Check if Strings Can be Made Equal With Operations I,12.5,0.6164,https://leetcode.com/problems/check-if-strings-can-be-made-equal-with-operations-i,String
HARD,Minimum Insertion Steps to Make a String Palindrome,12.5,0.7449,https://leetcode.com/problems/minimum-insertion-steps-to-make-a-string-palindrome,"String, Dynamic Programming"
HARD,Find the Minimum Area to Cover All Ones II,12.5,0.6318,https://leetcode.com/problems/find-the-minimum-area-to-cover-all-ones-ii,"Array, Matrix, Enumeration"
MEDIUM,Debounce,12.5,0.9168,https://leetcode.com/problems/debounce,
MEDIUM,Number of Subsequences That Satisfy the Given Sum Condition,12.5,0.4896,https://leetcode.com/problems/number-of-subsequences-that-satisfy-the-given-sum-condition,"Array, Two Pointers, Binary Search, Sorting"
EASY,Check if the Sentence Is Pangram,12.5,0.8435,https://leetcode.com/problems/check-if-the-sentence-is-pangram,"Hash Table, String"
MEDIUM,Uncrossed Lines,12.5,0.6566,https://leetcode.com/problems/uncrossed-lines,"Array, Dynamic Programming, Longest Common Subsequence"
MEDIUM,Count Collisions of Monkeys on a Polygon,12.5,0.3056,https://leetcode.com/problems/count-collisions-of-monkeys-on-a-polygon,"Math, Recursion"
EASY,Second Largest Digit in a String,12.5,0.5538,https://leetcode.com/problems/second-largest-digit-in-a-string,"Hash Table, String"
MEDIUM,Best Time to Buy and Sell Stock using Strategy,12.5,0.5939,https://leetcode.com/problems/best-time-to-buy-and-sell-stock-using-strategy,"Array, Sliding Window, Prefix Sum"
EASY,Function Composition,12.5,0.8677,https://leetcode.com/problems/function-composition,
MEDIUM,Magic Squares In Grid,12.5,0.5523,https://leetcode.com/problems/magic-squares-in-grid,"Array, Hash Table, Math, Matrix"
HARD,Maximize Spanning Tree Stability with Upgrades,12.5,0.6566,https://leetcode.com/problems/maximize-spanning-tree-stability-with-upgrades,"Binary Search, Greedy, Union-Find, Graph Theory, Minimum Spanning Tree"
MEDIUM,Detect Cycles in 2D Grid,12.5,0.6366,https://leetcode.com/problems/detect-cycles-in-2d-grid,"Array, Depth-First Search, Breadth-First Search, Union-Find, Matrix"
HARD,Minimum Number of Operations to Make Array Continuous,12.5,0.5173,https://leetcode.com/problems/minimum-number-of-operations-to-make-array-continuous,"Array, Hash Table, Binary Search, Sliding Window"
MEDIUM,Count Salary Categories,12.5,0.6550,https://leetcode.com/problems/count-salary-categories,Database
MEDIUM,Merge In Between Linked Lists,12.5,0.8319,https://leetcode.com/problems/merge-in-between-linked-lists,Linked List
HARD,Smallest Divisible Digit Product II,12.5,0.4491,https://leetcode.com/problems/smallest-divisible-digit-product-ii,"Math, String, Backtracking, Greedy, Number Theory"
MEDIUM,Find the Safest Path in a Grid,12.5,0.5720,https://leetcode.com/problems/find-the-safest-path-in-a-grid,"Array, Binary Search, Breadth-First Search, Union-Find, Heap (Priority Queue), Matrix"
MEDIUM,Design Task Manager,12.5,0.4871,https://leetcode.com/problems/design-task-manager,"Hash Table, Design, Heap (Priority Queue), Ordered Set"
EASY,Count Partitions with Even Sum Difference,12.5,0.8518,https://leetcode.com/problems/count-partitions-with-even-sum-difference,"Array, Math, Prefix Sum"
MEDIUM,Number of People Aware of a Secret,12.5,0.6063,https://leetcode.com/problems/number-of-people-aware-of-a-secret,"Dynamic Programming, Queue, Simulation"
EASY,Find X-Sum of All K-Long Subarrays I,12.5,0.7575,https://leetcode.com/problems/find-x-sum-of-all-k-long-subarrays-i,"Array, Hash Table, Sliding Window, Heap (Priority Queue)"
MEDIUM,Shortest Path with Alternating Colors,12.5,0.4832,https://leetcode.com/problems/shortest-path-with-alternating-colors,"Breadth-First Search, Graph Theory"
EASY,Find Greatest Common Divisor of Array,12.5,0.8347,https://leetcode.com/problems/find-greatest-common-divisor-of-array,"Array, Math, Number Theory, Euclidean Algorithm, Greatest Common Divisor"
HARD,Painting a Grid With Three Different Colors,12.5,0.7687,https://leetcode.com/problems/painting-a-grid-with-three-different-colors,"Dynamic Programming, Graph Coloring"
MEDIUM,Loud and Rich,12.5,0.6420,https://leetcode.com/problems/loud-and-rich,"Array, Depth-First Search, Graph Theory, Topological Sort, Directed Acyclic Graph"
MEDIUM,Remove Covered Intervals,12.5,0.6023,https://leetcode.com/problems/remove-covered-intervals,"Array, Sorting"
MEDIUM,Count Number of Texts,12.5,0.5078,https://leetcode.com/problems/count-number-of-texts,"Hash Table, Math, String, Dynamic Programming"
EASY,Adjacent Increasing Subarrays Detection I,12.5,0.4801,https://leetcode.com/problems/adjacent-increasing-subarrays-detection-i,Array
MEDIUM,Reorder Data in Log Files,12.5,0.5680,https://leetcode.com/problems/reorder-data-in-log-files,"Array, String, Sorting"
HARD,Paths in Matrix Whose Sum Is Divisible by K,12.5,0.5869,https://leetcode.com/problems/paths-in-matrix-whose-sum-is-divisible-by-k,"Array, Dynamic Programming, Matrix"
HARD,Number of Ways to Paint N × 3 Grid,12.5,0.8059,https://leetcode.com/problems/number-of-ways-to-paint-n-3-grid,"Dynamic Programming, Graph Coloring"
MEDIUM,Maximum Number of Points with Cost,12.5,0.4157,https://leetcode.com/problems/maximum-number-of-points-with-cost,"Array, Dynamic Programming, Matrix"
MEDIUM,Rotate Function,12.5,0.5406,https://leetcode.com/problems/rotate-function,"Array, Math, Dynamic Programming"
EASY,Row With Maximum Ones,12.5,0.7415,https://leetcode.com/problems/row-with-maximum-ones,"Array, Matrix"
EASY,Maximum Length Substring With Two Occurrences,12.5,0.7776,https://leetcode.com/problems/maximum-length-substring-with-two-occurrences,"Hash Table, String, Sliding Window"
EASY,Check If N and Its Double Exist,12.5,0.4207,https://leetcode.com/problems/check-if-n-and-its-double-exist,"Array, Hash Table, Two Pointers, Binary Search, Sorting"
HARD,Robot Collisions,12.5,0.6166,https://leetcode.com/problems/robot-collisions,"Array, Stack, Sorting, Simulation"
EASY,Divide an Array Into Subarrays With Minimum Cost I,12.5,0.8030,https://leetcode.com/problems/divide-an-array-into-subarrays-with-minimum-cost-i,"Array, Sorting, Enumeration"
MEDIUM,Find the Maximum Length of Valid Subsequence I,12.5,0.5474,https://leetcode.com/problems/find-the-maximum-length-of-valid-subsequence-i,"Array, Dynamic Programming"
HARD,Sum of k-Mirror Numbers,12.5,0.6355,https://leetcode.com/problems/sum-of-k-mirror-numbers,"Math, Enumeration"
MEDIUM,Maximum Sum of Distinct Subarrays With Length K,12.5,0.4354,https://leetcode.com/problems/maximum-sum-of-distinct-subarrays-with-length-k,"Array, Hash Table, Sliding Window"
EASY,Count the Number of Incremovable Subarrays I,12.5,0.5672,https://leetcode.com/problems/count-the-number-of-incremovable-subarrays-i,"Array, Two Pointers, Binary Search, Enumeration"
MEDIUM,Design Spreadsheet,12.5,0.7336,https://leetcode.com/problems/design-spreadsheet,"Array, Hash Table, String, Design, Matrix"
MEDIUM,Successful Pairs of Spells and Potions,12.5,0.4989,https://leetcode.com/problems/successful-pairs-of-spells-and-potions,"Array, Two Pointers, Binary Search, Sorting"
HARD,Maximum Product of Subsequences With an Alternating Sum Equal to K,12.5,0.1393,https://leetcode.com/problems/maximum-product-of-subsequences-with-an-alternating-sum-equal-to-k,"Array, Hash Table, Dynamic Programming"
MEDIUM,Fizz Buzz Multithreaded,12.5,0.7530,https://leetcode.com/problems/fizz-buzz-multithreaded,Concurrency
HARD,Create Maximum Number,12.5,0.3719,https://leetcode.com/problems/create-maximum-number,"Array, Two Pointers, Stack, Greedy, Monotonic Stack"
MEDIUM,Insert Greatest Common Divisors in Linked List,12.5,0.9127,https://leetcode.com/problems/insert-greatest-common-divisors-in-linked-list,"Linked List, Math, Number Theory"
MEDIUM,Delete Operation for Two Strings,12.5,0.6630,https://leetcode.com/problems/delete-operation-for-two-strings,"String, Dynamic Programming, Longest Common Subsequence"
EASY,Substrings of Size Three with Distinct Characters,12.5,0.7720,https://leetcode.com/problems/substrings-of-size-three-with-distinct-characters,"Hash Table, String, Sliding Window, Counting"
EASY,Minimum Time Visiting All Points,12.5,0.8486,https://leetcode.com/problems/minimum-time-visiting-all-points,"Array, Math, Geometry"
EASY,The K Weakest Rows in a Matrix,12.5,0.7456,https://leetcode.com/problems/the-k-weakest-rows-in-a-matrix,"Array, Binary Search, Sorting, Heap (Priority Queue), Matrix"
MEDIUM,Construct the Lexicographically Largest Valid Sequence,12.5,0.7265,https://leetcode.com/problems/construct-the-lexicographically-largest-valid-sequence,"Array, Backtracking"
MEDIUM,Minimum Number of Changes to Make Binary String Beautiful,12.5,0.7625,https://leetcode.com/problems/minimum-number-of-changes-to-make-binary-string-beautiful,String
HARD,Cat and Mouse,12.5,0.3625,https://leetcode.com/problems/cat-and-mouse,"Math, Dynamic Programming, Graph Theory, Topological Sort, Memoization, Minimax, Game Theory, Zero-Sum Game"
HARD,Minimum Total Distance Traveled,12.5,0.6318,https://leetcode.com/problems/minimum-total-distance-traveled,"Array, Dynamic Programming, Sorting"
MEDIUM,Longest Subarray With Maximum Bitwise AND,12.5,0.6535,https://leetcode.com/problems/longest-subarray-with-maximum-bitwise-and,"Array, Bit Manipulation, Brainteaser"
EASY,Find Closest Number to Zero,12.5,0.4819,https://leetcode.com/problems/find-closest-number-to-zero,Array
MEDIUM,Binary Searchable Numbers in an Unsorted Array,12.5,0.6354,https://leetcode.com/problems/binary-searchable-numbers-in-an-unsorted-array,"Array, Binary Search, Stack, Monotonic Stack"
EASY,Find the Original Typed String I,12.5,0.7192,https://leetcode.com/problems/find-the-original-typed-string-i,String
HARD,Maximum Number of K-Divisible Components,12.5,0.7367,https://leetcode.com/problems/maximum-number-of-k-divisible-components,"Tree, Depth-First Search"
MEDIUM,Walking Robot Simulation,12.5,0.6463,https://leetcode.com/problems/walking-robot-simulation,"Array, Hash Table, Simulation"
HARD,Minimum Cost to Convert String II,12.5,0.5913,https://leetcode.com/problems/minimum-cost-to-convert-string-ii,"Array, String, Dynamic Programming, Graph Theory, Trie, Shortest Path"
EASY,Check if One String Swap Can Make Strings Equal,12.5,0.4955,https://leetcode.com/problems/check-if-one-string-swap-can-make-strings-equal,"Hash Table, String, Counting"
MEDIUM,Construct Binary Tree from Preorder and Postorder Traversal,12.5,0.7811,https://leetcode.com/problems/construct-binary-tree-from-preorder-and-postorder-traversal,"Array, Hash Table, Divide and Conquer, Tree, Binary Tree"
MEDIUM,Kth Largest Sum in a Binary Tree,12.5,0.5892,https://leetcode.com/problems/kth-largest-sum-in-a-binary-tree,"Tree, Breadth-First Search, Sorting, Binary Tree"
HARD,Maximum Good People Based on Statements,12.5,0.5317,https://leetcode.com/problems/maximum-good-people-based-on-statements,"Array, Backtracking, Bit Manipulation, Enumeration"
MEDIUM,Longest Absolute File Path,12.5,0.4997,https://leetcode.com/problems/longest-absolute-file-path,"String, Stack, Depth-First Search"
MEDIUM,Minimum Moves to Spread Stones Over Grid,12.5,0.4611,https://leetcode.com/problems/minimum-moves-to-spread-stones-over-grid,"Array, Dynamic Programming, Backtracking, Bit Manipulation, Matrix, Bitmask"
HARD,Minimum Cost to Hire K Workers,12.5,0.6382,https://leetcode.com/problems/minimum-cost-to-hire-k-workers,"Array, Greedy, Sorting, Heap (Priority Queue)"
EASY,Find Common Characters,12.5,0.7486,https://leetcode.com/problems/find-common-characters,"Array, Hash Table, String"
HARD,Optimal Account Balancing,12.5,0.5070,https://leetcode.com/problems/optimal-account-balancing,"Array, Dynamic Programming, Backtracking, Bit Manipulation, Bitmask"
EASY,Find Numbers with Even Number of Digits,12.5,0.8002,https://leetcode.com/problems/find-numbers-with-even-number-of-digits,"Array, Math"
MEDIUM,Corporate Flight Bookings,12.5,0.6892,https://leetcode.com/problems/corporate-flight-bookings,"Array, Prefix Sum"
MEDIUM,Shortest Subarray With OR at Least K II,12.5,0.5013,https://leetcode.com/problems/shortest-subarray-with-or-at-least-k-ii,"Array, Bit Manipulation, Sliding Window"
EASY,Minimum Changes To Make Alternating Binary String,12.5,0.6790,https://leetcode.com/problems/minimum-changes-to-make-alternating-binary-string,String
MEDIUM,All Possible Full Binary Trees,12.5,0.8279,https://leetcode.com/problems/all-possible-full-binary-trees,"Dynamic Programming, Tree, Recursion, Memoization, Binary Tree"
MEDIUM,Maximum Ice Cream Bars,12.5,0.7726,https://leetcode.com/problems/maximum-ice-cream-bars,"Array, Greedy, Sorting, Counting Sort"
MEDIUM,Number of Matching Subsequences,12.5,0.5057,https://leetcode.com/problems/number-of-matching-subsequences,"Array, Hash Table, String, Binary Search, Dynamic Programming, Trie, Sorting"
HARD,Maximum Students Taking Exam,12.5,0.5479,https://leetcode.com/problems/maximum-students-taking-exam,"Array, Dynamic Programming, Bit Manipulation, Matrix, Bitmask, Maximum Flow, Maximum Matching, Bipartite Graph, Edmonds–Karp Algorithm, MPM Algorithm, Push-Relabel Algorithm, Minimum Cut, Matching (Graph), Flow Network, Dinic's Algorithm"
MEDIUM,Robot Bounded In Circle,12.5,0.5665,https://leetcode.com/problems/robot-bounded-in-circle,"Math, String, Simulation"
MEDIUM,Maximum Palindromes After Operations,12.5,0.4736,https://leetcode.com/problems/maximum-palindromes-after-operations,"Array, Hash Table, String, Greedy, Sorting, Counting"
MEDIUM,Magical String,12.5,0.5638,https://leetcode.com/problems/magical-string,"Two Pointers, String"
EASY,Binary Gap,12.5,0.7443,https://leetcode.com/problems/binary-gap,Bit Manipulation
EASY,Employees Whose Manager Left the Company,12.5,0.4895,https://leetcode.com/problems/employees-whose-manager-left-the-company,Database
HARD,Reaching Points,12.5,0.3467,https://leetcode.com/problems/reaching-points,"Math, Euclidean Algorithm, Greatest Common Divisor"
MEDIUM,Find the Minimum Area to Cover All Ones I,12.5,0.7801,https://leetcode.com/problems/find-the-minimum-area-to-cover-all-ones-i,"Array, Matrix"
MEDIUM,Prime Subtraction Operation,12.5,0.5545,https://leetcode.com/problems/prime-subtraction-operation,"Array, Math, Binary Search, Greedy, Number Theory"
MEDIUM,Product Sales Analysis III,12.5,0.4667,https://leetcode.com/problems/product-sales-analysis-iii,Database
EASY,Find the Distance Value Between Two Arrays,12.5,0.7236,https://leetcode.com/problems/find-the-distance-value-between-two-arrays,"Array, Two Pointers, Binary Search, Sorting"
MEDIUM,Check if Strings Can be Made Equal With Operations II,12.5,0.7395,https://leetcode.com/problems/check-if-strings-can-be-made-equal-with-operations-ii,"Hash Table, String, Sorting"
MEDIUM,Maximum Path Score in a Grid,12.5,0.5351,https://leetcode.com/problems/maximum-path-score-in-a-grid,"Array, Dynamic Programming, Matrix"
MEDIUM,Sum of Distances,12.5,0.5016,https://leetcode.com/problems/sum-of-distances,"Array, Hash Table, Prefix Sum"
MEDIUM,The Dining Philosophers,12.5,0.5458,https://leetcode.com/problems/the-dining-philosophers,Concurrency
MEDIUM,Design a Food Rating System,12.5,0.5289,https://leetcode.com/problems/design-a-food-rating-system,"Array, Hash Table, String, Design, Heap (Priority Queue), Ordered Set"
MEDIUM,Minimum Operations to Make a Uni-Value Grid,12.5,0.7080,https://leetcode.com/problems/minimum-operations-to-make-a-uni-value-grid,"Array, Math, Sorting, Matrix"
EASY,Harshad Number,12.5,0.8366,https://leetcode.com/problems/harshad-number,Math
EASY,Convert 1D Array Into 2D Array,12.5,0.7250,https://leetcode.com/problems/convert-1d-array-into-2d-array,"Array, Matrix, Simulation"
HARD,Minimum Operations to Equalize Binary String,12.5,0.4481,https://leetcode.com/problems/minimum-operations-to-equalize-binary-string,"Math, String, Breadth-First Search, Union-Find, Ordered Set"
EASY,Count Special Quadruplets,12.5,0.6506,https://leetcode.com/problems/count-special-quadruplets,"Array, Hash Table, Enumeration"
MEDIUM,Minimum Index of a Valid Split,12.5,0.7519,https://leetcode.com/problems/minimum-index-of-a-valid-split,"Array, Hash Table, Sorting"
EASY,To Lower Case,12.5,0.8520,https://leetcode.com/problems/to-lower-case,String
HARD,Count the Number of Inversions,12.5,0.3201,https://leetcode.com/problems/count-the-number-of-inversions,"Array, Dynamic Programming"
MEDIUM,Longest Ideal Subsequence,12.5,0.4657,https://leetcode.com/problems/longest-ideal-subsequence,"Hash Table, String, Dynamic Programming"
HARD,Total Waviness of Numbers in Range II,12.5,0.5618,https://leetcode.com/problems/total-waviness-of-numbers-in-range-ii,"Math, Dynamic Programming"
MEDIUM,Closest Prime Numbers in Range,12.5,0.5203,https://leetcode.com/problems/closest-prime-numbers-in-range,"Math, Number Theory, Primality Test, Sieve Theory, Prime Number Sieve"
MEDIUM,Tweet Counts Per Frequency,12.5,0.4662,https://leetcode.com/problems/tweet-counts-per-frequency,"Hash Table, String, Binary Search, Design, Sorting, Ordered Set"
MEDIUM,Sort Matrix by Diagonals,12.5,0.8470,https://leetcode.com/problems/sort-matrix-by-diagonals,"Array, Sorting, Matrix"
HARD,Length of Longest V-Shaped Diagonal Segment,12.5,0.5589,https://leetcode.com/problems/length-of-longest-v-shaped-diagonal-segment,"Array, Dynamic Programming, Memoization, Matrix"
HARD,Cherry Pickup II,12.5,0.7263,https://leetcode.com/problems/cherry-pickup-ii,"Array, Dynamic Programming, Matrix"
MEDIUM,Smallest Palindromic Rearrangement I,12.5,0.7432,https://leetcode.com/problems/smallest-palindromic-rearrangement-i,"String, Sorting, Counting Sort"
HARD,Maximum Total Subarray Value II,12.5,0.4163,https://leetcode.com/problems/maximum-total-subarray-value-ii,"Array, Greedy, Segment Tree, Heap (Priority Queue)"
HARD,Maximum Walls Destroyed by Robots,12.5,0.4788,https://leetcode.com/problems/maximum-walls-destroyed-by-robots,"Array, Binary Search, Dynamic Programming, Sorting"
MEDIUM,Maximize Greatness of an Array,12.5,0.6151,https://leetcode.com/problems/maximize-greatness-of-an-array,"Array, Two Pointers, Greedy, Sorting"
HARD,Maximum Number of Events That Can Be Attended II,12.5,0.6337,https://leetcode.com/problems/maximum-number-of-events-that-can-be-attended-ii,"Array, Binary Search, Dynamic Programming, Sorting"
MEDIUM,Elimination Game,12.5,0.4689,https://leetcode.com/problems/elimination-game,"Math, Recursion"
EASY,Add Two Promises,12.5,0.9170,https://leetcode.com/problems/add-two-promises,
MEDIUM,Sort Vowels in a String,12.5,0.8349,https://leetcode.com/problems/sort-vowels-in-a-string,"String, Sorting"
MEDIUM,Coloring A Border,12.5,0.5175,https://leetcode.com/problems/coloring-a-border,"Array, Depth-First Search, Breadth-First Search, Matrix"
EASY,List the Products Ordered in a Period,12.5,0.7216,https://leetcode.com/problems/list-the-products-ordered-in-a-period,Database
EASY,Find Followers Count,12.5,0.6959,https://leetcode.com/problems/find-followers-count,Database
MEDIUM,Maximum Score From Removing Substrings,12.5,0.6641,https://leetcode.com/problems/maximum-score-from-removing-substrings,"String, Stack, Greedy"
HARD,Replace Non-Coprime Numbers in Array,12.5,0.5765,https://leetcode.com/problems/replace-non-coprime-numbers-in-array,"Array, Math, Stack, Number Theory, Least Common Multiple, Greatest Common Divisor"
HARD,Trips and Users,12.5,0.3926,https://leetcode.com/problems/trips-and-users,Database
MEDIUM,The Latest Time to Catch a Bus,12.5,0.3026,https://leetcode.com/problems/the-latest-time-to-catch-a-bus,"Array, Two Pointers, Binary Search, Sorting"
EASY,Find Resultant Array After Removing Anagrams,12.5,0.7000,https://leetcode.com/problems/find-resultant-array-after-removing-anagrams,"Array, Hash Table, String, Sorting"
EASY,Type of Triangle,12.5,0.4398,https://leetcode.com/problems/type-of-triangle,"Array, Math, Sorting, Polygons"
EASY,Delete Characters to Make Fancy String,12.5,0.7400,https://leetcode.com/problems/delete-characters-to-make-fancy-string,String
MEDIUM,Count Number of Ways to Place Houses,12.5,0.4425,https://leetcode.com/problems/count-number-of-ways-to-place-houses,Dynamic Programming
MEDIUM,Length of Longest Fibonacci Subsequence,12.5,0.5755,https://leetcode.com/problems/length-of-longest-fibonacci-subsequence,"Array, Hash Table, Dynamic Programming"
MEDIUM,Special Array II,12.5,0.4578,https://leetcode.com/problems/special-array-ii,"Array, Binary Search, Prefix Sum"
EASY,Power of Four,12.5,0.5266,https://leetcode.com/problems/power-of-four,"Math, Bit Manipulation, Recursion"
MEDIUM,Count Unguarded Cells in the Grid,12.5,0.6915,https://leetcode.com/problems/count-unguarded-cells-in-the-grid,"Array, Matrix, Simulation"
EASY,Sort Even and Odd Indices Independently,12.5,0.6359,https://leetcode.com/problems/sort-even-and-odd-indices-independently,"Array, Sorting"
MEDIUM,Minimum Increments to Equalize Leaf Paths,12.5,0.4107,https://leetcode.com/problems/minimum-increments-to-equalize-leaf-paths,"Array, Dynamic Programming, Tree, Depth-First Search"
HARD,Number of ZigZag Arrays I,12.5,0.5004,https://leetcode.com/problems/number-of-zigzag-arrays-i,"Dynamic Programming, Prefix Sum"
HARD,Minimum Number of Taps to Open to Water a Garden,12.5,0.5109,https://leetcode.com/problems/minimum-number-of-taps-to-open-to-water-a-garden,"Array, Dynamic Programming, Greedy"
EASY,Long Pressed Name,12.5,0.3318,https://leetcode.com/problems/long-pressed-name,"Two Pointers, String"
EASY,Minimum Sum of Mountain Triplets I,12.5,0.6748,https://leetcode.com/problems/minimum-sum-of-mountain-triplets-i,Array
HARD,Equal Sum Grid Partition II,12.5,0.3934,https://leetcode.com/problems/equal-sum-grid-partition-ii,"Array, Hash Table, Matrix, Enumeration, Prefix Sum"
HARD,Minimum Difference in Sums After Removal of Elements,12.5,0.6952,https://leetcode.com/problems/minimum-difference-in-sums-after-removal-of-elements,"Array, Dynamic Programming, Heap (Priority Queue)"
MEDIUM,Maximum XOR of Two Numbers in an Array,12.5,0.5378,https://leetcode.com/problems/maximum-xor-of-two-numbers-in-an-array,"Array, Hash Table, Bit Manipulation, Trie"
EASY,Maximum Number of Words You Can Type,12.5,0.8293,https://leetcode.com/problems/maximum-number-of-words-you-can-type,"Hash Table, String"
MEDIUM,Longest Turbulent Subarray,12.5,0.4953,https://leetcode.com/problems/longest-turbulent-subarray,"Array, Dynamic Programming, Sliding Window"
MEDIUM,Delete Nodes From Linked List Present in Array,12.5,0.6919,https://leetcode.com/problems/delete-nodes-from-linked-list-present-in-array,"Array, Hash Table, Linked List"
MEDIUM,Construct Quad Tree,12.5,0.7871,https://leetcode.com/problems/construct-quad-tree,"Array, Divide and Conquer, Tree, Matrix"
EASY,Divisor Game,12.5,0.7269,https://leetcode.com/problems/divisor-game,"Math, Dynamic Programming, Brainteaser, Game Theory, Impartial Game"
EASY,Calculator with Method Chaining,12.5,0.7695,https://leetcode.com/problems/calculator-with-method-chaining,
MEDIUM,Maximum Subarray Sum with One Deletion,12.5,0.4970,https://leetcode.com/problems/maximum-subarray-sum-with-one-deletion,"Array, Dynamic Programming"
MEDIUM,Nth Digit,12.5,0.3903,https://leetcode.com/problems/nth-digit,"Math, Binary Search"
MEDIUM,Construct Product Matrix,12.5,0.5179,https://leetcode.com/problems/construct-product-matrix,"Array, Matrix, Prefix Sum"
MEDIUM,Find the Length of the Longest Common Prefix,12.5,0.6229,https://leetcode.com/problems/find-the-length-of-the-longest-common-prefix,"Array, Hash Table, String, Trie"
EASY,Maximum Units on a Truck,12.5,0.7530,https://leetcode.com/problems/maximum-units-on-a-truck,"Array, Greedy, Sorting"
HARD,Lexicographically Smallest Generated String,12.5,0.5345,https://leetcode.com/problems/lexicographically-smallest-generated-string,"String, Greedy, String Matching"
EASY,Longest Even Odd Subarray With Threshold,12.5,0.3269,https://leetcode.com/problems/longest-even-odd-subarray-with-threshold,"Array, Sliding Window"
MEDIUM,Count Number of Maximum Bitwise-OR Subsets,12.5,0.8946,https://leetcode.com/problems/count-number-of-maximum-bitwise-or-subsets,"Array, Backtracking, Bit Manipulation, Enumeration"
HARD,Shortest Path Visiting All Nodes,12.5,0.6640,https://leetcode.com/problems/shortest-path-visiting-all-nodes,"Dynamic Programming, Bit Manipulation, Breadth-First Search, Graph Theory, Bitmask"
HARD,Count the Number of Ideal Arrays,12.5,0.5686,https://leetcode.com/problems/count-the-number-of-ideal-arrays,"Math, Dynamic Programming, Combinatorics, Number Theory, Prime Factorization, Fermat's Little Theorem"
MEDIUM,Count of Interesting Subarrays,12.5,0.5779,https://leetcode.com/problems/count-of-interesting-subarrays,"Array, Hash Table, Prefix Sum"
MEDIUM,Find the Longest Equal Subarray,12.5,0.3877,https://leetcode.com/problems/find-the-longest-equal-subarray,"Array, Hash Table, Binary Search, Sliding Window"
EASY,Degree of an Array,12.5,0.5870,https://leetcode.com/problems/degree-of-an-array,"Array, Hash Table"
HARD,Best Meeting Point,12.5,0.6146,https://leetcode.com/problems/best-meeting-point,"Array, Math, Sorting, Matrix"
MEDIUM,Count Subarrays Where Max Element Appears at Least K Times,12.5,0.6232,https://leetcode.com/problems/count-subarrays-where-max-element-appears-at-least-k-times,"Array, Sliding Window"
MEDIUM,Replace Words,12.5,0.6900,https://leetcode.com/problems/replace-words,"Array, Hash Table, String, Trie"
MEDIUM,Minimum Suffix Flips,12.5,0.7399,https://leetcode.com/problems/minimum-suffix-flips,"String, Greedy"
HARD,Put Marbles in Bags,12.5,0.7204,https://leetcode.com/problems/put-marbles-in-bags,"Array, Greedy, Sorting, Heap (Priority Queue)"
MEDIUM,Minimum Jumps to Reach Home,12.5,0.3111,https://leetcode.com/problems/minimum-jumps-to-reach-home,"Array, Hash Table, Breadth-First Search"
HARD,Jump Game IV,12.5,0.5110,https://leetcode.com/problems/jump-game-iv,"Array, Hash Table, Breadth-First Search"
MEDIUM,Zero Array Transformation I,12.5,0.5456,https://leetcode.com/problems/zero-array-transformation-i,"Array, Prefix Sum"
HARD,Count Subarrays With Majority Element II,12.5,0.6479,https://leetcode.com/problems/count-subarrays-with-majority-element-ii,"Array, Hash Table, Divide and Conquer, Segment Tree, Merge Sort, Prefix Sum"
MEDIUM,Path Existence Queries in a Graph I,12.5,0.7015,https://leetcode.com/problems/path-existence-queries-in-a-graph-i,"Array, Hash Table, Binary Search, Union-Find, Graph Theory"
MEDIUM,Lexicographically Minimum String After Removing Stars,12.5,0.5087,https://leetcode.com/problems/lexicographically-minimum-string-after-removing-stars,"Hash Table, String, Stack, Greedy, Heap (Priority Queue)"
MEDIUM,132 Pattern,12.5,0.3514,https://leetcode.com/problems/132-pattern,"Array, Binary Search, Stack, Monotonic Stack, Ordered Set"
EASY,N-th Tribonacci Number,12.5,0.6304,https://leetcode.com/problems/n-th-tribonacci-number,"Math, Dynamic Programming, Memoization"
MEDIUM,4Sum II,12.5,0.5823,https://leetcode.com/problems/4sum-ii,"Array, Hash Table"
EASY,Time Needed to Buy Tickets,12.5,0.7334,https://leetcode.com/problems/time-needed-to-buy-tickets,"Array, Queue, Simulation"
EASY,Maximum Difference Between Adjacent Elements in a Circular Array,12.5,0.7529,https://leetcode.com/problems/maximum-difference-between-adjacent-elements-in-a-circular-array,Array
MEDIUM,Equal Row and Column Pairs,12.5,0.7135,https://leetcode.com/problems/equal-row-and-column-pairs,"Array, Hash Table, Matrix, Simulation"
MEDIUM,Reschedule Meetings for Maximum Free Time II,12.5,0.6006,https://leetcode.com/problems/reschedule-meetings-for-maximum-free-time-ii,"Array, Greedy, Enumeration"
MEDIUM,Find if Array Can Be Sorted,12.5,0.6615,https://leetcode.com/problems/find-if-array-can-be-sorted,"Array, Bit Manipulation, Sorting"
EASY,Valid Boomerang,12.5,0.4034,https://leetcode.com/problems/valid-boomerang,"Array, Math, Geometry"
MEDIUM,Check If a String Contains All Binary Codes of Size K,12.5,0.6165,https://leetcode.com/problems/check-if-a-string-contains-all-binary-codes-of-size-k,"Hash Table, String, Bit Manipulation, Rolling Hash, Hash Function, Directed Acyclic Graph"
MEDIUM,Max Number of K-Sum Pairs,12.5,0.5742,https://leetcode.com/problems/max-number-of-k-sum-pairs,"Array, Hash Table, Two Pointers, Sorting"
MEDIUM,Design Browser History,12.5,0.7854,https://leetcode.com/problems/design-browser-history,"Array, Linked List, Stack, Design, Doubly-Linked List, Data Stream"
EASY,Binary Number with Alternating Bits,12.5,0.7007,https://leetcode.com/problems/binary-number-with-alternating-bits,Bit Manipulation
MEDIUM,Power Grid Maintenance,12.5,0.5591,https://leetcode.com/problems/power-grid-maintenance,"Array, Hash Table, Depth-First Search, Breadth-First Search, Union-Find, Graph Theory, Heap (Priority Queue), Ordered Set"
MEDIUM,Count Number of Bad Pairs,12.5,0.5411,https://leetcode.com/problems/count-number-of-bad-pairs,"Array, Hash Table, Math, Counting"
EASY,Transformed Array,12.5,0.7045,https://leetcode.com/problems/transformed-array,"Array, Simulation"
EASY,Valid Mountain Array,12.5,0.3584,https://leetcode.com/problems/valid-mountain-array,Array
MEDIUM,Minimum Substring Partition of Equal Character Frequency,12.5,0.4051,https://leetcode.com/problems/minimum-substring-partition-of-equal-character-frequency,"Hash Table, String, Dynamic Programming, Counting"
HARD,Largest Component Size by Common Factor,12.5,0.4401,https://leetcode.com/problems/largest-component-size-by-common-factor,"Array, Hash Table, Math, Union-Find, Number Theory, Prime Factorization"
MEDIUM,Nearest Exit from Entrance in Maze,12.5,0.4920,https://leetcode.com/problems/nearest-exit-from-entrance-in-maze,"Array, Breadth-First Search, Matrix"
EASY,Detect Capital,12.5,0.5707,https://leetcode.com/problems/detect-capital,String
HARD,Maximize Subarrays After Removing One Conflicting Pair,12.5,0.6408,https://leetcode.com/problems/maximize-subarrays-after-removing-one-conflicting-pair,"Array, Segment Tree, Enumeration, Prefix Sum"
EASY,Array Partition,12.5,0.8222,https://leetcode.com/problems/array-partition,"Array, Greedy, Sorting, Counting Sort"
EASY,Binary Tree Postorder Traversal,12.5,0.7908,https://leetcode.com/problems/binary-tree-postorder-traversal,"Stack, Tree, Depth-First Search, Binary Tree"
MEDIUM,Longest Palindrome by Concatenating Two Letter Words,12.5,0.5343,https://leetcode.com/problems/longest-palindrome-by-concatenating-two-letter-words,"Array, Hash Table, String, Greedy, Counting"
MEDIUM,Divide Array Into Arrays With Max Difference,12.5,0.7906,https://leetcode.com/problems/divide-array-into-arrays-with-max-difference,"Array, Greedy, Sorting"
MEDIUM,Maximum Number of Fish in a Grid,12.5,0.7040,https://leetcode.com/problems/maximum-number-of-fish-in-a-grid,"Array, Depth-First Search, Breadth-First Search, Union-Find, Matrix"
EASY,Count Number of Pairs With Absolute Difference K,12.5,0.8551,https://leetcode.com/problems/count-number-of-pairs-with-absolute-difference-k,"Array, Hash Table, Counting"
MEDIUM,Minimum Number of Flips to Make the Binary String Alternating,12.5,0.5368,https://leetcode.com/problems/minimum-number-of-flips-to-make-the-binary-string-alternating,"String, Dynamic Programming, Sliding Window"
MEDIUM,Maximum Number of Items From Sale I,12.5,0.3700,https://leetcode.com/problems/maximum-number-of-items-from-sale-i,"Array, Dynamic Programming, Greedy"
MEDIUM,Smallest Value of the Rearranged Number,12.5,0.5371,https://leetcode.com/problems/smallest-value-of-the-rearranged-number,"Math, Sorting"
HARD,Divide Nodes Into the Maximum Number of Groups,12.5,0.6682,https://leetcode.com/problems/divide-nodes-into-the-maximum-number-of-groups,"Depth-First Search, Breadth-First Search, Union-Find, Graph Theory"
MEDIUM,Design File System,12.5,0.6521,https://leetcode.com/problems/design-file-system,"Hash Table, String, Design, Trie"
MEDIUM,Minimum Swaps to Group All 1's Together II,12.5,0.6576,https://leetcode.com/problems/minimum-swaps-to-group-all-1s-together-ii,"Array, Sliding Window"
MEDIUM,Number of Sub-arrays of Size K and Average Greater than or Equal to Threshold,12.5,0.7441,https://leetcode.com/problems/number-of-sub-arrays-of-size-k-and-average-greater-than-or-equal-to-threshold,"Array, Sliding Window"
MEDIUM,Flip Columns For Maximum Number of Equal Rows,12.5,0.7853,https://leetcode.com/problems/flip-columns-for-maximum-number-of-equal-rows,"Array, Hash Table, Matrix"
MEDIUM,Maximum Capacity Within Budget,12.5,0.2061,https://leetcode.com/problems/maximum-capacity-within-budget,"Array, Two Pointers, Binary Search, Sorting"
MEDIUM,Partition Array into Disjoint Intervals,12.5,0.4972,https://leetcode.com/problems/partition-array-into-disjoint-intervals,Array
MEDIUM,Maximum Element After Decreasing and Rearranging,12.5,0.6916,https://leetcode.com/problems/maximum-element-after-decreasing-and-rearranging,"Array, Greedy, Sorting"
MEDIUM,3Sum Smaller,12.5,0.5140,https://leetcode.com/problems/3sum-smaller,"Array, Two Pointers, Binary Search, Sorting"
EASY,Relative Ranks,12.5,0.7526,https://leetcode.com/problems/relative-ranks,"Array, Sorting, Heap (Priority Queue)"
EASY,Sum of Root To Leaf Binary Numbers,12.5,0.7671,https://leetcode.com/problems/sum-of-root-to-leaf-binary-numbers,"Tree, Depth-First Search, Binary Tree"
MEDIUM,Maximum Distance in Arrays,12.5,0.4563,https://leetcode.com/problems/maximum-distance-in-arrays,"Array, Greedy"
EASY,Make Two Arrays Equal by Reversing Subarrays,12.5,0.7584,https://leetcode.com/problems/make-two-arrays-equal-by-reversing-subarrays,"Array, Hash Table, Sorting"
HARD,Minimum Swaps To Make Sequences Increasing,12.5,0.4198,https://leetcode.com/problems/minimum-swaps-to-make-sequences-increasing,"Array, Dynamic Programming"
MEDIUM,Minimum Number of Vertices to Reach All Nodes,12.5,0.8178,https://leetcode.com/problems/minimum-number-of-vertices-to-reach-all-nodes,"Graph Theory, Directed Acyclic Graph"
EASY,Cells with Odd Values in a Matrix,12.5,0.7999,https://leetcode.com/problems/cells-with-odd-values-in-a-matrix,"Array, Math, Simulation"
MEDIUM,Regions Cut By Slashes,12.5,0.7756,https://leetcode.com/problems/regions-cut-by-slashes,"Array, Hash Table, Depth-First Search, Breadth-First Search, Union-Find, Matrix, Planar Graph"
MEDIUM,Course Schedule IV,12.5,0.6042,https://leetcode.com/problems/course-schedule-iv,"Depth-First Search, Breadth-First Search, Graph Theory, Topological Sort"
EASY,Find the Town Judge,12.5,0.5112,https://leetcode.com/problems/find-the-town-judge,"Array, Hash Table, Graph Theory"
MEDIUM,Longest Square Streak in an Array,12.5,0.5313,https://leetcode.com/problems/longest-square-streak-in-an-array,"Array, Hash Table, Binary Search, Dynamic Programming, Sorting"
MEDIUM,Design A Leaderboard,12.5,0.6800,https://leetcode.com/problems/design-a-leaderboard,"Hash Table, Design, Sorting"
HARD,Non-negative Integers without Consecutive Ones,12.5,0.4344,https://leetcode.com/problems/non-negative-integers-without-consecutive-ones,Dynamic Programming
MEDIUM,Partition Array for Maximum Sum,12.5,0.7758,https://leetcode.com/problems/partition-array-for-maximum-sum,"Array, Dynamic Programming"
MEDIUM,Number of Longest Increasing Subsequence,12.5,0.5277,https://leetcode.com/problems/number-of-longest-increasing-subsequence,"Array, Dynamic Programming, Binary Indexed Tree, Segment Tree, Longest Increasing Subsequence"
HARD,Prefix and Suffix Search,12.5,0.4118,https://leetcode.com/problems/prefix-and-suffix-search,"Array, Hash Table, String, Design, Trie"
MEDIUM,Finding Pairs With a Certain Sum,12.5,0.6153,https://leetcode.com/problems/finding-pairs-with-a-certain-sum,"Array, Hash Table, Design"
MEDIUM,Range Sum Query - Mutable,12.5,0.4383,https://leetcode.com/problems/range-sum-query-mutable,"Array, Divide and Conquer, Design, Binary Indexed Tree, Segment Tree, Sqrt Decomposition"
MEDIUM,Implement Trie II (Prefix Tree),12.5,0.6352,https://leetcode.com/problems/implement-trie-ii-prefix-tree,"Hash Table, String, Design, Trie"
MEDIUM,First Completely Painted Row or Column,12.5,0.6359,https://leetcode.com/problems/first-completely-painted-row-or-column,"Array, Hash Table, Matrix"
MEDIUM,Count the Number of Fair Pairs,12.5,0.5256,https://leetcode.com/problems/count-the-number-of-fair-pairs,"Array, Two Pointers, Binary Search, Sorting"
MEDIUM,Last Stone Weight II,12.5,0.6094,https://leetcode.com/problems/last-stone-weight-ii,"Array, Dynamic Programming, Knapsack Problem, 0-1 Knapsack"
MEDIUM,Maximum Energy Boost From Two Drinks,12.5,0.5008,https://leetcode.com/problems/maximum-energy-boost-from-two-drinks,"Array, Dynamic Programming"
EASY,Score of a String,12.5,0.9122,https://leetcode.com/problems/score-of-a-string,String
MEDIUM,Minimum Cost to Convert String I,12.5,0.6299,https://leetcode.com/problems/minimum-cost-to-convert-string-i,"Array, String, Graph Theory, Shortest Path"
MEDIUM,Employee Importance,12.5,0.6983,https://leetcode.com/problems/employee-importance,"Array, Hash Table, Tree, Depth-First Search, Breadth-First Search"
MEDIUM,Time Needed to Inform All Employees,12.5,0.6061,https://leetcode.com/problems/time-needed-to-inform-all-employees,"Tree, Depth-First Search, Breadth-First Search"
MEDIUM,Ways to Express an Integer as Sum of Powers,12.5,0.4980,https://leetcode.com/problems/ways-to-express-an-integer-as-sum-of-powers,Dynamic Programming
EASY,Unique Email Addresses,12.0,0.6799,https://leetcode.com/problems/unique-email-addresses,"Array, Hash Table, String"
HARD,Find the Number of Subsequences With Equal GCD,12.0,0.6629,https://leetcode.com/problems/find-the-number-of-subsequences-with-equal-gcd,"Array, Math, Dynamic Programming, Number Theory, Euclidean Algorithm, Greatest Common Divisor"
EASY,Smallest Divisible Digit Product I,12.0,0.7276,https://leetcode.com/problems/smallest-divisible-digit-product-i,"Math, Enumeration"
HARD,Longest Substring of One Repeating Character,12.0,0.6551,https://leetcode.com/problems/longest-substring-of-one-repeating-character,"Array, String, Segment Tree, Ordered Set"
MEDIUM,Stone Game II,12.0,0.7569,https://leetcode.com/problems/stone-game-ii,"Array, Math, Dynamic Programming, Minimax, Prefix Sum, Game Theory, Zero-Sum Game"
EASY,Maximum Product of Two Elements in an Array,12.0,0.8496,https://leetcode.com/problems/maximum-product-of-two-elements-in-an-array,"Array, Sorting, Heap (Priority Queue)"
HARD,Course Schedule III,7.3,0.4223,https://leetcode.com/problems/course-schedule-iii,"Array, Greedy, Sorting, Heap (Priority Queue)"
HARD,Count Paths That Can Form a Palindrome in a Tree,7.3,0.5238,https://leetcode.com/problems/count-paths-that-can-form-a-palindrome-in-a-tree,"Hash Table, Bit Manipulation, Tree, Depth-First Search"
MEDIUM,Find All Possible Stable Binary Arrays I,7.3,0.5342,https://leetcode.com/problems/find-all-possible-stable-binary-arrays-i,"Dynamic Programming, Prefix Sum"
EASY,Maximum Value of an Ordered Triplet I,7.3,0.5808,https://leetcode.com/problems/maximum-value-of-an-ordered-triplet-i,"Array, Prefix Sum"
MEDIUM,Maximum Tastiness of Candy Basket,7.3,0.6881,https://leetcode.com/problems/maximum-tastiness-of-candy-basket,"Array, Binary Search, Greedy, Sorting"
MEDIUM,Destroying Asteroids,7.3,0.5985,https://leetcode.com/problems/destroying-asteroids,"Array, Greedy, Sorting"
MEDIUM,Maximize Active Section with Trade I,7.3,0.6064,https://leetcode.com/problems/maximize-active-section-with-trade-i,"String, Enumeration"
MEDIUM,Maximum Number of Coins You Can Get,7.3,0.8488,https://leetcode.com/problems/maximum-number-of-coins-you-can-get,"Array, Math, Greedy, Sorting, Game Theory"
HARD,Find the K-Sum of an Array,7.3,0.4202,https://leetcode.com/problems/find-the-k-sum-of-an-array,"Array, Sorting, Heap (Priority Queue)"
MEDIUM,Non-decreasing Subsequences,7.3,0.6316,https://leetcode.com/problems/non-decreasing-subsequences,"Array, Hash Table, Backtracking, Bit Manipulation"
MEDIUM,Can I Win,7.3,0.3183,https://leetcode.com/problems/can-i-win,"Math, Dynamic Programming, Bit Manipulation, Memoization, Game Theory, Bitmask"
MEDIUM,Sum of GCD of Formed Pairs,7.3,0.7463,https://leetcode.com/problems/sum-of-gcd-of-formed-pairs,"Array, Math, Two Pointers, Sorting, Simulation, Number Theory"
MEDIUM,Shifting Letters II,7.3,0.5389,https://leetcode.com/problems/shifting-letters-ii,"Array, String, Prefix Sum"
HARD,Process String with Special Operations II,7.3,0.3971,https://leetcode.com/problems/process-string-with-special-operations-ii,"String, Simulation"
EASY,Biggest Single Number,7.3,0.7228,https://leetcode.com/problems/biggest-single-number,Database
EASY,Minimum Operations to Make the Array Increasing,7.3,0.8248,https://leetcode.com/problems/minimum-operations-to-make-the-array-increasing,"Array, Greedy"
MEDIUM,Mice and Cheese,7.3,0.4908,https://leetcode.com/problems/mice-and-cheese,"Array, Greedy, Sorting, Heap (Priority Queue)"
MEDIUM,Group the People Given the Group Size They Belong To,7.3,0.8754,https://leetcode.com/problems/group-the-people-given-the-group-size-they-belong-to,"Array, Hash Table, Greedy"
MEDIUM,Smallest Subsequence of Distinct Characters,7.3,0.7064,https://leetcode.com/problems/smallest-subsequence-of-distinct-characters,"String, Stack, Greedy, Monotonic Stack"
MEDIUM,Get Watched Videos by Your Friends,7.3,0.5429,https://leetcode.com/problems/get-watched-videos-by-your-friends,"Array, Hash Table, Breadth-First Search, Graph Theory, Sorting"
MEDIUM,Brightest Position on Street,7.3,0.6060,https://leetcode.com/problems/brightest-position-on-street,"Array, Sorting, Prefix Sum, Ordered Set"
EASY,Fair Candy Swap,7.3,0.6572,https://leetcode.com/problems/fair-candy-swap,"Array, Hash Table, Binary Search, Sorting"
MEDIUM,Longest Word in Dictionary,7.3,0.5548,https://leetcode.com/problems/longest-word-in-dictionary,"Array, Hash Table, String, Trie, Sorting"
MEDIUM,Number of Unique XOR Triplets I,7.3,0.5754,https://leetcode.com/problems/number-of-unique-xor-triplets-i,"Array, Math, Bit Manipulation"
HARD,Minimum Falling Path Sum II,7.3,0.6292,https://leetcode.com/problems/minimum-falling-path-sum-ii,"Array, Dynamic Programming, Matrix"
EASY,Apply Operations to an Array,7.3,0.7474,https://leetcode.com/problems/apply-operations-to-an-array,"Array, Two Pointers, Simulation"
MEDIUM,Best Team With No Conflicts,7.3,0.5089,https://leetcode.com/problems/best-team-with-no-conflicts,"Array, Dynamic Programming, Sorting, Longest Increasing Subsequence"
EASY,Find the Distinct Difference Array,7.3,0.7697,https://leetcode.com/problems/find-the-distinct-difference-array,"Array, Hash Table"
EASY,Make The String Great,7.3,0.6875,https://leetcode.com/problems/make-the-string-great,"String, Stack"
HARD,Arithmetic Slices II - Subsequence,7.3,0.5530,https://leetcode.com/problems/arithmetic-slices-ii-subsequence,"Array, Dynamic Programming"
MEDIUM,Trim a Binary Search Tree,0.0,0.6687,https://leetcode.com/problems/trim-a-binary-search-tree,"Tree, Depth-First Search, Binary Search Tree, Binary Tree"
HARD,Max Stack,0.0,0.4605,https://leetcode.com/problems/max-stack,"Linked List, Stack, Design, Doubly-Linked List, Ordered Set"
HARD,Concatenated Words,0.0,0.5000,https://leetcode.com/problems/concatenated-words,"Array, String, Dynamic Programming, Depth-First Search, Trie, Sorting"
MEDIUM,Android Unlock Patterns,0.0,0.5425,https://leetcode.com/problems/android-unlock-patterns,"Dynamic Programming, Backtracking, Bit Manipulation, Bitmask"
HARD,Rearrange String k Distance Apart,0.0,0.4003,https://leetcode.com/problems/rearrange-string-k-distance-apart,"Hash Table, String, Greedy, Sorting, Heap (Priority Queue), Counting"
MEDIUM,Knight Dialer,0.0,0.6220,https://leetcode.com/problems/knight-dialer,Dynamic Programming
HARD,Read N Characters Given read4 II - Call Multiple Times,0.0,0.4337,https://leetcode.com/problems/read-n-characters-given-read4-ii-call-multiple-times,"Array, Simulation, Interactive"
HARD,Maximum Vacation Days,0.0,0.4683,https://leetcode.com/problems/maximum-vacation-days,"Array, Dynamic Programming, Matrix"
MEDIUM,Peeking Iterator,0.0,0.6200,https://leetcode.com/problems/peeking-iterator,"Array, Design, Iterator"
MEDIUM,Number of Connected Components in an Undirected Graph,0.0,0.6516,https://leetcode.com/problems/number-of-connected-components-in-an-undirected-graph,"Depth-First Search, Breadth-First Search, Union-Find, Graph Theory"
MEDIUM,Wiggle Sort,0.0,0.6850,https://leetcode.com/problems/wiggle-sort,"Array, Greedy, Sorting"
MEDIUM,Maximize Distance to Closest Person,0.0,0.5009,https://leetcode.com/problems/maximize-distance-to-closest-person,Array
MEDIUM,Minimum Insertions to Balance a Parentheses String,0.0,0.5373,https://leetcode.com/problems/minimum-insertions-to-balance-a-parentheses-string,"String, Stack, Greedy, Bracket Sequences"
EASY,Read N Characters Given Read4,0.0,0.4263,https://leetcode.com/problems/read-n-characters-given-read4,"Array, Simulation, Interactive"
MEDIUM,Find Leaves of Binary Tree,0.0,0.8138,https://leetcode.com/problems/find-leaves-of-binary-tree,"Tree, Depth-First Search, Binary Tree, DP on Trees"
MEDIUM,Count Univalue Subtrees,0.0,0.5761,https://leetcode.com/problems/count-univalue-subtrees,"Tree, Depth-First Search, Binary Tree, DP on Trees"
MEDIUM,Lonely Pixel I,0.0,0.6272,https://leetcode.com/problems/lonely-pixel-i,"Array, Hash Table, Matrix"
MEDIUM,Matchsticks to Square,0.0,0.4234,https://leetcode.com/problems/matchsticks-to-square,"Array, Dynamic Programming, Backtracking, Bit Manipulation, Bitmask"
MEDIUM,Furthest Building You Can Reach,0.0,0.5117,https://leetcode.com/problems/furthest-building-you-can-reach,"Array, Greedy, Heap (Priority Queue)"
MEDIUM,Monotone Increasing Digits,0.0,0.5008,https://leetcode.com/problems/monotone-increasing-digits,"Math, Greedy"
MEDIUM,Linked List Random Node,0.0,0.6524,https://leetcode.com/problems/linked-list-random-node,"Linked List, Math, Reservoir Sampling, Randomized"
HARD,Super Washing Machines,0.0,0.4556,https://leetcode.com/problems/super-washing-machines,"Array, Greedy"
MEDIUM,Check if Number is a Sum of Powers of Three,0.0,0.7941,https://leetcode.com/problems/check-if-number-is-a-sum-of-powers-of-three,Math
MEDIUM,Linked List in Binary Tree,0.0,0.5204,https://leetcode.com/problems/linked-list-in-binary-tree,"Linked List, Tree, Depth-First Search, Binary Tree"
MEDIUM,Reverse Substrings Between Each Pair of Parentheses,0.0,0.7212,https://leetcode.com/problems/reverse-substrings-between-each-pair-of-parentheses,"String, Stack, Bracket Sequences"
MEDIUM,Delete Nodes And Return Forest,0.0,0.7250,https://leetcode.com/problems/delete-nodes-and-return-forest,"Array, Hash Table, Tree, Depth-First Search, Binary Tree"
HARD,Data Stream as Disjoint Intervals,0.0,0.6066,https://leetcode.com/problems/data-stream-as-disjoint-intervals,"Hash Table, Binary Search, Union-Find, Design, Data Stream, Ordered Set"
MEDIUM,Sort the Matrix Diagonally,0.0,0.8328,https://leetcode.com/problems/sort-the-matrix-diagonally,"Array, Sorting, Matrix"
HARD,Decode Ways II,0.0,0.3229,https://leetcode.com/problems/decode-ways-ii,"String, Dynamic Programming"
MEDIUM,Longest Univalue Path,0.0,0.4451,https://leetcode.com/problems/longest-univalue-path,"Tree, Depth-First Search, Binary Tree, DP on Trees"
MEDIUM,Maximum Number of Eaten Apples,0.0,0.4437,https://leetcode.com/problems/maximum-number-of-eaten-apples,"Array, Greedy, Heap (Priority Queue)"
MEDIUM,Find Original Array From Doubled Array,0.0,0.4094,https://leetcode.com/problems/find-original-array-from-doubled-array,"Array, Hash Table, Greedy, Sorting"
EASY,Check If It Is a Straight Line,0.0,0.4034,https://leetcode.com/problems/check-if-it-is-a-straight-line,"Array, Math, Geometry"
MEDIUM,Map of Highest Peak,0.0,0.7628,https://leetcode.com/problems/map-of-highest-peak,"Array, Breadth-First Search, Matrix"
EASY,Minimum Distance Between BST Nodes,0.0,0.6190,https://leetcode.com/problems/minimum-distance-between-bst-nodes,"Tree, Depth-First Search, Breadth-First Search, Binary Search Tree, Binary Tree"
MEDIUM,Max Consecutive Ones II,0.0,0.5217,https://leetcode.com/problems/max-consecutive-ones-ii,"Array, Dynamic Programming, Sliding Window"
MEDIUM,Valid Square,0.0,0.4557,https://leetcode.com/problems/valid-square,"Math, Geometry"
EASY,Generate a String With Characters That Have Odd Counts,0.0,0.7865,https://leetcode.com/problems/generate-a-string-with-characters-that-have-odd-counts,String
EASY,Maximum Number of Balls in a Box,0.0,0.7502,https://leetcode.com/problems/maximum-number-of-balls-in-a-box,"Hash Table, Math, Counting"
EASY,Maximum Depth of N-ary Tree,0.0,0.7383,https://leetcode.com/problems/maximum-depth-of-n-ary-tree,"Tree, Depth-First Search, Breadth-First Search"
MEDIUM,Making File Names Unique,0.0,0.3897,https://leetcode.com/problems/making-file-names-unique,"Array, Hash Table, String"
MEDIUM,Minimum Operations to Make Array Equal,0.0,0.8294,https://leetcode.com/problems/minimum-operations-to-make-array-equal,Math
EASY,Design HashSet,0.0,0.6840,https://leetcode.com/problems/design-hashset,"Array, Hash Table, Linked List, Design, Hash Function"
MEDIUM,Equal Sum Arrays With Minimum Number of Operations,0.0,0.5493,https://leetcode.com/problems/equal-sum-arrays-with-minimum-number-of-operations,"Array, Hash Table, Greedy, Counting"
EASY,DI String Match,0.0,0.8138,https://leetcode.com/problems/di-string-match,"Array, Two Pointers, String, Greedy"
MEDIUM,Closest Dessert Cost,0.0,0.4907,https://leetcode.com/problems/closest-dessert-cost,"Array, Dynamic Programming, Backtracking, Knapsack Problem, Mixed Knapsack"
MEDIUM,The Maze II,0.0,0.5524,https://leetcode.com/problems/the-maze-ii,"Array, Depth-First Search, Breadth-First Search, Graph Theory, Heap (Priority Queue), Matrix, Shortest Path, Dijkstra's Algorithm, Heuristic Search, A* Search"
MEDIUM,Inorder Successor in BST II,0.0,0.6111,https://leetcode.com/problems/inorder-successor-in-bst-ii,"Tree, Binary Search Tree, Binary Tree"
MEDIUM,Knight Probability in Chessboard,0.0,0.5732,https://leetcode.com/problems/knight-probability-in-chessboard,Dynamic Programming
MEDIUM,Swap For Longest Repeated Character Substring,0.0,0.4511,https://leetcode.com/problems/swap-for-longest-repeated-character-substring,"Hash Table, String, Sliding Window"
MEDIUM,Insert into a Sorted Circular Linked List,0.0,0.3859,https://leetcode.com/problems/insert-into-a-sorted-circular-linked-list,Linked List
MEDIUM,Find And Replace in String,0.0,0.5070,https://leetcode.com/problems/find-and-replace-in-string,"Array, Hash Table, String, Sorting"
EASY,Distribute Candies,0.0,0.7169,https://leetcode.com/problems/distribute-candies,"Array, Hash Table"
MEDIUM,Number of Dice Rolls With Target Sum,0.0,0.6268,https://leetcode.com/problems/number-of-dice-rolls-with-target-sum,Dynamic Programming
MEDIUM,Minimum Cost to Connect Sticks,0.0,0.7210,https://leetcode.com/problems/minimum-cost-to-connect-sticks,"Array, Greedy, Heap (Priority Queue)"
MEDIUM,Circular Array Loop,0.0,0.3855,https://leetcode.com/problems/circular-array-loop,"Array, Hash Table, Two Pointers, Floyd's Cycle Finding Algorithm"
MEDIUM,Search in a Sorted Array of Unknown Size,0.0,0.7317,https://leetcode.com/problems/search-in-a-sorted-array-of-unknown-size,"Array, Binary Search, Interactive"
MEDIUM,One Edit Distance,0.0,0.3459,https://leetcode.com/problems/one-edit-distance,"Two Pointers, String"
MEDIUM,Design Phone Directory,0.0,0.5324,https://leetcode.com/problems/design-phone-directory,"Array, Hash Table, Linked List, Design, Queue"
MEDIUM,Zigzag Iterator,0.0,0.6718,https://leetcode.com/problems/zigzag-iterator,"Array, Design, Queue, Iterator"
MEDIUM,Palindrome Permutation II,0.0,0.4240,https://leetcode.com/problems/palindrome-permutation-ii,"Hash Table, String, Backtracking"
HARD,Longest Duplicate Substring,0.0,0.3148,https://leetcode.com/problems/longest-duplicate-substring,"String, Binary Search, Sliding Window, Rolling Hash, Suffix Array, Hash Function, Suffix Automaton, Suffix Tree, Z Algorithm, Boyer–Moore String-Search Algorithm"
MEDIUM,Arithmetic Slices,0.0,0.6492,https://leetcode.com/problems/arithmetic-slices,"Array, Dynamic Programming, Sliding Window"
MEDIUM,Integer Replacement,0.0,0.3807,https://leetcode.com/problems/integer-replacement,"Dynamic Programming, Greedy, Bit Manipulation, Memoization"
HARD,Encode N-ary Tree to Binary Tree,0.0,0.8075,https://leetcode.com/problems/encode-n-ary-tree-to-binary-tree,"Tree, Depth-First Search, Breadth-First Search, Design, Binary Tree"
HARD,Minimum Window Subsequence,0.0,0.4388,https://leetcode.com/problems/minimum-window-subsequence,"String, Dynamic Programming, Sliding Window"
MEDIUM,Longest Repeating Substring,0.0,0.6345,https://leetcode.com/problems/longest-repeating-substring,"String, Binary Search, Dynamic Programming, Rolling Hash, Suffix Array, Hash Function, Suffix Automaton, Suffix Tree"
MEDIUM,Parallel Courses,0.0,0.6241,https://leetcode.com/problems/parallel-courses,"Graph Theory, Topological Sort, Directed Acyclic Graph"
MEDIUM,Next Closest Time,0.0,0.4704,https://leetcode.com/problems/next-closest-time,"Hash Table, String, Backtracking, Enumeration"
MEDIUM,Pancake Sorting,0.0,0.7197,https://leetcode.com/problems/pancake-sorting,"Array, Two Pointers, Greedy, Sorting"
HARD,K Empty Slots,0.0,0.3803,https://leetcode.com/problems/k-empty-slots,"Array, Binary Indexed Tree, Segment Tree, Queue, Sliding Window, Heap (Priority Queue), Ordered Set, Monotonic Queue"
MEDIUM,Range Sum Query 2D - Mutable,0.0,0.4596,https://leetcode.com/problems/range-sum-query-2d-mutable,"Array, Design, Binary Indexed Tree, Segment Tree, Matrix, Sqrt Decomposition"
EASY,1-bit and 2-bit Characters,0.0,0.4974,https://leetcode.com/problems/1-bit-and-2-bit-characters,Array
MEDIUM,Bulls and Cows,0.0,0.5304,https://leetcode.com/problems/bulls-and-cows,"Hash Table, String, Counting"
HARD,Expression Add Operators,0.0,0.4386,https://leetcode.com/problems/expression-add-operators,"Math, String, Backtracking"
HARD,Number of Islands II,0.0,0.4076,https://leetcode.com/problems/number-of-islands-ii,"Array, Hash Table, Union-Find"
MEDIUM,Shortest Distance in a Plane,0.0,0.6090,https://leetcode.com/problems/shortest-distance-in-a-plane,"Database, Nearest Pair of Points"
EASY,Second Minimum Node In a Binary Tree,0.0,0.4640,https://leetcode.com/problems/second-minimum-node-in-a-binary-tree,"Tree, Depth-First Search, Binary Tree"
MEDIUM,Sparse Matrix Multiplication,0.0,0.6938,https://leetcode.com/problems/sparse-matrix-multiplication,"Array, Hash Table, Matrix, Linear Algebra"
MEDIUM,Queue Reconstruction by Height,0.0,0.7507,https://leetcode.com/problems/queue-reconstruction-by-height,"Array, Binary Indexed Tree, Segment Tree, Sorting"
MEDIUM,Binary Search Tree to Greater Sum Tree,0.0,0.8844,https://leetcode.com/problems/binary-search-tree-to-greater-sum-tree,"Tree, Depth-First Search, Binary Search Tree, Binary Tree"
MEDIUM,Print Zero Even Odd,0.0,0.6628,https://leetcode.com/problems/print-zero-even-odd,Concurrency
MEDIUM,Path In Zigzag Labelled Binary Tree,0.0,0.7587,https://leetcode.com/problems/path-in-zigzag-labelled-binary-tree,"Math, Tree, Binary Tree"
MEDIUM,Implement Magic Dictionary,0.0,0.5824,https://leetcode.com/problems/implement-magic-dictionary,"Hash Table, String, Depth-First Search, Design, Trie"
MEDIUM,Binary Tree Coloring Game,0.0,0.5317,https://leetcode.com/problems/binary-tree-coloring-game,"Tree, Depth-First Search, Binary Tree"
EASY,Uncommon Words from Two Sentences,0.0,0.7587,https://leetcode.com/problems/uncommon-words-from-two-sentences,"Hash Table, String, Counting"
EASY,Verifying an Alien Dictionary,0.0,0.5615,https://leetcode.com/problems/verifying-an-alien-dictionary,"Array, Hash Table, String"
EASY,Relative Sort Array,0.0,0.7547,https://leetcode.com/problems/relative-sort-array,"Array, Hash Table, Sorting, Counting Sort, Quicksort, Bubble Sort"
EASY,Longest Continuous Increasing Subsequence,0.0,0.5246,https://leetcode.com/problems/longest-continuous-increasing-subsequence,Array
EASY,Monotonic Array,0.0,0.6270,https://leetcode.com/problems/monotonic-array,Array
MEDIUM,Numbers With Same Consecutive Differences,0.0,0.5937,https://leetcode.com/problems/numbers-with-same-consecutive-differences,"Backtracking, Breadth-First Search"
MEDIUM,Removing Minimum Number of Magic Beans,0.0,0.4504,https://leetcode.com/problems/removing-minimum-number-of-magic-beans,"Array, Greedy, Sorting, Enumeration, Prefix Sum"
HARD,Stream of Characters,0.0,0.5293,https://leetcode.com/problems/stream-of-characters,"Array, String, Design, Trie, Data Stream, Aho–Corasick Algorithm"
EASY,Buy Two Chocolates,0.0,0.6845,https://leetcode.com/problems/buy-two-chocolates,"Array, Greedy, Sorting"
MEDIUM,Maximum Length of Pair Chain,0.0,0.6221,https://leetcode.com/problems/maximum-length-of-pair-chain,"Array, Dynamic Programming, Greedy, Sorting, Longest Increasing Subsequence"
MEDIUM,Satisfiability of Equality Equations,0.0,0.5223,https://leetcode.com/problems/satisfiability-of-equality-equations,"Array, String, Union-Find, Graph Theory"
MEDIUM,Step-By-Step Directions From a Binary Tree Node to Another,0.0,0.5651,https://leetcode.com/problems/step-by-step-directions-from-a-binary-tree-node-to-another,"String, Tree, Depth-First Search, Binary Tree, Binary Lifting, Lowest Common Ancestor"
MEDIUM,All Paths From Source to Target,0.0,0.8381,https://leetcode.com/problems/all-paths-from-source-to-target,"Backtracking, Depth-First Search, Breadth-First Search, Graph Theory, Directed Acyclic Graph"
MEDIUM,Maximum Number of Non-Overlapping Subarrays With Sum Equals Target,0.0,0.4945,https://leetcode.com/problems/maximum-number-of-non-overlapping-subarrays-with-sum-equals-target,"Array, Hash Table, Greedy, Prefix Sum"
HARD,Parallel Courses II,0.0,0.3154,https://leetcode.com/problems/parallel-courses-ii,"Dynamic Programming, Bit Manipulation, Graph Theory, Bitmask, Directed Acyclic Graph"
MEDIUM,Minimum Number of Food Buckets to Feed the Hamsters,0.0,0.4851,https://leetcode.com/problems/minimum-number-of-food-buckets-to-feed-the-hamsters,"String, Dynamic Programming, Greedy"
MEDIUM,Ways to Split Array Into Three Subarrays,0.0,0.3467,https://leetcode.com/problems/ways-to-split-array-into-three-subarrays,"Array, Two Pointers, Binary Search, Prefix Sum"
MEDIUM,Maximum Product of the Length of Two Palindromic Subsequences,0.0,0.6287,https://leetcode.com/problems/maximum-product-of-the-length-of-two-palindromic-subsequences,"String, Dynamic Programming, Backtracking, Bit Manipulation, Bitmask"
MEDIUM,Tree Node,0.0,0.7658,https://leetcode.com/problems/tree-node,Database
EASY,Buddy Strings,0.0,0.3427,https://leetcode.com/problems/buddy-strings,"Hash Table, String"
MEDIUM,Image Overlap,0.0,0.7086,https://leetcode.com/problems/image-overlap,"Array, Matrix"
HARD,Maximum Value of K Coins From Piles,0.0,0.6052,https://leetcode.com/problems/maximum-value-of-k-coins-from-piles,"Array, Dynamic Programming, Prefix Sum"
EASY,Minimum Absolute Difference in BST,0.0,0.5975,https://leetcode.com/problems/minimum-absolute-difference-in-bst,"Tree, Depth-First Search, Breadth-First Search, Binary Search Tree, Binary Tree"
MEDIUM,Find All Possible Recipes from Given Supplies,0.0,0.5716,https://leetcode.com/problems/find-all-possible-recipes-from-given-supplies,"Array, Hash Table, String, Graph Theory, Topological Sort, Directed Acyclic Graph"
MEDIUM,Flip String to Monotone Increasing,0.0,0.6196,https://leetcode.com/problems/flip-string-to-monotone-increasing,"String, Dynamic Programming"
HARD,String Transforms Into Another String,0.0,0.3463,https://leetcode.com/problems/string-transforms-into-another-string,"Hash Table, String, Graph Theory"
MEDIUM,Minimum Number of Work Sessions to Finish the Tasks,0.0,0.3545,https://leetcode.com/problems/minimum-number-of-work-sessions-to-finish-the-tasks,"Array, Dynamic Programming, Backtracking, Bit Manipulation, Bitmask"
MEDIUM,Maximum Sum of Two Non-Overlapping Subarrays,0.0,0.6152,https://leetcode.com/problems/maximum-sum-of-two-non-overlapping-subarrays,"Array, Dynamic Programming, Sliding Window"
MEDIUM,Longest Arithmetic Subsequence of Given Difference,0.0,0.5431,https://leetcode.com/problems/longest-arithmetic-subsequence-of-given-difference,"Array, Hash Table, Dynamic Programming"
MEDIUM,Restore the Array From Adjacent Pairs,0.0,0.7519,https://leetcode.com/problems/restore-the-array-from-adjacent-pairs,"Array, Hash Table, Depth-First Search"
MEDIUM,Find Distance in a Binary Tree,0.0,0.7438,https://leetcode.com/problems/find-distance-in-a-binary-tree,"Hash Table, Tree, Depth-First Search, Breadth-First Search, Binary Tree, Binary Lifting, Lowest Common Ancestor"
MEDIUM,Total Hamming Distance,0.0,0.5557,https://leetcode.com/problems/total-hamming-distance,"Array, Math, Bit Manipulation"
